asmid	method	bioproject	contigs	call
GCA_001049995.1_VPCI_479_P_13	Velvet	PRJEB9463	825	A
GCA_046254435.1_ASM4625443v1	SPAdes v. 3.15.4	PRJNA1164417	154	A
GCA_046254405.1_ASM4625440v1	SPAdes v. 3.15.4	PRJNA1164417	162	A
GCA_046254375.1_ASM4625437v1	SPAdes v. 3.15.4	PRJNA1164417	214	A
GCA_046254355.1_ASM4625435v1	SPAdes v. 3.15.4	PRJNA1164417	192	A
GCA_059630025.1_MRSN101498	Shovill v. 1.0.9	PRJNA1473289	41	A
GCA_046254265.1_ASM4625426v1	SPAdes v. 3.15.4	PRJNA1164417	212	A
GCA_046254305.1_ASM4625430v1	SPAdes v. 3.15.4	PRJNA1164417	222	A
GCA_046254295.1_ASM4625429v1	SPAdes v. 3.15.4	PRJNA1164417	194	A
GCA_046254225.1_ASM4625422v1	SPAdes v. 3.15.4	PRJNA1164417	217	A
GCA_046254205.1_ASM4625420v1	SPAdes v. 3.15.4	PRJNA1164417	218	A
GCA_046254165.1_ASM4625416v1	SPAdes v. 3.15.4	PRJNA1164417	179	A
GCA_046254135.1_ASM4625413v1	SPAdes v. 3.15.4	PRJNA1164417	205	A
GCA_046254115.1_ASM4625411v1	SPAdes v. 3.15.4	PRJNA1164417	209	A
GCA_046254055.1_ASM4625405v1	SPAdes v. 3.15.4	PRJNA1164417	212	A
GCA_046254025.1_ASM4625402v1	SPAdes v. 3.15.4	PRJNA1164417	168	A
GCA_046254075.1_ASM4625407v1	SPAdes v. 3.15.4	PRJNA1164417	246	A
GCA_046253995.1_ASM4625399v1	SPAdes v. 3.15.4	PRJNA1164417	233	A
GCA_046253955.1_ASM4625395v1	SPAdes v. 3.15.4	PRJNA1164417	219	A
GCA_046253895.1_ASM4625389v1	SPAdes v. 3.15.4	PRJNA1164417	226	A
GCA_046253925.1_ASM4625392v1	SPAdes v. 3.15.4	PRJNA1164417	232	A
GCA_046253845.1_ASM4625384v1	SPAdes v. 3.15.4	PRJNA1164417	208	A
GCA_046253875.1_ASM4625387v1	SPAdes v. 3.15.4	PRJNA1164417	209	A
GCA_046253815.1_ASM4625381v1	SPAdes v. 3.15.4	PRJNA1164417	208	A
GCA_046253775.1_ASM4625377v1	SPAdes v. 3.15.4	PRJNA1164417	203	A
GCA_046253715.1_ASM4625371v1	SPAdes v. 3.15.4	PRJNA1164417	216	A
GCA_027886145.1_ASM2788614v1	BWA-MEM v. 0.7.17	PRJNA865124	88	A
GCA_046253755.1_ASM4625375v1	SPAdes v. 3.15.4	PRJNA1164417	174	A
GCA_046253665.1_ASM4625366v1	SPAdes v. 3.15.4	PRJNA1164417	217	A
GCA_059630005.1_MRSN120660	Shovill v. 1.0.9	PRJNA1473289	53	A
GCA_046253685.1_ASM4625368v1	SPAdes v. 3.15.4	PRJNA1164417	220	A
GCA_046253635.1_ASM4625363v1	SPAdes v. 3.15.4	PRJNA1164417	213	A
GCA_046253535.1_ASM4625353v1	SPAdes v. 3.15.4	PRJNA1164417	212	A
GCA_046253555.1_ASM4625355v1	SPAdes v. 3.15.4	PRJNA1164417	186	A
GCA_046253575.1_ASM4625357v1	SPAdes v. 3.15.4	PRJNA1164417	209	A
GCA_046253505.1_ASM4625350v1	SPAdes v. 3.15.4	PRJNA1164417	203	A
GCA_046253485.1_ASM4625348v1	SPAdes v. 3.15.4	PRJNA1164417	262	A
GCA_046253445.1_ASM4625344v1	SPAdes v. 3.15.4	PRJNA1164417	206	A
GCA_059629965.1_MRSN128594	Shovill v. 1.0.9	PRJNA1473289	66	A
GCA_046253425.1_ASM4625342v1	SPAdes v. 3.15.4	PRJNA1164417	209	A
GCA_046253375.1_ASM4625337v1	SPAdes v. 3.15.4	PRJNA1164417	155	A
GCA_046253335.1_ASM4625333v1	SPAdes v. 3.15.4	PRJNA1164417	217	A
GCA_046253355.1_ASM4625335v1	SPAdes v. 3.15.4	PRJNA1164417	213	A
GCA_059629975.1_MRSN131378	Shovill v. 1.0.9	PRJNA1473289	64	alpha
GCA_046253305.1_ASM4625330v1	SPAdes v. 3.15.4	PRJNA1164417	345	A
GCA_059629945.1_MRSN132716	Shovill v. 1.0.9	PRJNA1473289	71	alpha
GCA_046253275.1_ASM4625327v1	SPAdes v. 3.15.4	PRJNA1164417	210	A
GCA_046253235.1_ASM4625323v1	SPAdes v. 3.15.4	PRJNA1164417	196	A
GCA_059629915.1_MRSN134489	Shovill v. 1.0.9	PRJNA1473289	62	alpha
GCA_046253205.1_ASM4625320v1	SPAdes v. 3.15.4	PRJNA1164417	244	A
GCA_046253185.1_ASM4625318v1	SPAdes v. 3.15.4	PRJNA1164417	217	A
GCA_046253105.1_ASM4625310v1	SPAdes v. 3.15.4	PRJNA1164417	194	A
GCA_059629905.1_MRSN137110	Shovill v. 1.0.9	PRJNA1473289	45	A
GCA_046253035.1_ASM4625303v1	SPAdes v. 3.15.4	PRJNA1164417	214	A
GCA_046253075.1_ASM4625307v1	SPAdes v. 3.15.4	PRJNA1164417	220	A
GCA_059629885.1_MRSN139148	Shovill v. 1.0.9	PRJNA1473289	69	A
GCA_046253055.1_ASM4625305v1	SPAdes v. 3.15.4	PRJNA1164417	157	A
GCA_046253155.1_ASM4625315v1	SPAdes v. 3.15.4	PRJNA1164417	195	A
GCA_046252945.1_ASM4625294v1	SPAdes v. 3.15.4	PRJNA1164417	219	A
GCA_059629865.1_MRSN141549	Shovill v. 1.0.9	PRJNA1473289	50	alpha
GCA_046252965.1_ASM4625296v1	SPAdes v. 3.15.4	PRJNA1164417	212	A
GCA_059629845.1_MRSN142422	Shovill v. 1.0.9	PRJNA1473289	40	alpha
GCA_059629825.1_MRSN142423	Shovill v. 1.0.9	PRJNA1473289	39	alpha
GCA_046252925.1_ASM4625292v1	SPAdes v. 3.15.4	PRJNA1164417	225	A
GCA_059629805.1_MRSN143014	Shovill v. 1.0.9	PRJNA1473289	54	alpha
GCA_046252885.1_ASM4625288v1	SPAdes v. 3.15.4	PRJNA1164417	227	A
GCA_059629785.1_MRSN144967	Shovill v. 1.0.9	PRJNA1473289	38	alpha
GCA_046252905.1_ASM4625290v1	SPAdes v. 3.15.4	PRJNA1164417	212	A
GCA_059629765.1_MRSN145048	Shovill v. 1.0.9	PRJNA1473289	52	A
GCA_059629745.1_MRSN146233	Shovill v. 1.0.9	PRJNA1473289	59	alpha
GCA_059629725.1_MRSN146587	Shovill v. 1.0.9	PRJNA1473289	48	alpha
GCA_059629695.1_MRSN148495	Shovill v. 1.0.9	PRJNA1473289	60	alpha
GCA_059629685.1_MRSN148841	Shovill v. 1.0.9	PRJNA1473289	61	alpha
GCA_059629665.1_MRSN148918	Shovill v. 1.0.9	PRJNA1473289	62	alpha
GCA_027563775.1_ASM2756377v1	BWA-MEM v. 0.7.17	PRJNA865124	416	uncalled
GCA_046252855.1_ASM4625285v1	SPAdes v. 3.15.4	PRJNA1164417	182	A
GCA_059629645.1_MRSN150286	Shovill v. 1.0.9	PRJNA1473289	52	A
GCA_059629625.1_MRSN151845	Shovill v. 1.0.9	PRJNA1473289	58	alpha
GCA_059629605.1_MRSN151970	Shovill v. 1.0.9	PRJNA1473289	63	A
GCA_059629585.1_MRSN152418	Shovill v. 1.0.9	PRJNA1473289	57	alpha
GCA_059629565.1_MRSN152419	Shovill v. 1.0.9	PRJNA1473289	52	alpha
GCA_059629545.1_MRSN154513	Shovill v. 1.0.9	PRJNA1473289	68	alpha
GCA_059629525.1_MRSN154514	Shovill v. 1.0.9	PRJNA1473289	61	alpha
GCA_059629505.1_MRSN154705	Shovill v. 1.0.9	PRJNA1473289	39	alpha
GCA_059629485.1_MRSN158004	Shovill v. 1.0.9	PRJNA1473289	83	alpha
GCA_059629465.1_MRSN158005	Shovill v. 1.0.9	PRJNA1473289	64	alpha
GCA_059629445.1_MRSN158006	Shovill v. 1.0.9	PRJNA1473289	74	alpha
GCA_046252755.1_ASM4625275v1	SPAdes v. 3.15.4	PRJNA1164417	247	A
GCA_046252815.1_ASM4625281v1	SPAdes v. 3.15.4	PRJNA1164417	191	A
GCA_046252795.1_ASM4625279v1	SPAdes v. 3.15.4	PRJNA1164417	161	A
GCA_046252735.1_ASM4625273v1	SPAdes v. 3.15.4	PRJNA1164417	153	A
GCA_046252705.1_ASM4625270v1	SPAdes v. 3.15.4	PRJNA1164417	172	A
GCA_046252625.1_ASM4625262v1	SPAdes v. 3.15.4	PRJNA1164417	165	A
GCA_027563635.1_ASM2756363v1	BWA-MEM v. 0.7.17	PRJNA865124	96	A
GCA_034640365.1_ENCB_Caur	Velvet v. 1.2.10	PRJNA1013603	2547	A
GCA_025430785.1_ASM2543078v1	CLC Genomics Workbench v. 21.03	PRJNA640677	432	A
GCA_025430635.1_ASM2543063v1	CLC Genomics Workbench v. 21.03	PRJNA640677	451	A
GCA_025430405.1_ASM2543040v1	CLC Genomics Workbench v. 21.03	PRJNA640677	367	A
GCA_025430385.1_ASM2543038v1	CLC Genomics Workbench v. 21.03	PRJNA640677	364	A
GCA_025430355.1_ASM2543035v1	CLC Genomics Workbench v. 21.03	PRJNA640677	365	A
GCA_025430335.1_ASM2543033v1	CLC Genomics Workbench v. 21.03	PRJNA640677	342	A
GCA_025430195.1_ASM2543019v1	CLC Genomics Workbench v. 21.03	PRJNA640677	372	A
GCA_025429895.1_ASM2542989v1	CLC Genomics Workbench v. 21.03	PRJNA640677	334	A
GCA_025429885.1_ASM2542988v1	CLC Genomics Workbench v. 21.03	PRJNA640677	416	A
GCA_025429755.1_ASM2542975v1	CLC Genomics Workbench v. 21.03	PRJNA640677	353	A
GCA_025429745.1_ASM2542974v1	CLC Genomics Workbench v. 21.03	PRJNA640677	332	A
GCA_025429735.1_ASM2542973v1	CLC Genomics Workbench v. 21.03	PRJNA640677	293	A
GCA_025429595.1_ASM2542959v1	CLC Genomics Workbench v. 21.03	PRJNA640677	373	A
GCA_025429525.1_ASM2542952v1	CLC Genomics Workbench v. 21.03	PRJNA640677	249	A
GCA_046252645.1_ASM4625264v1	SPAdes v. 3.15.4	PRJNA1164417	154	A
GCA_046252585.1_ASM4625258v1	SPAdes v. 3.15.4	PRJNA1164417	153	A
GCA_027563725.1_ASM2756372v1	BWA-MEM v. 0.7.17	PRJNA865124	249	uncalled
GCA_027563715.1_ASM2756371v1	WA-MEM v. 0.7.17	PRJNA865124	83	A
GCA_027563645.1_ASM2756364v1	BWA-MEM v. 0.7.17	PRJNA865124	83	A
GCA_046252555.1_ASM4625255v1	SPAdes v. 3.15.4	PRJNA1164417	165	A
GCA_008729175.1_ASM872917v1	MaSuRCA v. 2018	PRJNA485145	1467	A
GCA_046252605.1_ASM4625260v1	SPAdes v. 3.15.4	PRJNA1164417	152	A
GCA_046252475.1_ASM4625247v1	SPAdes v. 3.15.4	PRJNA1164417	177	A
GCA_046252485.1_ASM4625248v1	SPAdes v. 3.15.4	PRJNA1164417	158	A
GCA_046252405.1_ASM4625240v1	SPAdes v. 3.15.4	PRJNA1164417	153	A
GCA_053339175.1_ASM5333917v1	Shovill v. 1.1.0	PRJNA1279258	809	alpha
GCA_046252425.1_ASM4625242v1	SPAdes v. 3.15.4	PRJNA1164417	179	A
GCA_046252445.1_ASM4625244v1	SPAdes v. 3.15.4	PRJNA1164417	9	uncalled
GCA_027563705.1_ASM2756370v1	BWA-MEM v. 0.7.17	PRJNA865124	116	A
GCA_046252375.1_ASM4625237v1	SPAdes v. 3.15.4	PRJNA1164417	165	A
GCA_008729165.1_ASM872916v1	MaSuRCA v. 2018	PRJNA485239	1599	A
GCA_046252325.1_ASM4625232v1	SPAdes v. 3.15.4	PRJNA1164417	166	A
GCA_046252305.1_ASM4625230v1	SPAdes v. 3.15.4	PRJNA1164417	165	A
GCA_046252285.1_ASM4625228v1	SPAdes v. 3.15.4	PRJNA1164417	162	A
GCA_046252225.1_ASM4625222v1	SPAdes v. 3.15.4	PRJNA1164417	158	A
GCA_046252255.1_ASM4625225v1	SPAdes v. 3.15.4	PRJNA1164417	193	A
GCA_046252165.1_ASM4625216v1	SPAdes v. 3.15.4	PRJNA1164417	175	A
GCA_046252185.1_ASM4625218v1	SPAdes v. 3.15.4	PRJNA1164417	157	A
GCA_046252135.1_ASM4625213v1	SPAdes v. 3.15.4	PRJNA1164417	170	A
GCA_046252075.1_ASM4625207v1	SPAdes v. 3.15.4	PRJNA1164417	163	A
GCA_008729205.1_ASM872920v1	MaSuRCA v. 2018	PRJNA485259	1233	A
GCA_046252095.1_ASM4625209v1	SPAdes v. 3.15.4	PRJNA1164417	167	A
GCA_046252035.1_ASM4625203v1	SPAdes v. 3.15.4	PRJNA1164417	228	A
GCA_046251975.1_ASM4625197v1	SPAdes v. 3.15.4	PRJNA1164417	177	A
GCA_046252015.1_ASM4625201v1	SPAdes v. 3.15.4	PRJNA1164417	173	A
GCA_008729195.1_ASM872919v1	MaSuRCA v. Jun-2018	PRJNA485409	1474	A
GCA_008729255.1_ASM872925v1	MaSuRCA v. August-2018	PRJNA485414	1517	A
GCA_008729275.1_ASM872927v1	MaSuRCA v. August-2018	PRJNA485415	1382	A
GCA_046251955.1_ASM4625195v1	SPAdes v. 3.15.4	PRJNA1164417	173	A
GCA_046251925.1_ASM4625192v1	SPAdes v. 3.15.4	PRJNA1164417	164	A
GCA_046251895.1_ASM4625189v1	SPAdes v. 3.15.4	PRJNA1164417	163	A
GCA_046251845.1_ASM4625184v1	SPAdes v. 3.15.4	PRJNA1164417	180	A
GCA_046251745.1_ASM4625174v1	SPAdes v. 3.15.4	PRJNA1164417	152	A
GCA_046251815.1_ASM4625181v1	SPAdes v. 3.15.4	PRJNA1164417	166	A
GCA_046251775.1_ASM4625177v1	SPAdes v. 3.15.4	PRJNA1164417	1244	A
GCA_046251795.1_ASM4625179v1	SPAdes v. 3.15.4	PRJNA1164417	158	A
GCA_059629425.1_MRSN455051	Shovill v. 1.0.9	PRJNA1473289	60	A
GCA_059629395.1_MRSN455060	Shovill v. 1.0.9	PRJNA1473289	50	A
GCA_059629385.1_MRSN455079	Shovill v. 1.0.9	PRJNA1473289	56	A
GCA_059629365.1_MRSN456999	Shovill v. 1.0.9	PRJNA1473289	62	A
GCA_046251635.1_ASM4625163v1	SPAdes v. 3.15.4	PRJNA1164417	160	A
GCA_046251675.1_ASM4625167v1	SPAdes v. 3.15.4	PRJNA1164417	167	A
GCA_031463115.1_ASM3146311v1	Raven v. 1.1.10	PRJNA1008858	7	A
GCA_046251615.1_ASM4625161v1	SPAdes v. 3.15.4	PRJNA1164417	164	A
GCA_046251595.1_ASM4625159v1	SPAdes v. 3.15.4	PRJNA1164417	166	A
GCA_046251655.1_ASM4625165v1	SPAdes v. 3.15.4	PRJNA1164417	168	A
GCA_046251535.1_ASM4625153v1	SPAdes v. 3.15.4	PRJNA1164417	214	A
GCA_046251555.1_ASM4625155v1	SPAdes v. 3.15.4	PRJNA1164417	183	A
GCA_046251465.1_ASM4625146v1	SPAdes v. 3.15.4	PRJNA1164417	255	A
GCA_046251485.1_ASM4625148v1	SPAdes v. 3.15.4	PRJNA1164417	228	A
GCA_046251445.1_ASM4625144v1	SPAdes v. 3.15.4	PRJNA1164417	248	A
GCA_046251355.1_ASM4625135v1	SPAdes v. 3.15.4	PRJNA1164417	204	A
GCA_046251415.1_ASM4625141v1	SPAdes v. 3.15.4	PRJNA1164417	221	A
GCA_046251385.1_ASM4625138v1	SPAdes v. 3.15.4	PRJNA1164417	223	A
GCA_046251315.1_ASM4625131v1	SPAdes v. 3.15.4	PRJNA1164417	174	A
GCA_046251295.1_ASM4625129v1	SPAdes v. 3.15.4	PRJNA1164417	263	A
GCA_046251255.1_ASM4625125v1	SPAdes v. 3.15.4	PRJNA1164417	270	A
GCA_046251195.1_ASM4625119v1	SPAdes v. 3.15.4	PRJNA1164417	269	A
GCA_046251185.1_ASM4625118v1	SPAdes v. 3.15.4	PRJNA1164417	532	A
GCA_046251155.1_ASM4625115v1	SPAdes v. 3.15.4	PRJNA1164417	201	A
GCA_046251145.1_ASM4625114v1	SPAdes v. 3.15.4	PRJNA1164417	814	A
GCA_046251105.1_ASM4625110v1	SPAdes v. 3.15.4	PRJNA1164417	274	A
GCF_001189475.1_ASM118947v1	Newbler v. 2.8; SSPACE-STANDARD v. 3.0	PRJNA267757	759	A
GCA_046251065.1_ASM4625106v1	SPAdes v. 3.15.4	PRJNA1164417	240	A
GCA_046251035.1_ASM4625103v1	SPAdes v. 3.15.4	PRJNA1164417	264	A
GCA_046251005.1_ASM4625100v1	SPAdes v. 3.15.4	PRJNA1164417	171	A
GCA_046250995.1_ASM4625099v1	SPAdes v. 3.15.4	PRJNA1164417	281	A
GCA_046250895.1_ASM4625089v1	SPAdes v. 3.15.4	PRJNA1164417	252	A
GCA_046250915.1_ASM4625091v1	SPAdes v. 3.15.4	PRJNA1164417	285	A
GCA_046250905.1_ASM4625090v1	SPAdes v. 3.15.4	PRJNA1164417	226	A
GCA_046250865.1_ASM4625086v1	SPAdes v. 3.15.4	PRJNA1164417	250	A
GCA_046250845.1_ASM4625084v1	SPAdes v. 3.15.4	PRJNA1164417	237	A
GCA_046250815.1_ASM4625081v1	SPAdes v. 3.15.4	PRJNA1164417	198	A
GCA_046250725.1_ASM4625072v1	SPAdes v. 3.15.4	PRJNA1164417	226	A
GCA_046250715.1_ASM4625071v1	SPAdes v. 3.15.4	PRJNA1164417	218	A
GCA_046250735.1_ASM4625073v1	SPAdes v. 3.15.4	PRJNA1164417	174	A
GCA_046250695.1_ASM4625069v1	SPAdes v. 3.15.4	PRJNA1164417	221	A
GCA_046250655.1_ASM4625065v1	SPAdes v. 3.15.4	PRJNA1164417	328	A
GCA_046250535.1_ASM4625053v1	SPAdes v. 3.15.4	PRJNA1164417	341	A
GCA_046250555.1_ASM4625055v1	SPAdes v. 3.15.4	PRJNA1164417	210	A
GCA_046250565.1_ASM4625056v1	SPAdes v. 3.15.4	PRJNA1164417	655	A
GCA_046250585.1_ASM4625058v1	SPAdes v. 3.15.4	PRJNA1164417	206	A
GCA_046250515.1_ASM4625051v1	SPAdes v. 3.15.4	PRJNA1164417	547	A
GCA_051020605.2_8H_UPCH	SPAdes v. 3.15.5	PRJNA1264495	99	A
GCA_046250395.1_ASM4625039v1	SPAdes v. 3.15.4	PRJNA1164417	166	A
GCA_046250425.1_ASM4625042v1	SPAdes v. 3.15.4	PRJNA1164417	266	A
GCA_046250385.1_ASM4625038v1	SPAdes v. 3.15.4	PRJNA1164417	572	A
GCA_046250415.1_ASM4625041v1	SPAdes v. 3.15.4	PRJNA1164417	187	A
GCA_046250365.1_ASM4625036v1	SPAdes v. 3.15.4	PRJNA1164417	197	A
GCA_046250265.1_ASM4625026v1	SPAdes v. 3.15.4	PRJNA1164417	273	A
GCA_046250215.1_ASM4625021v1	SPAdes v. 3.15.4	PRJNA1164417	287	A
GCA_046250245.1_ASM4625024v1	SPAdes v. 3.15.4	PRJNA1164417	366	A
GCA_046250235.1_ASM4625023v1	SPAdes v. 3.15.4	PRJNA1164417	393	A
GCA_046250225.1_ASM4625022v1	SPAdes v. 3.15.4	PRJNA1164417	225	A
GCA_014217455.1_ASM1421745v1	SMRT v. 2.3	PRJNA549344	7	alpha
GCA_049638695.1_ASM4963869v1	Geneious Prime v. 2024.0.1	PRJNA1231771	31	A
GCA_049636185.1_ASM4963618v1	Geneious Prime v. 2024.0.1	PRJNA1231771	154	A
GCA_049636085.1_ASM4963608v1	Geneious Prime v. 2024.0.1	PRJNA1231771	87	A
GCA_047655325.1_ASM4765532v1	Canu v. 2.2	PRJNA672955	7	A
GCA_053008025.1_ASM5300802v1	Flye v. 2.9.2	PRJNA1002224	7	alpha
GCA_053008035.1_ASM5300803v1	Flye v. 2.9.2	PRJNA1002224	7	A
GCA_049636765.1_ASM4963676v1	Geneious Prime v. 2024.0.1	PRJNA1231771	9	A
GCA_049636405.1_ASM4963640v1	Geneious Prime v. 2024.0.1	PRJNA1231771	58	alpha
GCA_049636745.1_ASM4963674v1	Geneious Prime v. 2024.0.1	PRJNA1231771	271	A
GCA_031359945.2_ASM3135994v2	Flye v. 2.9.2	PRJNA976115	7	A
GCA_016772135.1_ASM1677213v1	Canu v. 1.6	PRJNA328792	7	A
GCF_003013715.1_ASM301371v2	Flye v. 2.4.2	PRJNA328792	7	alpha
GCF_002775015.1_Cand_auris_B11221_V1	HGAP v. 3	PRJNA328792	23	alpha
GCA_003014415.1_Cand_auris_B11243	Spades v. 3.1.1	PRJNA328792	282	A
GCA_031357835.2_ASM3135783v2	Flye v. 2.9.2	PRJNA976506	7	A
GCA_008275145.1_ASM827514v1	Canu v. 1.5	PRJNA328792	7	A
GCA_016495685.1_ASM1649568v1	Canu v. 1.6	PRJNA328792	7	alpha
GCA_047655445.1_ASM4765544v1	Canu v. 2.2	PRJNA672955	7	A
GCA_016772215.1_ASM1677221v1	Canu v. 1.6	PRJNA328792	7	alpha
GCA_016495645.1_ASM1649564v1	Canu v. 1.6	PRJNA328792	7	alpha
GCA_016772155.1_ASM1677215v1	Canu v. 1.6	PRJNA328792	7	A
GCA_016772195.1_ASM1677219v1	Canu v. 1.6	PRJNA328792	7	alpha
GCA_016495665.1_ASM1649566v1	Canu v. 1.6	PRJNA328792	7	alpha
GCA_016772235.1_ASM1677223v1	Canu v. 1.6	PRJNA328792	7	A
GCA_016772175.1_ASM1677217v1	Canu v. 1.6	PRJNA328792	7	alpha
GCA_049638585.1_ASM4963858v1	Geneious Prime v. 2024.0.1	PRJNA1231771	35	A
GCA_049637985.1_ASM4963798v1	Geneious Prime v. 2024.0.1	PRJNA1231771	13	alpha
GCA_049635565.1_ASM4963556v1	Geneious Prime v. 2024.0.1	PRJNA1231771	183	A
GCF_002759435.1_Cand_auris_B8441_V3	HGAP v. 3	PRJNA328792	9	A
GCA_039852025.1_ASM3985202v1	Samtools v. 1.20	PRJNA1111796	87	A
GCA_018831645.1_ASM1883164v1	Canu v. V2	PRJNA691446	10	A
GCA_018902005.1_ASM1890200v1	Canu v. 2	PRJNA691446	8	alpha
GCA_024706545.1_ASM2470654v1	Unicycler v. 0.4.7	PRJNA867138	19	A
GCA_049638575.1_ASM4963857v1	Geneious Prime v. 2024.0.1	PRJNA1231771	63	A
GCA_049638545.1_ASM4963854v1	Geneious Prime v. 2024.0.1	PRJNA1231771	40	A
GCA_049637305.1_ASM4963730v1	Geneious Prime v. 2024.0.1	PRJNA1231771	42	A
GCA_049637235.1_ASM4963723v1	Geneious Prime v. 2024.0.1	PRJNA1231771	25	A
GCA_049636905.1_ASM4963690v1	Geneious Prime v. 2024.0.1	PRJNA1231771	13	A
GCA_049636175.1_ASM4963617v1	Geneious Prime v. 2024.0.1	PRJNA1231771	152	A
GCA_049636005.1_ASM4963600v1	Geneious Prime v. 2024.0.1	PRJNA1231771	139	A
GCA_049635465.1_ASM4963546v1	Geneious Prime v. 2024.0.1	PRJNA1231771	164	A
GCA_049635345.1_ASM4963534v1	Geneious Prime v. 2024.0.1	PRJNA1231771	160	A
GCA_014673535.1_ASM1467353v1	Flye v. 2.8; Medaka v. 1.0.3; Pilon v. 1.23	PRJNA655187	7	A
GCA_032888605.1_ASM3288860v1	SMRT Link v. v5.0.1	PRJNA972483	18	A
GCA_019039615.1_ASM1903961v1	HGAP v. 4	PRJNA736600	7	A
GCA_019039575.1_ASM1903957v1	HGAP v. 4	PRJNA736600	7	A
GCA_019039675.1_ASM1903967v1	HGAP v. 4	PRJNA736600	7	A
GCA_019039475.1_ASM1903947v1	HGAP v. 4	PRJNA736600	7	A
GCA_019039515.1_ASM1903951v1	HGAP v. 4	PRJNA736600	7	A
GCA_019039395.1_ASM1903939v1	HGAP v. 4	PRJNA736600	7	A
GCA_019039655.1_ASM1903965v1	HGAP v. 4	PRJNA736600	7	A
GCA_019039535.1_ASM1903953v1	HGAP v. 4	PRJNA736600	7	A
GCA_019039555.1_ASM1903955v1	HGAP v. 4	PRJNA736600	7	A
GCA_035772375.1_ASM3577237v1	SPAdes v. 3.6.0	PRJNA1049194	23	alpha
GCA_019039375.1_ASM1903937v1	HGAP v. 4	PRJNA736600	7	A
GCA_019039595.1_ASM1903959v1	HGAP v. 4	PRJNA736600	7	A
GCA_035772305.1_ASM3577230v1	SPAdes v. 3.6.0	PRJNA1049194	23	alpha
GCA_035772365.1_ASM3577236v1	SPAdes v. 3.6.0	PRJNA1049194	23	alpha
GCA_035772345.1_ASM3577234v1	SPAdes v. 3.6.0	PRJNA1049194	23	alpha
GCA_019039295.1_ASM1903929v1	HGAP v. 4	PRJNA736600	7	A
GCA_035772265.1_ASM3577226v1	SPAdes v. 3.6.0	PRJNA1049194	23	alpha
GCA_035772125.1_ASM3577212v1	SPAdes v. 3.6.0	PRJNA1049194	23	alpha
GCA_035772165.1_ASM3577216v1	SPAdes v. 3.6.0	PRJNA1049194	23	alpha
GCA_035772105.1_ASM3577210v1	SPAdes v. 3.6.0	PRJNA1049194	23	alpha
GCA_035772185.1_ASM3577218v1	SPAdes v. 3.6.0	PRJNA1049194	23	alpha
GCA_035772215.1_ASM3577221v1	SPAdes v. 3.6.0	PRJNA1049194	23	alpha
GCA_035771935.1_ASM3577193v1	SPAdes v. 3.6.0	PRJNA1049194	23	alpha
GCA_019039275.1_ASM1903927v1	HGAP v. 4	PRJNA736600	7	A
GCA_035771965.1_ASM3577196v1	SPAdes v. 3.6.0	PRJNA1049194	23	alpha
GCA_035771895.1_ASM3577189v1	SPAdes v. 3.6.0	PRJNA1049194	23	alpha
GCA_035771885.1_ASM3577188v1	SPAdes v. 3.6.0	PRJNA1049194	23	alpha
GCA_035771925.1_ASM3577192v1	SPAdes v. 3.6.0	PRJNA1049194	23	alpha
GCA_035771725.1_ASM3577172v1	SPAdes v. 3.6.0	PRJNA1049194	23	alpha
GCA_035771705.1_ASM3577170v1	SPAdes v. 3.6.0	PRJNA1049194	23	alpha
GCA_019039435.1_ASM1903943v1	HGAP v. 4	PRJNA736600	7	A
GCA_035771765.1_ASM3577176v1	SPAdes v. 3.6.0	PRJNA1049194	23	alpha
GCA_035771735.1_ASM3577173v1	SPAdes v. 3.6.0	PRJNA1049194	23	alpha
GCA_035771715.1_ASM3577171v1	SPAdes v. 3.6.0	PRJNA1049194	23	alpha
GCA_019039495.1_ASM1903949v1	HGAP v. 4	PRJNA736600	7	A
GCA_019039455.1_ASM1903945v1	HGAP v. 4	PRJNA736600	7	A
GCA_019039415.1_ASM1903941v1	HGAP v. 4	PRJNA736600	7	A
GCA_019039355.1_ASM1903935v1	HGAP v. 4	PRJNA736600	7	A
GCA_019039335.1_ASM1903933v1	HGAP v. 4	PRJNA736600	7	A
GCA_019039315.1_ASM1903931v1	HGAP v. 4	PRJNA736600	7	A
GCA_019039235.1_ASM1903923v1	HGAP v. 4	PRJNA736600	7	A
GCA_019039775.1_ASM1903977v1	HGAP v. 4	PRJNA736600	7	A
GCA_019039735.1_ASM1903973v1	HGAP v. 4	PRJNA736600	7	A
GCA_019039755.1_ASM1903975v1	HGAP v. 4	PRJNA736600	7	A
GCA_019039715.1_ASM1903971v1	HGAP v. 4	PRJNA736600	7	A
GCA_019332045.1_ASM1933204v1	HGAP v. 4	PRJNA736600	7	A
GCA_019039635.1_ASM1903963v1	HGAP v. 4	PRJNA736600	7	A
GCA_019039695.1_ASM1903969v1	HGAP v. 4	PRJNA736600	7	A
GCA_009602605.1_ASM960260v1	SPAdes v. 3.12.0	PRJNA555326	380	A
GCA_902703435.1_CA1	SPAdes	PRJEB35633	265	uncalled
GCA_032694445.1_ASM3269444v1	flye v. 2.8.3	PRJNA987725	30	A
GCA_032694655.1_ASM3269465v1	flye v. 2.8.3	PRJNA987725	17	A
GCA_032694695.1_ASM3269469v1	flye v. 2.8.3	PRJNA987725	196	A
GCA_032694685.1_ASM3269468v1	flye v. 2.8.3	PRJNA987725	43	A
GCA_032694745.1_ASM3269474v1	flye v. 2.8.3	PRJNA987725	137	A
GCA_032694645.1_ASM3269464v1	flye v. 2.8.3	PRJNA987725	20	A
GCA_032694485.1_ASM3269448v1	flye v. 2.8.3	PRJNA987725	9	A
GCA_032694465.1_ASM3269446v1	flye v. 2.8.3	PRJNA987725	46	A
GCA_032694475.1_ASM3269447v1	flye v. 2.8.3	PRJNA987725	10	A
GCA_051989225.1_ASM5198922v1	SPAdes v. 3.5.0	PRJNA1291465	83	A
GCA_035582645.1_ASM3558264v1	SPAdes v. 3.9.0	PRJNA1025033	3954	alpha
GCA_035582625.1_ASM3558262v1	SPAdes v. 3.9.0	PRJNA1025033	2874	alpha
GCA_035582605.1_ASM3558260v1	SPAdes v. 3.9.0	PRJNA1025033	2759	alpha
GCA_035582585.1_ASM3558258v1	SPAdes v. 3.9.0	PRJNA1025033	5287	alpha
GCA_035582555.1_ASM3558255v1	SPAdes v. 3.9.0	PRJNA1025033	3875	alpha
GCA_035582525.1_ASM3558252v1	SPAdes v. 3.9.0	PRJNA1025033	4676	A
GCA_035582505.1_ASM3558250v1	SPAdes v. 3.9.0	PRJNA1025033	2014	alpha
GCA_902712835.3_Cau_1901_a	SPAdes	PRJEB34199	2730	A
GCA_902712125.3_Cau_1902_a	SPAdes	PRJEB34199	2781	A
GCA_902712115.3_Cau_1903_a	SPAdes	PRJEB34199	607	A
GCA_902712105.3_Cau_1904_a	SPAdes	PRJEB34199	2016	A
GCA_902712275.3_Cau_1905_a	SPAdes	PRJEB34199	2215	A
GCA_902712245.3_Cau_1906_a	SPAdes	PRJEB34199	1832	A
GCA_902712265.3_Cau_1907_a	SPAdes	PRJEB34199	592	A
GCA_902712235.3_Cau_1908_a	SPAdes	PRJEB34199	3373	A
GCA_902712215.3_Cau_1909_a	SPAdes	PRJEB34199	3310	A
GCA_902712225.3_Cau_1910_a	SPAdes	PRJEB34199	2372	A
GCA_902712255.3_Cau_1911_a	SPAdes	PRJEB34199	3319	A
GCA_902712175.3_Cau_1912_a	SPAdes	PRJEB34199	798	A
GCA_902712195.3_Cau_1913_a	SPAdes	PRJEB34199	672	A
GCA_902712135.3_Cau_1914_a	SPAdes	PRJEB34199	706	A
GCA_902712205.3_Cau_1915_a	SPAdes	PRJEB34199	709	A
GCA_902712145.3_Cau_1916_a	SPAdes	PRJEB34199	1040	A
GCA_902712185.3_Cau_1917_a	SPAdes	PRJEB34199	1305	A
GCA_902712155.3_Cau_1918_a	SPAdes	PRJEB34199	603	A
GCA_902712165.3_Cau_1919_a	SPAdes	PRJEB34199	386	A
GCA_019968925.1_ASM1996892v1	Shovill v. 1.0.0	PRJNA686013	8	A
GCA_030581515.1_ASM3058151v1	DISCOVAR v. r51885	PRJNA736342	211	alpha
GCA_053542915.1_CBS19051_v2	Flye v. 2.9.4	PRJNA1155597	7	A
GCA_054883665.1_ASM5488366v1	Flye v. 2.9.2	PRJNA1002224	8	alpha
GCA_053009075.1_ASM5300907v1	Flye v. 2.9.2	PRJNA1002224	8	alpha
GCA_048414655.1_ASM4841465v1	Flye v. v2.9.1-b1780	PRJNA1027067	8	A
GCA_048414635.1_ASM4841463v1	Flye v. v2.9.1-b1780	PRJNA1027067	12	A
GCA_048414855.1_ASM4841485v1	Flye v. v2.9.1-b1780	PRJNA1027067	7	A
GCA_048414815.1_ASM4841481v1	Flye v. v2.9.1-b1780	PRJNA1027067	15	A
GCA_048414565.1_ASM4841456v1	Flye v. v2.9.1-b1780	PRJNA1027067	13	A
GCA_048414545.1_ASM4841454v1	Flye v. v2.9.1-b1780	PRJNA1027067	7	alpha
GCA_047372335.1_ASM4737233v1	MaSuRCA v. 3.3.5	PRJNA1079026	201	A
GCA_047372315.1_ASM4737231v1	MaSuRCA v. 3.3.5	PRJNA1079026	270	A
GCA_047372255.1_ASM4737225v1	MaSuRCA v. 3.3.5	PRJNA1079026	223	A
GCA_047372275.1_ASM4737227v1	MaSuRCA v. 3.3.5	PRJNA1079026	239	A
GCA_047372215.1_ASM4737221v1	MaSuRCA v. 3.3.5	PRJNA1079026	248	A
GCA_047372195.1_ASM4737219v1	MaSuRCA v. 3.3.5	PRJNA1079026	223	A
GCA_047372165.1_ASM4737216v1	MaSuRCA v. 3.3.5	PRJNA1079026	145	A
GCA_047372125.1_ASM4737212v1	MaSuRCA v. 3.3.5	PRJNA1079026	256	A
GCA_047372105.1_ASM4737210v1	MaSuRCA v. 3.3.5	PRJNA1079026	180	A
GCA_047372045.1_ASM4737204v1	MaSuRCA v. 3.3.5	PRJNA1079026	213	A
GCA_047372075.1_ASM4737207v1	MaSuRCA v. 3.3.5	PRJNA1079026	317	A
GCA_047372015.1_ASM4737201v1	MaSuRCA v. 3.3.5	PRJNA1079026	232	A
GCA_047371985.1_ASM4737198v1	MaSuRCA v. 3.3.5	PRJNA1079026	190	A
GCA_047371935.1_ASM4737193v1	MaSuRCA v. 3.3.5	PRJNA1079026	249	A
GCA_047371895.1_ASM4737189v1	MaSuRCA v. 3.3.5	PRJNA1079026	275	A
GCA_047371915.1_ASM4737191v1	MaSuRCA v. 3.3.5	PRJNA1079026	235	A
GCA_047371865.1_ASM4737186v1	MaSuRCA v. 3.3.5	PRJNA1079026	275	A
GCA_047371805.1_ASM4737180v1	MaSuRCA v. 3.3.5	PRJNA1079026	184	A
GCA_047371755.1_ASM4737175v1	MaSuRCA v. 3.3.5	PRJNA1079026	203	A
GCA_047371725.1_ASM4737172v1	MaSuRCA v. 3.3.5	PRJNA1079026	208	A
GCA_047371665.1_ASM4737166v1	MaSuRCA v. 3.3.5	PRJNA1079026	262	A
GCA_047371645.1_ASM4737164v1	MaSuRCA v. 3.3.5	PRJNA1079026	179	A
GCA_047371635.1_ASM4737163v1	MaSuRCA v. 3.3.5	PRJNA1079026	242	A
GCA_047371575.1_ASM4737157v1	MaSuRCA v. 3.3.5	PRJNA1079026	254	A
GCA_047371555.1_ASM4737155v1	MaSuRCA v. 3.3.5	PRJNA1079026	1067	A
GCA_047371545.1_ASM4737154v1	MaSuRCA v. 3.3.5	PRJNA1079026	161	A
GCA_047371515.1_ASM4737151v1	MaSuRCA v. 3.3.5	PRJNA1079026	225	A
GCA_047371465.1_ASM4737146v1	MaSuRCA v. 3.3.5	PRJNA1079026	162	A
GCA_047371425.1_ASM4737142v1	MaSuRCA v. 3.3.5	PRJNA1079026	197	A
GCA_047371455.1_ASM4737145v1	MaSuRCA v. 3.3.5	PRJNA1079026	193	A
GCA_047371395.1_ASM4737139v1	MaSuRCA v. 3.3.5	PRJNA1079026	231	A
GCA_047371335.1_ASM4737133v1	MaSuRCA v. 3.3.5	PRJNA1079026	213	A
GCA_047371345.1_ASM4737134v1	MaSuRCA v. 3.3.5	PRJNA1079026	241	A
GCA_047371295.1_ASM4737129v1	MaSuRCA v. 3.3.5	PRJNA1079026	248	A
GCA_047371785.1_ASM4737178v1	MaSuRCA v. 3.3.5	PRJNA1079026	238	A
GCA_047371255.1_ASM4737125v1	MaSuRCA v. 3.3.5	PRJNA1079026	305	A
GCA_049638435.1_ASM4963843v1	Geneious Prime v. 2024.0.1	PRJNA1231771	70	A
GCA_049636595.1_ASM4963659v1	Geneious Prime v. 2024.0.1	PRJNA1231771	38	A
GCA_049638425.1_ASM4963842v1	Geneious Prime v. 2024.0.1	PRJNA1231771	63	A
GCA_049638395.1_ASM4963839v1	Geneious Prime v. 2024.0.1	PRJNA1231771	49	A
GCA_049638305.1_ASM4963830v1	Geneious Prime v. 2024.0.1	PRJNA1231771	66	A
GCA_049638255.1_ASM4963825v1	Geneious Prime v. 2024.0.1	PRJNA1231771	83	A
GCA_049638225.1_ASM4963822v1	Geneious Prime v. 2024.0.1	PRJNA1231771	84	A
GCA_049635905.1_ASM4963590v1	Geneious Prime v. 2024.0.1	PRJNA1231771	166	A
GCA_049635225.1_ASM4963522v1	Geneious Prime v. 2024.0.1	PRJNA1231771	133	A
GCA_049635165.1_ASM4963516v1	Geneious Prime v. 2024.0.1	PRJNA1231771	156	A
GCA_032367535.1_ASM3236753v1	Flye v. 2.9.1, Medaka v. 1.8.1, Pilon v. 1.24	PRJNA1000034	8	alpha
GCA_032714025.1_ASM3271402v1	Hybrid genome assembly v. Flye v2.9.1, Medaka v1.8.1, Pilon v1.24	PRJNA1000034	7	alpha
GCA_032715285.1_ASM3271528v1	Hybrid genome assembly v. Flye v2.9.1, Medaka v1.8.1, Pilon v1.24	PRJNA1000034	7	alpha
GCA_014638765.1_ASM1463876v1	SPAdes v. 3.14	PRJNA655187	150	A
GCA_014638955.1_ASM1463895v1	SPAdes v. 3.14	PRJNA655187	155	A
GCA_014638965.1_ASM1463896v1	SPAdes v. 3.14	PRJNA655187	150	A
GCA_014638895.1_ASM1463889v1	SPAdes v. 3.14	PRJNA655187	136	A
GCA_014638885.1_ASM1463888v1	SPAdes v. 3.14	PRJNA655187	151	A
GCA_014638875.1_ASM1463887v1	SPAdes v. 3.14	PRJNA655187	144	A
GCA_014638825.1_ASM1463882v1	SPAdes v. 3.14	PRJNA655187	151	A
GCA_014638805.1_ASM1463880v1	SPAdes v. 3.14	PRJNA655187	137	A
GCA_014638775.1_ASM1463877v1	SPAdes v. 3.14	PRJNA655187	144	A
GCA_056915445.1_ASM5691544v1	SPAdes v. 4.0.0	PRJNA1194488	382	A
GCA_056915435.1_ASM5691543v1	SPAdes v. 4.0.0	PRJNA1194488	682	A
GCA_056915415.1_ASM5691541v1	SPAdes v. 4.0.0	PRJNA1194488	838	A
GCA_056915505.1_ASM5691550v1	SPAdes v. 4.0.0	PRJNA1194488	728	A
GCA_056915745.1_ASM5691574v1	SPAdes v. 4.0.0	PRJNA1194488	762	A
GCA_056915715.1_ASM5691571v1	SPAdes v. 4.0.0	PRJNA1194488	689	A
GCA_056915655.1_ASM5691565v1	SPAdes v. 4.0.0	PRJNA1194488	639	A
GCA_056915685.1_ASM5691568v1	SPAdes v. 4.0.0	PRJNA1194488	646	A
GCA_049638125.1_ASM4963812v1	Geneious Prime v. 2024.0.1	PRJNA1231771	73	A
GCA_049635765.1_ASM4963576v1	Geneious Prime v. 2024.0.1	PRJNA1231771	146	A
GCA_058127625.1_ASM5812762v1	Flye v. v2.9.2-b1786	PRJNA1449068	11	A
GCA_058169785.1_M405-23-C-AURIS-GR	Flye v. v2.9.2-b1786	PRJNA1449068	13	A
GCA_058127265.1_M563-24-C-AURIS-GR	Flye v. v2.9.2-b1786	PRJNA1449068	9	A
GCA_058127295.1_M956-24-C-AURIS-GR	Flye v. v2.9.2-b1786	PRJNA1449068	16	A
GCA_060221735.1_M13-24-C-AURIS-GR	Flye v. v2.9.2-b1786	PRJNA1449068	22	A
GCA_060221685.1_M296-23-C-AURIS-GR	Flye v. v2.9.2-b1786	PRJNA1449068	12	A
GCA_035220645.1_ASM3522064v1	SPAdes v. 3.9.0	PRJNA1025033	1697	alpha
GCA_049638075.1_ASM4963807v1	Geneious Prime v. 2024.0.1	PRJNA1231771	69	A
GCA_027563765.1_ASM2756376v1	BWA-MEM v. 0.7.17	PRJNA865124	714	A
GCA_016809505.1_ASM1680950v1	Canu v. 1.6	PRJNA541007	7	A
GCA_007168705.1_ASM716870v1	Canu v. 1.4; minimap v. 0.2-r124; racon v. 1.1.0; circlator v. 1.5.3; Pilon v. 1.18; SPAdes v. 3.11.1; A5-miseq v. 20140604	PRJDB6988	11	alpha
GCA_049638095.1_ASM4963809v1	Geneious Prime v. 2024.0.1	PRJNA1231771	73	A
GCA_049636625.1_ASM4963662v1	Geneious Prime v. 2024.0.1	PRJNA1231771	24	A
GCA_049636325.1_ASM4963632v1	Geneious Prime v. 2024.0.1	PRJNA1231771	87	A
GCA_020809265.1_ASM2080926v1	Flye v. 2.8.2-b1689	PRJNA704033	14	A
GCA_049637955.1_ASM4963795v1	Geneious Prime v. 2024.0.1	PRJNA1231771	57	A
GCA_049637925.1_ASM4963792v1	Geneious Prime v. 2024.0.1	PRJNA1231771	60	A
GCA_049637205.1_ASM4963720v1	Geneious Prime v. 2024.0.1	PRJNA1231771	47	A
GCA_049637155.1_ASM4963715v1	Geneious Prime v. 2024.0.1	PRJNA1231771	34	A
GCA_049637085.1_ASM4963708v1	Geneious Prime v. 2024.0.1	PRJNA1231771	42	A
GCA_049637035.1_ASM4963703v1	Geneious Prime v. 2024.0.1	PRJNA1231771	24	A
GCA_049636985.1_ASM4963698v1	Geneious Prime v. 2024.0.1	PRJNA1231771	62	A
GCA_049636895.1_ASM4963689v1	Geneious Prime v. 2024.0.1	PRJNA1231771	55	A
GCA_049636715.1_ASM4963671v1	Geneious Prime v. 2024.0.1	PRJNA1231771	47	A
GCA_057659035.1_ASM5765903v1	Shovill-SKESA v. 1.1.0	PRJNA850520	250	alpha
GCA_057659025.1_ASM5765902v1	Shovill-SKESA v. 1.1.0	PRJNA850520	248	alpha
GCA_057658885.1_ASM5765888v1	Shovill-SKESA v. 1.1.0	PRJNA850520	417	alpha
GCA_057658905.1_ASM5765890v1	Shovill-SKESA v. 1.1.0	PRJNA850520	461	alpha
GCA_051529845.1_ASM5152984v1	Shovill-SKESA v. 1.1.0	PRJNA850520	494	alpha
GCA_051529825.1_ASM5152982v1	Shovill-SKESA v. 1.1.0	PRJNA850520	507	alpha
GCA_051529805.1_ASM5152980v1	Shovill-SKESA v. 1.1.0	PRJNA850520	656	alpha
GCA_051940725.1_ASM5194072v1	Shovill-SKESA v. 1.1.0	PRJNA850520	426	alpha
GCA_051940705.1_ASM5194070v1	Shovill-SKESA v. 1.1.0	PRJNA850520	451	A
GCA_051940675.1_ASM5194067v1	Shovill-SKESA v. 1.1.0	PRJNA850520	505	A
GCA_051940665.1_ASM5194066v1	Shovill-SKESA v. 1.1.0	PRJNA850520	617	A
GCA_051940645.1_ASM5194064v1	Shovill-SKESA v. 1.1.0	PRJNA850520	613	A
GCA_053222635.1_ASM5322263v1	Shovill-SKESA v. 1.1.0	PRJNA850520	426	alpha
GCA_053222615.1_ASM5322261v1	Shovill-SKESA v. 1.1.0	PRJNA850520	428	alpha
GCA_053222595.1_ASM5322259v1	Shovill-SKESA v. 1.1.0	PRJNA850520	437	alpha
GCA_053222565.1_ASM5322256v1	Shovill-SKESA v. 1.1.0	PRJNA850520	460	alpha
GCA_053222555.1_ASM5322255v1	Shovill-SKESA v. 1.1.0	PRJNA850520	439	A
GCA_053222505.1_ASM5322250v1	Shovill-SKESA v. 1.1.0	PRJNA850520	520	A
GCA_053222525.1_ASM5322252v1	Shovill-SKESA v. 1.1.0	PRJNA850520	476	A
GCA_053222495.1_ASM5322249v1	Shovill-SKESA v. 1.1.0	PRJNA850520	645	alpha
GCA_053222445.1_ASM5322244v1	Shovill-SKESA v. 1.1.0	PRJNA850520	700	A
GCA_053222435.1_ASM5322243v1	Shovill-SKESA v. 1.1.0	PRJNA850520	684	alpha
GCA_053222455.1_ASM5322245v1	Shovill-SKESA v. 1.1.0	PRJNA850520	728	A
GCA_053077925.1_ASM5307792v1	Shovill-SKESA v. 1.1.0	PRJNA850520	450	alpha
GCA_053077905.1_ASM5307790v1	Shovill-SKESA v. 1.1.0	PRJNA850520	484	alpha
GCA_053077865.1_ASM5307786v1	Shovill-SKESA v. 1.1.0	PRJNA850520	437	alpha
GCA_053077875.1_ASM5307787v1	Shovill-SKESA v. 1.1.0	PRJNA850520	453	alpha
GCA_053077845.1_ASM5307784v1	Shovill-SKESA v. 1.1.0	PRJNA850520	489	alpha
GCA_053077785.1_ASM5307778v1	Shovill-SKESA v. 1.1.0	PRJNA850520	535	alpha
GCA_053077795.1_ASM5307779v1	Shovill-SKESA v. 1.1.0	PRJNA850520	628	A
GCA_053077805.1_ASM5307780v1	Shovill-SKESA v. 1.1.0	PRJNA850520	690	A
GCA_053222875.1_ASM5322287v1	Shovill-SKESA v. 1.1.0	PRJNA850520	475	A
GCA_053222795.1_ASM5322279v1	Shovill-SKESA v. 1.1.0	PRJNA850520	519	A
GCA_053222825.1_ASM5322282v1	Shovill-SKESA v. 1.1.0	PRJNA850520	545	A
GCA_053222805.1_ASM5322280v1	Shovill-SKESA v. 1.1.0	PRJNA850520	581	alpha
GCA_053222765.1_ASM5322276v1	Shovill-SKESA v. 1.1.0	PRJNA850520	603	alpha
GCA_053222745.1_ASM5322274v1	Shovill-SKESA v. 1.1.0	PRJNA850520	613	alpha
GCA_053222735.1_ASM5322273v1	Shovill-SKESA v. 1.1.0	PRJNA850520	643	A
GCA_053222695.1_ASM5322269v1	Shovill-SKESA v. 1.1.0	PRJNA850520	641	A
GCA_053222705.1_ASM5322270v1	Shovill-SKESA v. 1.1.0	PRJNA850520	637	A
GCA_053222675.1_ASM5322267v1	Shovill-SKESA v. 1.1.0	PRJNA850520	673	A
GCA_053222645.1_ASM5322264v1	Shovill-SKESA v. 1.1.0	PRJNA850520	663	alpha
GCA_053078225.1_ASM5307822v1	Shovill-SKESA v. 1.1.0	PRJNA850520	533	alpha
GCA_053078205.1_ASM5307820v1	Shovill-SKESA v. 1.1.0	PRJNA850520	538	A
GCA_053078155.1_ASM5307815v1	Shovill-SKESA v. 1.1.0	PRJNA850520	568	A
GCA_053078125.1_ASM5307812v1	Shovill-SKESA v. 1.1.0	PRJNA850520	570	alpha
GCA_053078185.1_ASM5307818v1	Shovill-SKESA v. 1.1.0	PRJNA850520	620	A
GCA_053078095.1_ASM5307809v1	Shovill-SKESA v. 1.1.0	PRJNA850520	581	A
GCA_053078085.1_ASM5307808v1	Shovill-SKESA v. 1.1.0	PRJNA850520	574	A
GCA_053078065.1_ASM5307806v1	Shovill-SKESA v. 1.1.0	PRJNA850520	967	A
GCA_053078035.1_ASM5307803v1	Shovill-SKESA v. 1.1.0	PRJNA850520	621	A
GCA_053078025.1_ASM5307802v1	Shovill-SKESA v. 1.1.0	PRJNA850520	653	A
GCA_053078005.1_ASM5307800v1	Shovill-SKESA v. 1.1.0	PRJNA850520	668	A
GCA_053077985.1_ASM5307798v1	Shovill-SKESA v. 1.1.0	PRJNA850520	681	A
GCA_053077965.1_ASM5307796v1	Shovill-SKESA v. 1.1.0	PRJNA850520	721	A
GCA_053077945.1_ASM5307794v1	Shovill-SKESA v. 1.1.0	PRJNA850520	746	A
GCA_054375515.1_ASM5437551v1	Shovill-SKESA v. 1.1.0	PRJNA850520	547	alpha
GCA_054375445.1_ASM5437544v1	Shovill-SKESA v. 1.1.0	PRJNA850520	613	alpha
GCA_054375435.1_ASM5437543v1	Shovill-SKESA v. 1.1.0	PRJNA850520	598	A
GCA_054375405.1_ASM5437540v1	Shovill-SKESA v. 1.1.0	PRJNA850520	654	A
GCA_054375365.1_ASM5437536v1	Shovill-SKESA v. 1.1.0	PRJNA850520	693	alpha
GCA_054375315.1_ASM5437531v1	Shovill-SKESA v. 1.1.0	PRJNA850520	696	alpha
GCA_054375325.1_ASM5437532v1	Shovill-SKESA v. 1.1.0	PRJNA850520	693	alpha
GCA_053223285.1_ASM5322328v1	Shovill-SKESA v. 1.1.0	PRJNA850520	524	alpha
GCA_053223275.1_ASM5322327v1	Shovill-SKESA v. 1.1.0	PRJNA850520	567	alpha
GCA_053223255.1_ASM5322325v1	Shovill-SKESA v. 1.1.0	PRJNA850520	570	alpha
GCA_053223215.1_ASM5322321v1	Shovill-SKESA v. 1.1.0	PRJNA850520	628	alpha
GCA_053223225.1_ASM5322322v1	Shovill-SKESA v. 1.1.0	PRJNA850520	650	alpha
GCA_053223195.1_ASM5322319v1	Shovill-SKESA v. 1.1.0	PRJNA850520	663	alpha
GCA_053223155.1_ASM5322315v1	Shovill-SKESA v. 1.1.0	PRJNA850520	631	alpha
GCA_053223165.1_ASM5322316v1	Shovill-SKESA v. 1.1.0	PRJNA850520	606	alpha
GCA_053223135.1_ASM5322313v1	Shovill-SKESA v. 1.1.0	PRJNA850520	657	alpha
GCA_053223115.1_ASM5322311v1	Shovill-SKESA v. 1.1.0	PRJNA850520	639	alpha
GCA_053223095.1_ASM5322309v1	Shovill-SKESA v. 1.1.0	PRJNA850520	632	alpha
GCA_053223075.1_ASM5322307v1	Shovill-SKESA v. 1.1.0	PRJNA850520	681	alpha
GCA_053223055.1_ASM5322305v1	Shovill-SKESA v. 1.1.0	PRJNA850520	709	alpha
GCA_053223035.1_ASM5322303v1	Shovill-SKESA v. 1.1.0	PRJNA850520	742	alpha
GCA_053223535.1_ASM5322353v1	Shovill-SKESA v. 1.1.0	PRJNA850520	506	A
GCA_053223555.1_ASM5322355v1	Shovill-SKESA v. 1.1.0	PRJNA850520	548	A
GCA_053223575.1_ASM5322357v1	Shovill-SKESA v. 1.1.0	PRJNA850520	544	alpha
GCA_053223495.1_ASM5322349v1	Shovill-SKESA v. 1.1.0	PRJNA850520	582	A
GCA_053223515.1_ASM5322351v1	Shovill-SKESA v. 1.1.0	PRJNA850520	612	A
GCA_053223475.1_ASM5322347v1	Shovill-SKESA v. 1.1.0	PRJNA850520	606	A
GCA_053223455.1_ASM5322345v1	Shovill-SKESA v. 1.1.0	PRJNA850520	643	A
GCA_053223415.1_ASM5322341v1	Shovill-SKESA v. 1.1.0	PRJNA850520	653	alpha
GCA_053223435.1_ASM5322343v1	Shovill-SKESA v. 1.1.0	PRJNA850520	656	A
GCA_053223395.1_ASM5322339v1	Shovill-SKESA v. 1.1.0	PRJNA850520	598	A
GCA_053223365.1_ASM5322336v1	Shovill-SKESA v. 1.1.0	PRJNA850520	770	A
GCA_053223355.1_ASM5322335v1	Shovill-SKESA v. 1.1.0	PRJNA850520	723	alpha
GCA_053223335.1_ASM5322333v1	Shovill-SKESA v. 1.1.0	PRJNA850520	802	A
GCA_053223315.1_ASM5322331v1	Shovill-SKESA v. 1.1.0	PRJNA850520	693	A
GCA_053568135.1_ASM5356813v1	Shovill-SKESA v. 1.1.0	PRJNA850520	695	alpha
GCA_053568095.1_ASM5356809v1	Shovill-SKESA v. 1.1.0	PRJNA850520	730	A
GCA_053568115.1_ASM5356811v1	Shovill-SKESA v. 1.1.0	PRJNA850520	800	A
GCA_053568035.1_ASM5356803v1	Shovill-SKESA v. 1.1.0	PRJNA850520	828	alpha
GCA_053568075.1_ASM5356807v1	Shovill-SKESA v. 1.1.0	PRJNA850520	946	A
GCA_053568055.1_ASM5356805v1	Shovill-SKESA v. 1.1.0	PRJNA850520	987	A
GCA_053455475.1_ASM5345547v1	Shovill-SKESA v. 1.1.0	PRJNA850520	671	alpha
GCA_053455515.1_ASM5345551v1	Shovill-SKESA v. 1.1.0	PRJNA850520	644	alpha
GCA_053455485.1_ASM5345548v1	Shovill-SKESA v. 1.1.0	PRJNA850520	716	A
GCA_053455545.1_ASM5345554v1	Shovill-SKESA v. 1.1.0	PRJNA850520	716	A
GCA_053455535.1_ASM5345553v1	Shovill-SKESA v. 1.1.0	PRJNA850520	767	A
GCA_054055235.1_ASM5405523v1	Shovill-SKESA v. 1.1.0	PRJNA850520	415	A
GCA_054055215.1_ASM5405521v1	Shovill-SKESA v. 1.1.0	PRJNA850520	443	A
GCA_054055195.1_ASM5405519v1	Shovill-SKESA v. 1.1.0	PRJNA850520	422	A
GCA_054055105.1_ASM5405510v1	Shovill-SKESA v. 1.1.0	PRJNA850520	435	alpha
GCA_054055095.1_ASM5405509v1	Shovill-SKESA v. 1.1.0	PRJNA850520	447	A
GCA_054055075.1_ASM5405507v1	Shovill-SKESA v. 1.1.0	PRJNA850520	465	A
GCA_054055025.1_ASM5405502v1	Shovill-SKESA v. 1.1.0	PRJNA850520	504	A
GCA_054054965.1_ASM5405496v1	Shovill-SKESA v. 1.1.0	PRJNA850520	447	A
GCA_054054955.1_ASM5405495v1	Shovill-SKESA v. 1.1.0	PRJNA850520	460	alpha
GCA_054054935.1_ASM5405493v1	Shovill-SKESA v. 1.1.0	PRJNA850520	520	A
GCA_054054915.1_ASM5405491v1	Shovill-SKESA v. 1.1.0	PRJNA850520	516	A
GCA_054054835.1_ASM5405483v1	Shovill-SKESA v. 1.1.0	PRJNA850520	664	alpha
GCA_057660065.1_ASM5766006v1	Shovill-SKESA v. 1.1.0	PRJNA850520	413	alpha
GCA_057660085.1_ASM5766008v1	Shovill-SKESA v. 1.1.0	PRJNA850520	450	alpha
GCA_057660105.1_ASM5766010v1	Shovill-SKESA v. 1.1.0	PRJNA850520	420	alpha
GCA_057660045.1_ASM5766004v1	Shovill-SKESA v. 1.1.0	PRJNA850520	418	alpha
GCA_057660025.1_ASM5766002v1	Shovill-SKESA v. 1.1.0	PRJNA850520	418	A
GCA_057659945.1_ASM5765994v1	Shovill-SKESA v. 1.1.0	PRJNA850520	628	alpha
GCA_057659925.1_ASM5765992v1	Shovill-SKESA v. 1.1.0	PRJNA850520	726	A
GCA_057659885.1_ASM5765988v1	Shovill-SKESA v. 1.1.0	PRJNA850520	431	alpha
GCA_057659805.1_ASM5765980v1	Shovill-SKESA v. 1.1.0	PRJNA850520	428	A
GCA_057659905.1_ASM5765990v1	Shovill-SKESA v. 1.1.0	PRJNA850520	460	A
GCA_057659785.1_ASM5765978v1	Shovill-SKESA v. 1.1.0	PRJNA850520	917	A
GCA_057659745.1_ASM5765974v1	Shovill-SKESA v. 1.1.0	PRJNA850520	905	alpha
GCA_057659685.1_ASM5765968v1	Shovill-SKESA v. 1.1.0	PRJNA850520	551	A
GCA_057659665.1_ASM5765966v1	Shovill-SKESA v. 1.1.0	PRJNA850520	567	A
GCA_057659625.1_ASM5765962v1	Shovill-SKESA v. 1.1.0	PRJNA850520	1183	alpha
GCA_057659545.1_ASM5765954v1	Shovill-SKESA v. 1.1.0	PRJNA850520	936	A
GCA_057659525.1_ASM5765952v1	Shovill-SKESA v. 1.1.0	PRJNA850520	1909	A
GCA_054643595.1_ASM5464359v1	Shovill-SKESA v. 1.1.0	PRJNA850520	449	alpha
GCA_054643555.1_ASM5464355v1	Shovill-SKESA v. 1.1.0	PRJNA850520	481	alpha
GCA_054643535.1_ASM5464353v1	Shovill-SKESA v. 1.1.0	PRJNA850520	589	A
GCA_054643515.1_ASM5464351v1	Shovill-SKESA v. 1.1.0	PRJNA850520	490	A
GCA_054643495.1_ASM5464349v1	Shovill-SKESA v. 1.1.0	PRJNA850520	586	A
GCA_054643475.1_ASM5464347v1	Shovill-SKESA v. 1.1.0	PRJNA850520	612	alpha
GCA_054643615.1_ASM5464361v1	Shovill-SKESA v. 1.1.0	PRJNA850520	570	A
GCA_054643575.1_ASM5464357v1	Shovill-SKESA v. 1.1.0	PRJNA850520	663	alpha
GCA_054643455.1_ASM5464345v1	Shovill-SKESA v. 1.1.0	PRJNA850520	574	A
GCA_057661685.1_ASM5766168v1	Shovill-SKESA v. 1.1.0	PRJNA850520	607	A
GCA_057661665.1_ASM5766166v1	Shovill-SKESA v. 1.1.0	PRJNA850520	628	alpha
GCA_057661625.1_ASM5766162v1	Shovill-SKESA v. 1.1.0	PRJNA850520	749	alpha
GCA_057662045.1_ASM5766204v1	Shovill-SKESA v. 1.1.0	PRJNA850520	244	alpha
GCA_057662005.1_ASM5766200v1	Shovill-SKESA v. 1.1.0	PRJNA850520	230	A
GCA_057662025.1_ASM5766202v1	Shovill-SKESA v. 1.1.0	PRJNA850520	247	alpha
GCA_057661985.1_ASM5766198v1	Shovill-SKESA v. 1.1.0	PRJNA850520	262	alpha
GCA_057661965.1_ASM5766196v1	Shovill-SKESA v. 1.1.0	PRJNA850520	211	A
GCA_057661945.1_ASM5766194v1	Shovill-SKESA v. 1.1.0	PRJNA850520	240	alpha
GCA_057661925.1_ASM5766192v1	Shovill-SKESA v. 1.1.0	PRJNA850520	376	A
GCA_057661905.1_ASM5766190v1	Shovill-SKESA v. 1.1.0	PRJNA850520	412	alpha
GCA_057661885.1_ASM5766188v1	Shovill-SKESA v. 1.1.0	PRJNA850520	248	alpha
GCA_057661865.1_ASM5766186v1	Shovill-SKESA v. 1.1.0	PRJNA850520	237	alpha
GCA_057661845.1_ASM5766184v1	Shovill-SKESA v. 1.1.0	PRJNA850520	486	alpha
GCA_057661825.1_ASM5766182v1	Shovill-SKESA v. 1.1.0	PRJNA850520	220	A
GCA_057661805.1_ASM5766180v1	Shovill-SKESA v. 1.1.0	PRJNA850520	471	A
GCA_057661785.1_ASM5766178v1	Shovill-SKESA v. 1.1.0	PRJNA850520	396	A
GCA_057661745.1_ASM5766174v1	Shovill-SKESA v. 1.1.0	PRJNA850520	254	A
GCA_057661765.1_ASM5766176v1	Shovill-SKESA v. 1.1.0	PRJNA850520	397	A
GCA_057661725.1_ASM5766172v1	Shovill-SKESA v. 1.1.0	PRJNA850520	252	alpha
GCA_057661705.1_ASM5766170v1	Shovill-SKESA v. 1.1.0	PRJNA850520	269	alpha
GCA_057661105.1_ASM5766110v1	Shovill-SKESA v. 1.1.0	PRJNA850520	245	alpha
GCA_057661045.1_ASM5766104v1	Shovill-SKESA v. 1.1.0	PRJNA850520	606	A
GCA_057661005.1_ASM5766100v1	Shovill-SKESA v. 1.1.0	PRJNA850520	567	A
GCA_057660985.1_ASM5766098v1	Shovill-SKESA v. 1.1.0	PRJNA850520	607	A
GCA_057660885.1_ASM5766088v1	Shovill-SKESA v. 1.1.0	PRJNA850520	622	A
GCA_057660905.1_ASM5766090v1	Shovill-SKESA v. 1.1.0	PRJNA850520	661	A
GCA_057660925.1_ASM5766092v1	Shovill-SKESA v. 1.1.0	PRJNA850520	745	A
GCA_057660825.1_ASM5766082v1	Shovill-SKESA v. 1.1.0	PRJNA850520	496	alpha
GCA_057660845.1_ASM5766084v1	Shovill-SKESA v. 1.1.0	PRJNA850520	758	A
GCA_057660745.1_ASM5766074v1	Shovill-SKESA v. 1.1.0	PRJNA850520	1115	A
GCA_057660725.1_ASM5766072v1	Shovill-SKESA v. 1.1.0	PRJNA850520	1061	A
GCA_057660665.1_ASM5766066v1	Shovill-SKESA v. 1.1.0	PRJNA850520	1275	A
GCA_057660705.1_ASM5766070v1	Shovill-SKESA v. 1.1.0	PRJNA850520	1421	A
GCA_057661645.1_ASM5766164v1	Shovill-SKESA v. 1.1.0	PRJNA850520	242	alpha
GCA_057661505.1_ASM5766150v1	Shovill-SKESA v. 1.1.0	PRJNA850520	217	A
GCA_057661565.1_ASM5766156v1	Shovill-SKESA v. 1.1.0	PRJNA850520	242	A
GCA_057661515.1_ASM5766151v1	Shovill-SKESA v. 1.1.0	PRJNA850520	238	alpha
GCA_057661385.1_ASM5766138v1	Shovill-SKESA v. 1.1.0	PRJNA850520	245	A
GCA_057661445.1_ASM5766144v1	Shovill-SKESA v. 1.1.0	PRJNA850520	237	A
GCA_057661395.1_ASM5766139v1	Shovill-SKESA v. 1.1.0	PRJNA850520	254	alpha
GCA_057661365.1_ASM5766136v1	Shovill-SKESA v. 1.1.0	PRJNA850520	385	A
GCA_057661345.1_ASM5766134v1	Shovill-SKESA v. 1.1.0	PRJNA850520	390	A
GCA_057661305.1_ASM5766130v1	Shovill-SKESA v. 1.1.0	PRJNA850520	439	A
GCA_057661225.1_ASM5766122v1	Shovill-SKESA v. 1.1.0	PRJNA850520	410	A
GCA_057661245.1_ASM5766124v1	Shovill-SKESA v. 1.1.0	PRJNA850520	380	alpha
GCA_057661145.1_ASM5766114v1	Shovill-SKESA v. 1.1.0	PRJNA850520	422	alpha
GCA_057661125.1_ASM5766112v1	Shovill-SKESA v. 1.1.0	PRJNA850520	604	A
GCA_057660605.1_ASM5766060v1	Shovill-SKESA v. 1.1.0	PRJNA850520	261	alpha
GCA_057660585.1_ASM5766058v1	Shovill-SKESA v. 1.1.0	PRJNA850520	265	A
GCA_057660565.1_ASM5766056v1	Shovill-SKESA v. 1.1.0	PRJNA850520	261	A
GCA_057660525.1_ASM5766052v1	Shovill-SKESA v. 1.1.0	PRJNA850520	224	A
GCA_057660465.1_ASM5766046v1	Shovill-SKESA v. 1.1.0	PRJNA850520	255	alpha
GCA_057660445.1_ASM5766044v1	Shovill-SKESA v. 1.1.0	PRJNA850520	223	A
GCA_057660425.1_ASM5766042v1	Shovill-SKESA v. 1.1.0	PRJNA850520	287	alpha
GCA_057660325.1_ASM5766032v1	Shovill-SKESA v. 1.1.0	PRJNA850520	412	A
GCA_057660345.1_ASM5766034v1	Shovill-SKESA v. 1.1.0	PRJNA850520	392	A
GCA_057660305.1_ASM5766030v1	Shovill-SKESA v. 1.1.0	PRJNA850520	408	A
GCA_057660205.1_ASM5766020v1	Shovill-SKESA v. 1.1.0	PRJNA850520	394	A
GCA_057660185.1_ASM5766018v1	Shovill-SKESA v. 1.1.0	PRJNA850520	370	A
GCA_057660225.1_ASM5766022v1	Shovill-SKESA v. 1.1.0	PRJNA850520	412	A
GCA_056554995.1_ASM5655499v1	Shovill-SKESA v. 1.1.0	PRJNA850520	252	alpha
GCA_056554955.1_ASM5655495v1	Shovill-SKESA v. 1.1.0	PRJNA850520	244	A
GCA_056554895.1_ASM5655489v1	Shovill-SKESA v. 1.1.0	PRJNA850520	261	alpha
GCA_056555055.1_ASM5655505v1	Shovill-SKESA v. 1.1.0	PRJNA850520	264	alpha
GCA_056554925.1_ASM5655492v1	Shovill-SKESA v. 1.1.0	PRJNA850520	252	alpha
GCA_056554855.1_ASM5655485v1	Shovill-SKESA v. 1.1.0	PRJNA850520	286	alpha
GCA_056554875.1_ASM5655487v1	Shovill-SKESA v. 1.1.0	PRJNA850520	229	alpha
GCA_056555075.1_ASM5655507v1	Shovill-SKESA v. 1.1.0	PRJNA850520	235	A
GCA_056554975.1_ASM5655497v1	Shovill-SKESA v. 1.1.0	PRJNA850520	255	alpha
GCA_056555035.1_ASM5655503v1	Shovill-SKESA v. 1.1.0	PRJNA850520	270	alpha
GCA_056555015.1_ASM5655501v1	Shovill-SKESA v. 1.1.0	PRJNA850520	238	A
GCA_056554915.1_ASM5655491v1	Shovill-SKESA v. 1.1.0	PRJNA850520	417	A
GCA_056554835.1_ASM5655483v1	Shovill-SKESA v. 1.1.0	PRJNA850520	449	alpha
GCA_057190285.1_ASM5719028v1	Shovill-SKESA v. 1.1.0	PRJNA850520	228	alpha
GCA_057190225.1_ASM5719022v1	Shovill-SKESA v. 1.1.0	PRJNA850520	259	A
GCA_057190175.1_ASM5719017v1	Shovill-SKESA v. 1.1.0	PRJNA850520	246	alpha
GCA_057190165.1_ASM5719016v1	Shovill-SKESA v. 1.1.0	PRJNA850520	241	A
GCA_057190135.1_ASM5719013v1	Shovill-SKESA v. 1.1.0	PRJNA850520	248	A
GCA_057190055.1_ASM5719005v1	Shovill-SKESA v. 1.1.0	PRJNA850520	251	A
GCA_057190045.1_ASM5719004v1	Shovill-SKESA v. 1.1.0	PRJNA850520	260	A
GCA_057190025.1_ASM5719002v1	Shovill-SKESA v. 1.1.0	PRJNA850520	262	A
GCA_057189905.1_ASM5718990v1	Shovill-SKESA v. 1.1.0	PRJNA850520	262	A
GCA_057189925.1_ASM5718992v1	Shovill-SKESA v. 1.1.0	PRJNA850520	272	A
GCA_057189915.1_ASM5718991v1	Shovill-SKESA v. 1.1.0	PRJNA850520	267	alpha
GCA_057189785.1_ASM5718978v1	Shovill-SKESA v. 1.1.0	PRJNA850520	267	alpha
GCA_057189795.1_ASM5718979v1	Shovill-SKESA v. 1.1.0	PRJNA850520	572	alpha
GCA_057189805.1_ASM5718980v1	Shovill-SKESA v. 1.1.0	PRJNA850520	592	A
GCA_057659505.1_ASM5765950v1	Shovill-SKESA v. 1.1.0	PRJNA850520	275	alpha
GCA_057659425.1_ASM5765942v1	Shovill-SKESA v. 1.1.0	PRJNA850520	222	A
GCA_057659365.1_ASM5765936v1	Shovill-SKESA v. 1.1.0	PRJNA850520	223	A
GCA_057659405.1_ASM5765940v1	Shovill-SKESA v. 1.1.0	PRJNA850520	461	A
GCA_057659245.1_ASM5765924v1	Shovill-SKESA v. 1.1.0	PRJNA850520	237	alpha
GCA_057659265.1_ASM5765926v1	Shovill-SKESA v. 1.1.0	PRJNA850520	251	A
GCA_057659255.1_ASM5765925v1	Shovill-SKESA v. 1.1.0	PRJNA850520	217	A
GCA_057659125.1_ASM5765912v1	Shovill-SKESA v. 1.1.0	PRJNA850520	255	A
GCA_057659185.1_ASM5765918v1	Shovill-SKESA v. 1.1.0	PRJNA850520	253	A
GCA_057659165.1_ASM5765916v1	Shovill-SKESA v. 1.1.0	PRJNA850520	261	A
GCA_057659005.1_ASM5765900v1	Shovill-SKESA v. 1.1.0	PRJNA850520	244	alpha
GCA_057383645.1_ASM5738364v1	Shovill-SKESA v. 1.1.0	PRJNA850520	246	A
GCA_057383605.1_ASM5738360v1	Shovill-SKESA v. 1.1.0	PRJNA850520	261	alpha
GCA_057383615.1_ASM5738361v1	Shovill-SKESA v. 1.1.0	PRJNA850520	269	alpha
GCA_057383585.1_ASM5738358v1	Shovill-SKESA v. 1.1.0	PRJNA850520	220	A
GCA_057383545.1_ASM5738354v1	Shovill-SKESA v. 1.1.0	PRJNA850520	255	alpha
GCA_057383555.1_ASM5738355v1	Shovill-SKESA v. 1.1.0	PRJNA850520	245	A
GCA_057383525.1_ASM5738352v1	Shovill-SKESA v. 1.1.0	PRJNA850520	383	A
GCA_057383485.1_ASM5738348v1	Shovill-SKESA v. 1.1.0	PRJNA850520	385	A
GCA_057383495.1_ASM5738349v1	Shovill-SKESA v. 1.1.0	PRJNA850520	423	alpha
GCA_057383465.1_ASM5738346v1	Shovill-SKESA v. 1.1.0	PRJNA850520	391	A
GCA_057383435.1_ASM5738343v1	Shovill-SKESA v. 1.1.0	PRJNA850520	438	A
GCA_057383425.1_ASM5738342v1	Shovill-SKESA v. 1.1.0	PRJNA850520	452	A
GCA_057658725.1_ASM5765872v1	Shovill-SKESA v. 1.1.0	PRJNA850520	474	alpha
GCA_057658405.1_ASM5765840v1	Shovill-SKESA v. 1.1.0	PRJNA850520	235	alpha
GCA_057658505.1_ASM5765850v1	Shovill-SKESA v. 1.1.0	PRJNA850520	404	A
GCA_057658845.1_ASM5765884v1	Shovill-SKESA v. 1.1.0	PRJNA850520	219	A
GCA_057658585.1_ASM5765858v1	Shovill-SKESA v. 1.1.0	PRJNA850520	241	alpha
GCA_057658625.1_ASM5765862v1	Shovill-SKESA v. 1.1.0	PRJNA850520	237	A
GCA_057658815.1_ASM5765881v1	Shovill-SKESA v. 1.1.0	PRJNA850520	236	A
GCA_057658315.1_ASM5765831v1	Shovill-SKESA v. 1.1.0	PRJNA850520	418	A
GCA_057658895.1_ASM5765889v1	Shovill-SKESA v. 1.1.0	PRJNA850520	439	alpha
GCA_057658745.1_ASM5765874v1	Shovill-SKESA v. 1.1.0	PRJNA850520	228	A
GCA_057658605.1_ASM5765860v1	Shovill-SKESA v. 1.1.0	PRJNA850520	415	alpha
GCA_057658225.1_ASM5765822v1	Shovill-SKESA v. 1.1.0	PRJNA850520	258	alpha
GCA_057658415.1_ASM5765841v1	Shovill-SKESA v. 1.1.0	PRJNA850520	242	A
GCA_057658685.1_ASM5765868v1	Shovill-SKESA v. 1.1.0	PRJNA850520	407	A
GCA_057658785.1_ASM5765878v1	Shovill-SKESA v. 1.1.0	PRJNA850520	246	A
GCA_058224355.1_ASM5822435v1	Shovill-SKESA v. 1.1.0	PRJNA850520	308	alpha
GCA_058224325.1_ASM5822432v1	Shovill-SKESA v. 1.1.0	PRJNA850520	260	alpha
GCA_058224305.1_ASM5822430v1	Shovill-SKESA v. 1.1.0	PRJNA850520	269	alpha
GCA_058224225.1_ASM5822422v1	Shovill-SKESA v. 1.1.0	PRJNA850520	272	alpha
GCA_058224205.1_ASM5822420v1	Shovill-SKESA v. 1.1.0	PRJNA850520	268	alpha
GCA_058224185.1_ASM5822418v1	Shovill-SKESA v. 1.1.0	PRJNA850520	256	alpha
GCA_058224285.1_ASM5822428v1	Shovill-SKESA v. 1.1.0	PRJNA850520	272	alpha
GCA_058224025.1_ASM5822402v1	Shovill-SKESA v. 1.1.0	PRJNA850520	257	A
GCA_058224265.1_ASM5822426v1	Shovill-SKESA v. 1.1.0	PRJNA850520	253	A
GCA_058224245.1_ASM5822424v1	Shovill-SKESA v. 1.1.0	PRJNA850520	240	A
GCA_058224165.1_ASM5822416v1	Shovill-SKESA v. 1.1.0	PRJNA850520	234	A
GCA_058224105.1_ASM5822410v1	Shovill-SKESA v. 1.1.0	PRJNA850520	417	A
GCA_058223905.1_ASM5822390v1	Shovill-SKESA v. 1.1.0	PRJNA850520	421	A
GCA_058224145.1_ASM5822414v1	Shovill-SKESA v. 1.1.0	PRJNA850520	438	alpha
GCA_058224125.1_ASM5822412v1	Shovill-SKESA v. 1.1.0	PRJNA850520	391	A
GCA_058223945.1_ASM5822394v1	Shovill-SKESA v. 1.1.0	PRJNA850520	418	alpha
GCA_058223965.1_ASM5822396v1	Shovill-SKESA v. 1.1.0	PRJNA850520	449	A
GCA_058224085.1_ASM5822408v1	Shovill-SKESA v. 1.1.0	PRJNA850520	424	A
GCA_058224065.1_ASM5822406v1	Shovill-SKESA v. 1.1.0	PRJNA850520	392	alpha
GCA_058223985.1_ASM5822398v1	Shovill-SKESA v. 1.1.0	PRJNA850520	434	A
GCA_058224345.1_ASM5822434v1	Shovill-SKESA v. 1.1.0	PRJNA850520	422	A
GCA_058223875.1_ASM5822387v1	Shovill-SKESA v. 1.1.0	PRJNA850520	608	A
GCA_058223925.1_ASM5822392v1	Shovill-SKESA v. 1.1.0	PRJNA850520	572	A
GCA_058224045.1_ASM5822404v1	Shovill-SKESA v. 1.1.0	PRJNA850520	602	A
GCA_058224005.1_ASM5822400v1	Shovill-SKESA v. 1.1.0	PRJNA850520	636	A
GCA_059748995.1_ASM5974899v1	Shovill-SKESA v. 1.1.0	PRJNA850520	302	A
GCA_059749005.1_ASM5974900v1	Shovill-SKESA v. 1.1.0	PRJNA850520	332	A
GCA_059748955.1_ASM5974895v1	Shovill-SKESA v. 1.1.0	PRJNA850520	362	A
GCA_059748895.1_ASM5974889v1	Shovill-SKESA v. 1.1.0	PRJNA850520	351	A
GCA_059748855.1_ASM5974885v1	Shovill-SKESA v. 1.1.0	PRJNA850520	356	alpha
GCA_059748835.1_ASM5974883v1	Shovill-SKESA v. 1.1.0	PRJNA850520	322	A
GCA_059748765.1_ASM5974876v1	Shovill-SKESA v. 1.1.0	PRJNA850520	350	alpha
GCA_059748755.1_ASM5974875v1	Shovill-SKESA v. 1.1.0	PRJNA850520	541	A
GCA_059748715.1_ASM5974871v1	Shovill-SKESA v. 1.1.0	PRJNA850520	583	A
GCA_059748675.1_ASM5974867v1	Shovill-SKESA v. 1.1.0	PRJNA850520	579	A
GCA_059748615.1_ASM5974861v1	Shovill-SKESA v. 1.1.0	PRJNA850520	571	A
GCA_059748575.1_ASM5974857v1	Shovill-SKESA v. 1.1.0	PRJNA850520	497	alpha
GCA_059748545.1_ASM5974854v1	Shovill-SKESA v. 1.1.0	PRJNA850520	496	A
GCA_059748535.1_ASM5974853v1	Shovill-SKESA v. 1.1.0	PRJNA850520	529	alpha
GCA_059748455.1_ASM5974845v1	Shovill-SKESA v. 1.1.0	PRJNA850520	496	A
GCA_059748395.1_ASM5974839v1	Shovill-SKESA v. 1.1.0	PRJNA850520	497	A
GCA_059748405.1_ASM5974840v1	Shovill-SKESA v. 1.1.0	PRJNA850520	494	A
GCA_059748335.1_ASM5974833v1	Shovill-SKESA v. 1.1.0	PRJNA850520	520	A
GCA_059748285.1_ASM5974828v1	Shovill-SKESA v. 1.1.0	PRJNA850520	564	A
GCA_059748265.1_ASM5974826v1	Shovill-SKESA v. 1.1.0	PRJNA850520	524	A
GCA_059748255.1_ASM5974825v1	Shovill-SKESA v. 1.1.0	PRJNA850520	502	A
GCA_059748155.1_ASM5974815v1	Shovill-SKESA v. 1.1.0	PRJNA850520	604	alpha
GCA_059748135.1_ASM5974813v1	Shovill-SKESA v. 1.1.0	PRJNA850520	526	A
GCA_059748185.1_ASM5974818v1	Shovill-SKESA v. 1.1.0	PRJNA850520	485	A
GCA_059748025.1_ASM5974802v1	Shovill-SKESA v. 1.1.0	PRJNA850520	499	A
GCA_059748005.1_ASM5974800v1	Shovill-SKESA v. 1.1.0	PRJNA850520	559	A
GCA_059747915.1_ASM5974791v1	Shovill-SKESA v. 1.1.0	PRJNA850520	491	A
GCA_059747905.1_ASM5974790v1	Shovill-SKESA v. 1.1.0	PRJNA850520	516	A
GCA_059747885.1_ASM5974788v1	Shovill-SKESA v. 1.1.0	PRJNA850520	552	A
GCA_059747805.1_ASM5974780v1	Shovill-SKESA v. 1.1.0	PRJNA850520	559	A
GCA_059747775.1_ASM5974777v1	Shovill-SKESA v. 1.1.0	PRJNA850520	619	A
GCA_059747765.1_ASM5974776v1	Shovill-SKESA v. 1.1.0	PRJNA850520	611	A
GCA_059747675.1_ASM5974767v1	Shovill-SKESA v. 1.1.0	PRJNA850520	610	A
GCA_059747645.1_ASM5974764v1	Shovill-SKESA v. 1.1.0	PRJNA850520	557	A
GCA_059747665.1_ASM5974766v1	Shovill-SKESA v. 1.1.0	PRJNA850520	595	A
GCA_059747575.1_ASM5974757v1	Shovill-SKESA v. 1.1.0	PRJNA850520	636	A
GCA_059747535.1_ASM5974753v1	Shovill-SKESA v. 1.1.0	PRJNA850520	619	alpha
GCA_059747515.1_ASM5974751v1	Shovill-SKESA v. 1.1.0	PRJNA850520	671	A
GCA_059747455.1_ASM5974745v1	Shovill-SKESA v. 1.1.0	PRJNA850520	659	A
GCA_059747405.1_ASM5974740v1	Shovill-SKESA v. 1.1.0	PRJNA850520	767	alpha
GCA_059747355.1_ASM5974735v1	Shovill-SKESA v. 1.1.0	PRJNA850520	715	alpha
GCA_059747335.1_ASM5974733v1	Shovill-SKESA v. 1.1.0	PRJNA850520	704	alpha
GCA_059747275.1_ASM5974727v1	Shovill-SKESA v. 1.1.0	PRJNA850520	910	A
GCA_059747285.1_ASM5974728v1	Shovill-SKESA v. 1.1.0	PRJNA850520	785	A
GCA_059747195.1_ASM5974719v1	Shovill-SKESA v. 1.1.0	PRJNA850520	811	A
GCA_059747095.1_ASM5974709v1	Shovill-SKESA v. 1.1.0	PRJNA850520	778	A
GCA_059746485.1_ASM5974648v1	Shovill-SKESA v. 1.1.0	PRJNA850520	601	alpha
GCA_059746475.1_ASM5974647v1	Shovill-SKESA v. 1.1.0	PRJNA850520	510	alpha
GCA_059746545.1_ASM5974654v1	Shovill-SKESA v. 1.1.0	PRJNA850520	575	A
GCA_059746775.1_ASM5974677v1	Shovill-SKESA v. 1.1.0	PRJNA850520	726	A
GCA_059746655.1_ASM5974665v1	Shovill-SKESA v. 1.1.0	PRJNA850520	712	A
GCA_059746645.1_ASM5974664v1	Shovill-SKESA v. 1.1.0	PRJNA850520	592	A
GCA_059746535.1_ASM5974653v1	Shovill-SKESA v. 1.1.0	PRJNA850520	623	A
GCA_059746635.1_ASM5974663v1	Shovill-SKESA v. 1.1.0	PRJNA850520	620	A
GCA_059746755.1_ASM5974675v1	Shovill-SKESA v. 1.1.0	PRJNA850520	784	A
GCA_059997185.1_ASM5999718v1	Shovill-SKESA v. 1.1.0	PRJNA850520	335	alpha
GCA_059997025.1_ASM5999702v1	Shovill-SKESA v. 1.1.0	PRJNA850520	337	A
GCA_059997225.1_ASM5999722v1	Shovill-SKESA v. 1.1.0	PRJNA850520	312	alpha
GCA_059997205.1_ASM5999720v1	Shovill-SKESA v. 1.1.0	PRJNA850520	328	A
GCA_059997145.1_ASM5999714v1	Shovill-SKESA v. 1.1.0	PRJNA850520	299	A
GCA_059997165.1_ASM5999716v1	Shovill-SKESA v. 1.1.0	PRJNA850520	694	A
GCA_059997045.1_ASM5999704v1	Shovill-SKESA v. 1.1.0	PRJNA850520	318	A
GCA_059997085.1_ASM5999708v1	Shovill-SKESA v. 1.1.0	PRJNA850520	341	A
GCA_059996865.1_ASM5999686v1	Shovill-SKESA v. 1.1.0	PRJNA850520	323	A
GCA_059997125.1_ASM5999712v1	Shovill-SKESA v. 1.1.0	PRJNA850520	312	alpha
GCA_059997075.1_ASM5999707v1	Shovill-SKESA v. 1.1.0	PRJNA850520	320	A
GCA_059996785.1_ASM5999678v1	Shovill-SKESA v. 1.1.0	PRJNA850520	533	A
GCA_059996995.1_ASM5999699v1	Shovill-SKESA v. 1.1.0	PRJNA850520	338	A
GCA_059996985.1_ASM5999698v1	Shovill-SKESA v. 1.1.0	PRJNA850520	350	A
GCA_059996485.1_ASM5999648v1	Shovill-SKESA v. 1.1.0	PRJNA850520	475	A
GCA_059996465.1_ASM5999646v1	Shovill-SKESA v. 1.1.0	PRJNA850520	516	A
GCA_059996905.1_ASM5999690v1	Shovill-SKESA v. 1.1.0	PRJNA850520	521	A
GCA_059996845.1_ASM5999684v1	Shovill-SKESA v. 1.1.0	PRJNA850520	524	alpha
GCA_059996965.1_ASM5999696v1	Shovill-SKESA v. 1.1.0	PRJNA850520	467	A
GCA_059996915.1_ASM5999691v1	Shovill-SKESA v. 1.1.0	PRJNA850520	516	A
GCA_059996945.1_ASM5999694v1	Shovill-SKESA v. 1.1.0	PRJNA850520	559	A
GCA_059996885.1_ASM5999688v1	Shovill-SKESA v. 1.1.0	PRJNA850520	509	A
GCA_059996805.1_ASM5999680v1	Shovill-SKESA v. 1.1.0	PRJNA850520	514	A
GCA_059996795.1_ASM5999679v1	Shovill-SKESA v. 1.1.0	PRJNA850520	550	A
GCA_059996755.1_ASM5999675v1	Shovill-SKESA v. 1.1.0	PRJNA850520	584	A
GCA_059996645.1_ASM5999664v1	Shovill-SKESA v. 1.1.0	PRJNA850520	549	alpha
GCA_059996665.1_ASM5999666v1	Shovill-SKESA v. 1.1.0	PRJNA850520	501	A
GCA_059996615.1_ASM5999661v1	Shovill-SKESA v. 1.1.0	PRJNA850520	549	A
GCA_059996605.1_ASM5999660v1	Shovill-SKESA v. 1.1.0	PRJNA850520	569	A
GCA_059996565.1_ASM5999656v1	Shovill-SKESA v. 1.1.0	PRJNA850520	546	A
GCA_059996585.1_ASM5999658v1	Shovill-SKESA v. 1.1.0	PRJNA850520	626	alpha
GCA_059996425.1_ASM5999642v1	Shovill-SKESA v. 1.1.0	PRJNA850520	588	A
GCA_059996545.1_ASM5999654v1	Shovill-SKESA v. 1.1.0	PRJNA850520	715	alpha
GCA_059996725.1_ASM5999672v1	Shovill-SKESA v. 1.1.0	PRJNA850520	690	A
GCA_059996505.1_ASM5999650v1	Shovill-SKESA v. 1.1.0	PRJNA850520	718	alpha
GCA_059996525.1_ASM5999652v1	Shovill-SKESA v. 1.1.0	PRJNA850520	751	A
GCA_059996735.1_ASM5999673v1	Shovill-SKESA v. 1.1.0	PRJNA850520	794	alpha
GCA_059996705.1_ASM5999670v1	Shovill-SKESA v. 1.1.0	PRJNA850520	666	A
GCA_059996675.1_ASM5999667v1	Shovill-SKESA v. 1.1.0	PRJNA850520	669	A
GCA_047910675.1_ASM4791067v1	Microbial Genome Analysis v. 13.0.0.214433	PRJNA1199391	7	A
GCA_041381755.1_ASM4138175v1	HGAP v. SEP-2021	PRJNA1036037	7	A
GCA_005234155.1_ASM523415v1	Unicycler (miniasm) v. 0.4.3	PRJNA540998	9	alpha
GCA_060251935.1_M1079-24-C-AURIS-GR	Flye v. v2.9.2-b1786	PRJNA1449068	8	A
GCA_049637835.1_ASM4963783v1	Geneious Prime v. 2024.0.1	PRJNA1231771	67	A
GCA_049637805.1_ASM4963780v1	Geneious Prime v. 2024.0.1	PRJNA1231771	52	A
GCA_060221845.1_M3-25-C-AURIS-GR	Flye v. v2.9.2-b1786	PRJNA1449068	7	A
GCA_049637775.1_ASM4963777v1	Geneious Prime v. 2024.0.1	PRJNA1231771	70	A
GCA_058127235.1_M431-23-C-AURIS-GR	Flye v. v2.9.2-b1786	PRJNA1449068	701	A
GCA_058129685.1_M498-23-C-AURIS-GR	Flye v. v2.9.2-b1786	PRJNA1449068	2114	A
GCA_060251905.1_M611-23-C-AURIS-GR	Flye v. v2.9.2-b1786	PRJNA1449068	11	A
GCA_060221765.1_M652-24-C-AURIS-GR	Flye v. v2.9.2-b1786	PRJNA1449068	10	A
GCA_053175885.1_17Y-049_genome_20251002	SPAdes v. 3.15.5	PRJNA1343880	226	alpha
GCA_053175865.1_17Y-125_genome_20251003	SPAdes v. 3.15.5	PRJNA1343880	214	alpha
GCA_053176715.1_18Y-162_genome_20251003	SPAdes v. 3.15.5	PRJNA1343880	243	alpha
GCA_053176405.1_19Y-157_genome_20251003	SPAdes v. 3.15.5	PRJNA1343880	225	alpha
GCA_053175795.1_18Y-165_genome_20251003	SPAdes v. 3.15.5	PRJNA1343880	196	alpha
GCA_053175775.1_18Y-166_genome_20251003	SPAdes v. 3.15.5	PRJNA1343880	189	alpha
GCA_053176175.1_19Y-112_genome_20251003	SPAdes v. 3.15.5	PRJNA1343880	203	alpha
GCA_053176535.1_19Y-113_genome_20251003	SPAdes v. 3.15.5	PRJNA1343880	371	alpha
GCA_053176225.1_19Y-114_genome_20251003	SPAdes v. 3.15.5	PRJNA1343880	199	alpha
GCA_053176525.1_19Y-115_genome_20251003	SPAdes v. 3.15.5	PRJNA1343880	281	alpha
GCA_053176165.1_19Y-118_genome_20251002	SPAdes v. 3.15.5	PRJNA1343880	250	alpha
GCA_053176495.1_19Y-110_genome_20251002	SPAdes v. 3.15.5	PRJNA1343880	219	alpha
GCA_053176735.1_19Y-124_genome_20251002	SPAdes v. 3.15.5	PRJNA1343880	212	alpha
GCA_053176885.1_19Y-133_genome_20251003	SPAdes v. 3.15.5	PRJNA1343880	239	alpha
GCA_053176805.1_19Y-102_genome_20251003	SPAdes v. 3.15.5	PRJNA1343880	184	alpha
GCA_053176265.1_19Y-169_genome_20251003	SPAdes v. 3.15.5	PRJNA1343880	324	alpha
GCA_053176815.1_19Y-168_genome_20251003	SPAdes v. 3.15.5	PRJNA1343880	225	alpha
GCA_053176625.1_19Y-167_genome_20251003	SPAdes v. 3.15.5	PRJNA1343880	221	alpha
GCA_053176445.1_19Y-160_genome_20251003	SPAdes v. 3.15.5	PRJNA1343880	203	alpha
GCA_053176065.1_19Y-166_genome_20251003	SPAdes v. 3.15.5	PRJNA1343880	198	alpha
GCA_053176575.1_19Y-174_genome_20251002	SPAdes v. 3.15.5	PRJNA1343880	223	alpha
GCA_053176615.1_19Y-164_genome_20251003	SPAdes v. 3.15.5	PRJNA1343880	232	alpha
GCA_053175955.1_19Y-028_genome_20251003	SPAdes v. 3.15.5	PRJNA1343880	202	alpha
GCA_053176795.1_19Y-031_genome_20251002	SPAdes v. 3.15.5	PRJNA1343880	230	alpha
GCA_053176435.1_19Y-032_genome_20251002	SPAdes v. 3.15.5	PRJNA1343880	198	alpha
GCA_053175975.1_19Y-034_genome_20251002	SPAdes v. 3.15.5	PRJNA1343880	225	alpha
GCA_053176255.1_19Y-035_genome_20251002	SPAdes v. 3.15.5	PRJNA1343880	193	alpha
GCA_053176105.1_19Y-036_genome_20251002	SPAdes v. 3.15.5	PRJNA1343880	207	alpha
GCA_053176345.1_19Y-038_genome_20251002	SPAdes v. 3.15.5	PRJNA1343880	225	alpha
GCA_053176005.1_19Y-039_genome_20251002	SPAdes v. 3.15.5	PRJNA1343880	223	alpha
GCA_053176315.1_19Y-040_genome_20251002	SPAdes v. 3.15.5	PRJNA1343880	216	alpha
GCA_053176045.1_18Y-170_genome_20251003	SPAdes v. 3.15.5	PRJNA1343880	199	alpha
GCA_053175785.1_18Y-092_genome_20251003	SPAdes v. 3.15.5	PRJNA1343880	193	alpha
GCA_053176365.1_18Y-094_genome_20251003	SPAdes v. 3.15.5	PRJNA1343880	210	alpha
GCA_053175905.1_19Y-056_genome_20251002	SPAdes v. 3.15.5	PRJNA1343880	226	alpha
GCA_053176645.1_19Y-057_genome_20251002	SPAdes v. 3.15.5	PRJNA1343880	206	alpha
GCA_053176895.1_19Y-058_genome_20251002	SPAdes v. 3.15.5	PRJNA1343880	260	alpha
GCA_053176705.1_20Y-001_genome_20251002	SPAdes v. 3.15.5	PRJNA1343880	225	alpha
GCA_053176135.1_19Y-062_genome_20251002	SPAdes v. 3.15.5	PRJNA1343880	327	alpha
GCA_029619135.1_ASM2961913v1	Newbler v. 2.9	PRJNA903931	707	A
GCA_029618695.1_ASM2961869v1	Newbler v. 2.9	PRJNA903931	754	A
GCA_029618685.1_ASM2961868v1	Newbler v. 2.9	PRJNA903931	789	A
GCA_029619145.1_ASM2961914v1	Newbler v. 2.9	PRJNA903931	751	A
GCA_029618675.1_ASM2961867v1	Newbler v. 2.9	PRJNA903931	801	A
GCA_049728825.1_MUTCD0001	SPAdes v. v3.13.0	PRJNA1244779	133	A
GCA_049637655.1_ASM4963765v1	Geneious Prime v. 2024.0.1	PRJNA1231771	68	A
GCA_049637675.1_ASM4963767v1	Geneious Prime v. 2024.0.1	PRJNA1231771	50	A
GCA_049637625.1_ASM4963762v1	Geneious Prime v. 2024.0.1	PRJNA1231771	47	A
GCA_049637515.1_ASM4963751v1	Geneious Prime v. 2024.0.1	PRJNA1231771	28	A
GCA_049637505.1_ASM4963750v1	Geneious Prime v. 2024.0.1	PRJNA1231771	55	A
GCA_049636255.1_ASM4963625v1	Geneious Prime v. 2024.0.1	PRJNA1231771	156	A
GCA_049636865.1_ASM4963686v1	Geneious Prime v. 2024.0.1	PRJNA1231771	50	A
GCA_049636505.1_ASM4963650v1	Geneious Prime v. 2024.0.1	PRJNA1231771	24	A
GCA_049636475.1_ASM4963647v1	Geneious Prime v. 2024.0.1	PRJNA1231771	23	A
GCA_046563085.1_ASM4656308v1	flye v. 2.9.5-b1801	PRJNA1185736	7	A
GCA_026743825.1_Candida_auris_PL1	SPAdes v. 3.15.3	PRJNA863457	779	A
GCA_041381095.1_ASM4138109v1	SPAdes v. 3.15.3	PRJNA1008379	137	A
GCA_004287075.1_RCPF-1821	SPAdes v. 3.9.0	PRJNA514082	470	A
GCA_053223615.1_ASM5322361v1	SPAdes v. 3.15.3	PRJNA1163541	66	A
GCA_049636335.1_ASM4963633v1	Geneious Prime v. 2024.0.1	PRJNA1231771	138	A
GCA_049635935.1_ASM4963593v1	Geneious Prime v. 2024.0.1	PRJNA1231771	134	A
GCA_049635645.1_ASM4963564v1	Geneious Prime v. 2024.0.1	PRJNA1231771	122	A
GCA_044589395.1_ASM4458939v1	MGAP v. 2.2	PRJNA1177213	68	A
GCA_041026505.1_ASM4102650v1	CLC Genomics Workbench v. 12.0.3	PRJNA1140147	470	uncalled
GCA_041026585.1_ASM4102658v1	CLC Genomics Workbench v. 12.0.3	PRJNA1140147	465	uncalled
GCA_041026605.1_ASM4102660v1	CLC Genomics Workbench v. 12.0.3	PRJNA1140147	450	uncalled
GCA_041026525.1_ASM4102652v1	CLC Genomics Workbench v. 12.0.3	PRJNA1140147	471	uncalled
GCA_041026465.1_ASM4102646v1	CLC Genomics Workbench v. 12.0.3	PRJNA1140147	317	uncalled
GCA_041026565.1_ASM4102656v1	CLC Genomics Workbench v. 12.0.3	PRJNA1140147	477	uncalled
GCA_041026545.1_ASM4102654v1	CLC Genomics Workbench v. 12.0.3	PRJNA1140147	489	uncalled
GCA_041026485.1_ASM4102648v1	CLC Genomics Workbench v. 12.0.3	PRJNA1140147	480	uncalled
GCA_049307545.1_ASM4930754v1	Unicycler v. v. 0.5.0	PRJNA269675	384	A
GCA_046331985.1_ASM4633198v1	Unicycler v. 0.5.0	PRJNA269675	986	A
GCA_046331915.1_ASM4633191v1	Unicycler v. 0.5.0	PRJNA269675	622	A
GCA_046331895.1_ASM4633189v1	Unicycler v. 0.5.0	PRJNA269675	48	A
GCA_046331885.1_ASM4633188v1	Unicycler v. 0.5.0	PRJNA269675	65	A
GCA_046331905.1_ASM4633190v1	Unicycler v. 0.5.0	PRJNA269675	44	A
GCA_046331925.1_ASM4633192v1	Unicycler v. 0.5.0	PRJNA269675	39	A
GCA_046331795.1_ASM4633179v1	Unicycler v. 0.5.0	PRJNA269675	41	A
GCA_046331805.1_ASM4633180v1	Unicycler v. 0.5.0	PRJNA269675	34	A
GCA_046331825.1_ASM4633182v1	Unicycler v. 0.5.0	PRJNA269675	32	A
GCA_046331785.1_ASM4633178v1	Unicycler v. 0.5.0	PRJNA269675	889	A
GCA_046331815.1_ASM4633181v1	Unicycler v. 0.5.0	PRJNA269675	45	A
GCA_049307125.1_ASM4930712v1	Unicycler v. v. 0.5.0	PRJNA269675	40	A
GCA_049863235.1_ASM4986323v1	Flye v. 2.9.3	PRJNA1228295	7	A
GCA_050656175.1_ASM5065617v1	Flye v. 2.9.3	PRJNA1122935	7	A
GCA_050656165.1_ASM5065616v1	Flye v. 2.9.3	PRJNA1122935	11	A
GCA_050656055.1_ASM5065605v1	Flye v. 2.9.3	PRJNA1122935	9	A
GCA_050656045.1_ASM5065604v1	Flye v. 2.9.3	PRJNA1122935	7	A
GCA_050656065.1_ASM5065606v1	Flye v. 2.9.3	PRJNA1122935	7	A
GCA_049863305.1_ASM4986330v1	Flye v. 2.9.3	PRJNA1228295	145	A
GCA_049863345.1_ASM4986334v1	Flye v. 2.9.3	PRJNA1228295	104	A
GCA_049634905.1_ASM4963490v1	Geneious Prime v. 2024.0.1	PRJNA1231771	138	A
GCA_049634895.1_ASM4963489v1	Geneious Prime v. 2024.0.1	PRJNA1231771	171	A
GCA_049634865.1_ASM4963486v1	Geneious Prime v. 2024.0.1	PRJNA1231771	151	A
GCA_049635375.1_ASM4963537v1	Geneious Prime v. 2024.0.1	PRJNA1231771	145	A
GCA_049635315.1_ASM4963531v1	Geneious Prime v. 2024.0.1	PRJNA1231771	8	A
GCA_049635195.1_ASM4963519v1	Geneious Prime v. 2024.0.1	PRJNA1231771	158	A
GCA_049635045.1_ASM4963504v1	Geneious Prime v. 2024.0.1	PRJNA1231771	154	A
GCA_049635055.1_ASM4963505v1	Geneious Prime v. 2024.0.1	PRJNA1231771	137	A
GCA_049635015.1_ASM4963501v1	Geneious Prime v. 2024.0.1	PRJNA1231771	171	A
GCA_049637475.1_ASM4963747v1	Geneious Prime v. 2024.0.1	PRJNA1231771	56	A
GCA_049637365.1_ASM4963736v1	Geneious Prime v. 2024.0.1	PRJNA1231771	60	A
GCA_049637355.1_ASM4963735v1	Geneious Prime v. 2024.0.1	PRJNA1231771	58	A
GCA_049636055.1_ASM4963605v1	Geneious Prime v. 2024.0.1	PRJNA1231771	125	A
GCA_049635875.1_ASM4963587v1	Geneious Prime v. 2024.0.1	PRJNA1231771	122	A
GCA_049635795.1_ASM4963579v1	Geneious Prime v. 2024.0.1	PRJNA1231771	93	A
GCA_049635735.1_ASM4963573v1	Geneious Prime v. 2024.0.1	PRJNA1231771	151	A
GCA_049635615.1_ASM4963561v1	Geneious Prime v. 2024.0.1	PRJNA1231771	174	A
GCA_049635495.1_ASM4963549v1	Geneious Prime v. 2024.0.1	PRJNA1231771	152	A
GCA_053360865.1_UANL_Cauris_1	Canu v. 2.2	PRJNA1235324	7	A
GCA_050437075.1_UFSCAURIS1	SPAdes v. 3.14.1	PRJNA1214514	100	alpha
