BFD__GCA_019677225.1_ASM1967722v1	/bigdata/stajichlab/shared/projects/BFD/Fungi_BFD_runs/input_clean_genomes/GCA_019677225.1_ASM1967722v1.fa.gz
BFD__GCA_050656855.1_ASM5065685v1	/bigdata/stajichlab/shared/projects/BFD/Fungi_BFD_runs/input_clean_genomes/GCA_050656855.1_ASM5065685v1.fa.gz
BFD__GCA_014839865.1_ASM1483986v1	/bigdata/stajichlab/shared/projects/BFD/Fungi_BFD_runs/input_clean_genomes/GCA_014839865.1_ASM1483986v1.fa.gz
BFD__GCA_000696975.1_ApoTraB9324-1.0	/bigdata/stajichlab/shared/projects/BFD/Fungi_BFD_runs/input_clean_genomes/GCA_000696975.1_ApoTraB9324-1.0.fa.gz
BFD__GCA_025399235.1_Bacci1	/bigdata/stajichlab/shared/projects/BFD/Fungi_BFD_runs/input_clean_genomes/GCA_025399235.1_Bacci1.fa.gz
BFD__GCA_024139405.1_ASM2413940v1	/bigdata/stajichlab/shared/projects/BFD/Fungi_BFD_runs/input_clean_genomes/GCA_024139405.1_ASM2413940v1.fa.gz
BFD__GCA_024139495.1_ASM2413949v1	/bigdata/stajichlab/shared/projects/BFD/Fungi_BFD_runs/input_clean_genomes/GCA_024139495.1_ASM2413949v1.fa.gz
BFD__GCA_025766325.1_Benpoi1	/bigdata/stajichlab/shared/projects/BFD/Fungi_BFD_runs/input_clean_genomes/GCA_025766325.1_Benpoi1.fa.gz
BFD__GCA_025331435.1_Chocucu1	/bigdata/stajichlab/shared/projects/BFD/Fungi_BFD_runs/input_clean_genomes/GCA_025331435.1_Chocucu1.fa.gz
BFD__GCA_000697235.1_CokRecB5483-1.0	/bigdata/stajichlab/shared/projects/BFD/Fungi_BFD_runs/input_clean_genomes/GCA_000697235.1_CokRecB5483-1.0.fa.gz
BFD__GCA_000697315.1_CunBerB7461-1.0	/bigdata/stajichlab/shared/projects/BFD/Fungi_BFD_runs/input_clean_genomes/GCA_000697315.1_CunBerB7461-1.0.fa.gz
BFD__GCA_054130635.1_ASM5413063v1	/bigdata/stajichlab/shared/projects/BFD/Fungi_BFD_runs/input_clean_genomes/GCA_054130635.1_ASM5413063v1.fa.gz
BFD__GCA_025716815.1_Dicele1	/bigdata/stajichlab/shared/projects/BFD/Fungi_BFD_runs/input_clean_genomes/GCA_025716815.1_Dicele1.fa.gz
BFD__GCA_024294565.1_ASM2429456v1	/bigdata/stajichlab/shared/projects/BFD/Fungi_BFD_runs/input_clean_genomes/GCA_024294565.1_ASM2429456v1.fa.gz
BFD__GCA_040366295.1_Hpulcur_1.0	/bigdata/stajichlab/shared/projects/BFD/Fungi_BFD_runs/input_clean_genomes/GCA_040366295.1_Hpulcur_1.0.fa.gz
BFD__GCA_000697475.1_LicCorB2541-1.0	/bigdata/stajichlab/shared/projects/BFD/Fungi_BFD_runs/input_clean_genomes/GCA_000697475.1_LicCorB2541-1.0.fa.gz
BFD__GCA_025094155.1_Lichy1	/bigdata/stajichlab/shared/projects/BFD/Fungi_BFD_runs/input_clean_genomes/GCA_025094155.1_Lichy1.fa.gz
BFD__GCA_000945115.1_Lramosa_hybrid_454_Illumina	/bigdata/stajichlab/shared/projects/BFD/Fungi_BFD_runs/input_clean_genomes/GCA_000945115.1_Lramosa_hybrid_454_Illumina.fa.gz
BFD__GCA_037041495.1_ASM3704149v1	/bigdata/stajichlab/shared/projects/BFD/Fungi_BFD_runs/input_clean_genomes/GCA_037041495.1_ASM3704149v1.fa.gz
BFD__GCA_000950595.1_ASM95059v1	/bigdata/stajichlab/shared/projects/BFD/Fungi_BFD_runs/input_clean_genomes/GCA_000950595.1_ASM95059v1.fa.gz
BFD__GCA_973907015.1_gzMucCirc1	/bigdata/stajichlab/shared/projects/BFD/Fungi_BFD_runs/input_clean_genomes/GCA_973907015.1_gzMucCirc1.fa.gz
BFD__GCA_051307255.1_Mcir_PS15p_1.0	/bigdata/stajichlab/shared/projects/BFD/Fungi_BFD_runs/input_clean_genomes/GCA_051307255.1_Mcir_PS15p_1.0.fa.gz
BFD__GCA_048772875.1_ASM4877287v1	/bigdata/stajichlab/shared/projects/BFD/Fungi_BFD_runs/input_clean_genomes/GCA_048772875.1_ASM4877287v1.fa.gz
BFD__GCA_025504515.1_ASM2550451v1	/bigdata/stajichlab/shared/projects/BFD/Fungi_BFD_runs/input_clean_genomes/GCA_025504515.1_ASM2550451v1.fa.gz
BFD__GCA_023629755.1_ASM2362975v1	/bigdata/stajichlab/shared/projects/BFD/Fungi_BFD_runs/input_clean_genomes/GCA_023629755.1_ASM2362975v1.fa.gz
BFD__GCA_023630435.1_ASM2363043v1	/bigdata/stajichlab/shared/projects/BFD/Fungi_BFD_runs/input_clean_genomes/GCA_023630435.1_ASM2363043v1.fa.gz
BFD__GCA_040367835.1_Mfluvus_1.0	/bigdata/stajichlab/shared/projects/BFD/Fungi_BFD_runs/input_clean_genomes/GCA_040367835.1_Mfluvus_1.0.fa.gz
BFD__GCA_000697295.1_MucIndB7402-1.0	/bigdata/stajichlab/shared/projects/BFD/Fungi_BFD_runs/input_clean_genomes/GCA_000697295.1_MucIndB7402-1.0.fa.gz
BFD__GCA_054123175.1_ASM5412317v1	/bigdata/stajichlab/shared/projects/BFD/Fungi_BFD_runs/input_clean_genomes/GCA_054123175.1_ASM5412317v1.fa.gz
BFD__GCA_943193625.1_gzMucPiri1.1	/bigdata/stajichlab/shared/projects/BFD/Fungi_BFD_runs/input_clean_genomes/GCA_943193625.1_gzMucPiri1.1.fa.gz
BFD__GCA_055471225.1_ASM5547122v1	/bigdata/stajichlab/shared/projects/BFD/Fungi_BFD_runs/input_clean_genomes/GCA_055471225.1_ASM5547122v1.fa.gz
BFD__GCA_000696895.1_MucVelB5328-1.0	/bigdata/stajichlab/shared/projects/BFD/Fungi_BFD_runs/input_clean_genomes/GCA_000696895.1_MucVelB5328-1.0.fa.gz
BFD__GCA_025201805.1_Parpar1	/bigdata/stajichlab/shared/projects/BFD/Fungi_BFD_runs/input_clean_genomes/GCA_025201805.1_Parpar1.fa.gz
BFD__GCA_040209145.1_PhyblU21_2	/bigdata/stajichlab/shared/projects/BFD/Fungi_BFD_runs/input_clean_genomes/GCA_040209145.1_PhyblU21_2.fa.gz
BFD__GCA_025528865.1_Pilumb1	/bigdata/stajichlab/shared/projects/BFD/Fungi_BFD_runs/input_clean_genomes/GCA_025528865.1_Pilumb1.fa.gz
BFD__GCA_900175165.2_FCH_5_7	/bigdata/stajichlab/shared/projects/BFD/Fungi_BFD_runs/input_clean_genomes/GCA_900175165.2_FCH_5_7.fa.gz
BFD__GCA_000697135.1_RhiOry99-133-1.0	/bigdata/stajichlab/shared/projects/BFD/Fungi_BFD_runs/input_clean_genomes/GCA_000697135.1_RhiOry99-133-1.0.fa.gz
BFD__GCA_058380225.1_DTU-UU_Rory329_1.0	/bigdata/stajichlab/shared/projects/BFD/Fungi_BFD_runs/input_clean_genomes/GCA_058380225.1_DTU-UU_Rory329_1.0.fa.gz
BFD__GCA_011763775.1_ASM1176377v1	/bigdata/stajichlab/shared/projects/BFD/Fungi_BFD_runs/input_clean_genomes/GCA_011763775.1_ASM1176377v1.fa.gz
BFD__GCA_011764185.1_ASM1176418v1	/bigdata/stajichlab/shared/projects/BFD/Fungi_BFD_runs/input_clean_genomes/GCA_011764185.1_ASM1176418v1.fa.gz
BFD__GCA_011951295.2_ASM1195129v2	/bigdata/stajichlab/shared/projects/BFD/Fungi_BFD_runs/input_clean_genomes/GCA_011951295.2_ASM1195129v2.fa.gz
BFD__GCA_011801575.2_ASM1180157v2	/bigdata/stajichlab/shared/projects/BFD/Fungi_BFD_runs/input_clean_genomes/GCA_011801575.2_ASM1180157v2.fa.gz
BFD__GCA_011763645.1_ASM1176364v1	/bigdata/stajichlab/shared/projects/BFD/Fungi_BFD_runs/input_clean_genomes/GCA_011763645.1_ASM1176364v1.fa.gz
BFD__GCA_011951285.2_ASM1195128v2	/bigdata/stajichlab/shared/projects/BFD/Fungi_BFD_runs/input_clean_genomes/GCA_011951285.2_ASM1195128v2.fa.gz
BFD__GCA_011801305.2_ASM1180130v2	/bigdata/stajichlab/shared/projects/BFD/Fungi_BFD_runs/input_clean_genomes/GCA_011801305.2_ASM1180130v2.fa.gz
BFD__GCA_011801555.2_ASM1180155v2	/bigdata/stajichlab/shared/projects/BFD/Fungi_BFD_runs/input_clean_genomes/GCA_011801555.2_ASM1180155v2.fa.gz
BFD__GCA_011763935.1_ASM1176393v1	/bigdata/stajichlab/shared/projects/BFD/Fungi_BFD_runs/input_clean_genomes/GCA_011763935.1_ASM1176393v1.fa.gz
BFD__GCA_000697605.1_RhiOryHUMC02-1.0	/bigdata/stajichlab/shared/projects/BFD/Fungi_BFD_runs/input_clean_genomes/GCA_000697605.1_RhiOryHUMC02-1.0.fa.gz
BFD__GCA_000697075.1_RhiOry13440-1.0	/bigdata/stajichlab/shared/projects/BFD/Fungi_BFD_runs/input_clean_genomes/GCA_000697075.1_RhiOry13440-1.0.fa.gz
BFD__GCA_050389755.1_R_arrhizus_W17_v1.0	/bigdata/stajichlab/shared/projects/BFD/Fungi_BFD_runs/input_clean_genomes/GCA_050389755.1_R_arrhizus_W17_v1.0.fa.gz
BFD__GCA_011763715.1_ASM1176371v1	/bigdata/stajichlab/shared/projects/BFD/Fungi_BFD_runs/input_clean_genomes/GCA_011763715.1_ASM1176371v1.fa.gz
BFD__GCA_011763735.1_ASM1176373v1	/bigdata/stajichlab/shared/projects/BFD/Fungi_BFD_runs/input_clean_genomes/GCA_011763735.1_ASM1176373v1.fa.gz
BFD__GCA_011763795.1_ASM1176379v1	/bigdata/stajichlab/shared/projects/BFD/Fungi_BFD_runs/input_clean_genomes/GCA_011763795.1_ASM1176379v1.fa.gz
BFD__GCA_011763755.1_ASM1176375v1	/bigdata/stajichlab/shared/projects/BFD/Fungi_BFD_runs/input_clean_genomes/GCA_011763755.1_ASM1176375v1.fa.gz
BFD__GCA_000697155.1_RhiDel21789-1.0	/bigdata/stajichlab/shared/projects/BFD/Fungi_BFD_runs/input_clean_genomes/GCA_000697155.1_RhiDel21789-1.0.fa.gz
BFD__GCA_000825725.1_Rmicro_CBS_344.29_Allpaths-LG	/bigdata/stajichlab/shared/projects/BFD/Fungi_BFD_runs/input_clean_genomes/GCA_000825725.1_Rmicro_CBS_344.29_Allpaths-LG.fa.gz
BFD__GCA_051997165.1_ASM5199716v1	/bigdata/stajichlab/shared/projects/BFD/Fungi_BFD_runs/input_clean_genomes/GCA_051997165.1_ASM5199716v1.fa.gz
BFD__GCA_000738565.1_RhiAzyB7455-1.0	/bigdata/stajichlab/shared/projects/BFD/Fungi_BFD_runs/input_clean_genomes/GCA_000738565.1_RhiAzyB7455-1.0.fa.gz
BFD__GCA_051997145.1_ASM5199714v1	/bigdata/stajichlab/shared/projects/BFD/Fungi_BFD_runs/input_clean_genomes/GCA_051997145.1_ASM5199714v1.fa.gz
BFD__GCA_011763565.1_ASM1176356v1	/bigdata/stajichlab/shared/projects/BFD/Fungi_BFD_runs/input_clean_genomes/GCA_011763565.1_ASM1176356v1.fa.gz
BFD__GCA_034509365.1_RMly36_1	/bigdata/stajichlab/shared/projects/BFD/Fungi_BFD_runs/input_clean_genomes/GCA_034509365.1_RMly36_1.fa.gz
BFD__GCA_049863895.1_ASM4986389v1	/bigdata/stajichlab/shared/projects/BFD/Fungi_BFD_runs/input_clean_genomes/GCA_049863895.1_ASM4986389v1.fa.gz
BFD__GCA_000697035.1_RhiStoB9770-1.0	/bigdata/stajichlab/shared/projects/BFD/Fungi_BFD_runs/input_clean_genomes/GCA_000697035.1_RhiStoB9770-1.0.fa.gz
BFD__GCA_054954275.1_ASM5495427v1	/bigdata/stajichlab/shared/projects/BFD/Fungi_BFD_runs/input_clean_genomes/GCA_054954275.1_ASM5495427v1.fa.gz
BFD__GCA_025677835.1_Spoumb1	/bigdata/stajichlab/shared/projects/BFD/Fungi_BFD_runs/input_clean_genomes/GCA_025677835.1_Spoumb1.fa.gz
BFD__GCA_023630305.1_ASM2363030v1	/bigdata/stajichlab/shared/projects/BFD/Fungi_BFD_runs/input_clean_genomes/GCA_023630305.1_ASM2363030v1.fa.gz
BFD__GCA_023630325.1_ASM2363032v1	/bigdata/stajichlab/shared/projects/BFD/Fungi_BFD_runs/input_clean_genomes/GCA_023630325.1_ASM2363032v1.fa.gz
BFD__GCA_016758935.1_ASM1675893v1	/bigdata/stajichlab/shared/projects/BFD/Fungi_BFD_runs/input_clean_genomes/GCA_016758935.1_ASM1675893v1.fa.gz
BFD__GCA_000534915.1_ASM53491v1	/bigdata/stajichlab/shared/projects/BFD/Fungi_BFD_runs/input_clean_genomes/GCA_000534915.1_ASM53491v1.fa.gz
BFD__GCF_025399195.1_Umbra1	/bigdata/stajichlab/shared/projects/BFD/Fungi_BFD_runs/input_clean_genomes/GCF_025399195.1_Umbra1.fa.gz
BFD__GCA_964291815.1_UMBE_WA70503	/bigdata/stajichlab/shared/projects/BFD/Fungi_BFD_runs/input_clean_genomes/GCA_964291815.1_UMBE_WA70503.fa.gz
BFD__GCA_982397305.1_T17-F	/bigdata/stajichlab/shared/projects/BFD/Fungi_BFD_runs/input_clean_genomes/GCA_982397305.1_T17-F.fa.gz
LCG__Absidia_blakesleeana_NRRL_1303	/bigdata/stajichlab/shared/projects/ZyGoLife/LCG/Annotation/genomes/Absidia_blakesleeana_NRRL_1303.sorted.fasta
LCG__Absidia_californica_NRRL_2967	/bigdata/stajichlab/shared/projects/ZyGoLife/LCG/Annotation/genomes/Absidia_californica_NRRL_2967.sorted.fasta
LCG__Absidia_coerulea_NRRL_1314	/bigdata/stajichlab/shared/projects/ZyGoLife/LCG/Annotation/genomes/Absidia_coerulea_NRRL_1314.sorted.fasta
LCG__Absidia_coerulea_NRRL_A-9483	/bigdata/stajichlab/shared/projects/ZyGoLife/LCG/Annotation/genomes/Absidia_coerulea_NRRL_A-9483.sorted.fasta
LCG__Absidia_corymbifera_NRRL_1331	/bigdata/stajichlab/shared/projects/ZyGoLife/LCG/Annotation/genomes/Absidia_corymbifera_NRRL_1331.sorted.fasta
LCG__Absidia_corymbifera_NRRL_2798	/bigdata/stajichlab/shared/projects/ZyGoLife/LCG/Annotation/genomes/Absidia_corymbifera_NRRL_2798.sorted.fasta
LCG__Absidia_corymbifera_NRRL_6247	/bigdata/stajichlab/shared/projects/ZyGoLife/LCG/Annotation/genomes/Absidia_corymbifera_NRRL_6247.sorted.fasta
LCG__Absidia_corymbifera_NRRL_A-13636	/bigdata/stajichlab/shared/projects/ZyGoLife/LCG/Annotation/genomes/Absidia_corymbifera_NRRL_A-13636.sorted.fasta
LCG__Absidia_corymbifera_NRRL_A-23566	/bigdata/stajichlab/shared/projects/ZyGoLife/LCG/Annotation/genomes/Absidia_corymbifera_NRRL_A-23566.sorted.fasta
LCG__Absidia_cuneospora_RSA_623_Plus	/bigdata/stajichlab/shared/projects/ZyGoLife/LCG/Annotation/genomes/Absidia_cuneospora_RSA_623_Plus.sorted.fasta
LCG__Absidia_cylindrospora_NRRL_1343	/bigdata/stajichlab/shared/projects/ZyGoLife/LCG/Annotation/genomes/Absidia_cylindrospora_NRRL_1343.sorted.fasta
LCG__Absidia_cylindrospora_NRRL_3069	/bigdata/stajichlab/shared/projects/ZyGoLife/LCG/Annotation/genomes/Absidia_cylindrospora_NRRL_3069.sorted.fasta
LCG__Absidia_cylindrospora_var._nigra_NRRL_3060	/bigdata/stajichlab/shared/projects/ZyGoLife/LCG/Annotation/genomes/Absidia_cylindrospora_var._nigra_NRRL_3060.sorted.fasta
LCG__Absidia_glauca_NRRL_1328	/bigdata/stajichlab/shared/projects/ZyGoLife/LCG/Annotation/genomes/Absidia_glauca_NRRL_1328.sorted.fasta
LCG__Absidia_hyalospora_NRRL_1330	/bigdata/stajichlab/shared/projects/ZyGoLife/LCG/Annotation/genomes/Absidia_hyalospora_NRRL_1330.sorted.fasta
LCG__Absidia_parricida_NRRL_2409	/bigdata/stajichlab/shared/projects/ZyGoLife/LCG/Annotation/genomes/Absidia_parricida_NRRL_2409.sorted.fasta
LCG__Absidia_ramosa_NRRL_A-16673	/bigdata/stajichlab/shared/projects/ZyGoLife/LCG/Annotation/genomes/Absidia_ramosa_NRRL_A-16673.sorted.fasta
LCG__Absidia_spinosa_NRRL_A-13651	/bigdata/stajichlab/shared/projects/ZyGoLife/LCG/Annotation/genomes/Absidia_spinosa_NRRL_A-13651.sorted.fasta
LCG__Absidia_sp._NRRL_A-14007	/bigdata/stajichlab/shared/projects/ZyGoLife/LCG/Annotation/genomes/Absidia_sp._NRRL_A-14007.sorted.fasta
LCG__Absidia_zychae_NRRL_A-23515	/bigdata/stajichlab/shared/projects/ZyGoLife/LCG/Annotation/genomes/Absidia_zychae_NRRL_A-23515.sorted.fasta
LCG__Actinomucor_elegans_NRRL_3104	/bigdata/stajichlab/shared/projects/ZyGoLife/LCG/Annotation/genomes/Actinomucor_elegans_NRRL_3104.sorted.fasta
LCG__Amylomyces_rouxii_NRRL_5192	/bigdata/stajichlab/shared/projects/ZyGoLife/LCG/Annotation/genomes/Amylomyces_rouxii_NRRL_5192.sorted.fasta
LCG__Apophysomyces_sp._BC1021	/bigdata/stajichlab/shared/projects/ZyGoLife/LCG/Annotation/genomes/Apophysomyces_sp._BC1021.sorted.fasta
LCG__Backusella_circina_NRRL_6007	/bigdata/stajichlab/shared/projects/ZyGoLife/LCG/Annotation/genomes/Backusella_circina_NRRL_6007.sorted.fasta
LCG__Backusella_lamprospora_NRRL_3103	/bigdata/stajichlab/shared/projects/ZyGoLife/LCG/Annotation/genomes/Backusella_lamprospora_NRRL_3103.sorted.fasta
LCG__Benjaminiella_youngii_IMI_325629	/bigdata/stajichlab/shared/projects/ZyGoLife/LCG/Annotation/genomes/Benjaminiella_youngii_IMI_325629.sorted.fasta
LCG__Chaetocladium_brefeldii_RSA_1136-	/bigdata/stajichlab/shared/projects/ZyGoLife/LCG/Annotation/genomes/Chaetocladium_brefeldii_RSA_1136-.sorted.fasta
LCG__Choanephora_circinans_NRRL_2546	/bigdata/stajichlab/shared/projects/ZyGoLife/LCG/Annotation/genomes/Choanephora_circinans_NRRL_2546.sorted.fasta
LCG__Circinella_angarensis_RSA_198_Plus	/bigdata/stajichlab/shared/projects/ZyGoLife/LCG/Annotation/genomes/Circinella_angarensis_RSA_198_Plus.sorted.fasta
LCG__Circinella_minor_CBS_143.56	/bigdata/stajichlab/shared/projects/ZyGoLife/LCG/Annotation/genomes/Circinella_minor_CBS_143.56.sorted.fasta
LCG__Circinella_muscae_NRRL_1352	/bigdata/stajichlab/shared/projects/ZyGoLife/LCG/Annotation/genomes/Circinella_muscae_NRRL_1352.sorted.fasta
LCG__Circinella_muscae_NRRL_1360	/bigdata/stajichlab/shared/projects/ZyGoLife/LCG/Annotation/genomes/Circinella_muscae_NRRL_1360.sorted.fasta
LCG__Circinella_muscae_NRRL_1367	/bigdata/stajichlab/shared/projects/ZyGoLife/LCG/Annotation/genomes/Circinella_muscae_NRRL_1367.sorted.fasta
LCG__Circinella_simplex_CBS_142.35	/bigdata/stajichlab/shared/projects/ZyGoLife/LCG/Annotation/genomes/Circinella_simplex_CBS_142.35.sorted.fasta
LCG__Circinella_umbellata_NRRL_2417	/bigdata/stajichlab/shared/projects/ZyGoLife/LCG/Annotation/genomes/Circinella_umbellata_NRRL_2417.sorted.fasta
LCG__Cunninghamella_bertholletiae_NRRL_1376	/bigdata/stajichlab/shared/projects/ZyGoLife/LCG/Annotation/genomes/Cunninghamella_bertholletiae_NRRL_1376.sorted.fasta
LCG__Cunninghamella_brunnea_NRRL_6143	/bigdata/stajichlab/shared/projects/ZyGoLife/LCG/Annotation/genomes/Cunninghamella_brunnea_NRRL_6143.sorted.fasta
LCG__Cunninghamella_echinulata_NRRL_1387	/bigdata/stajichlab/shared/projects/ZyGoLife/LCG/Annotation/genomes/Cunninghamella_echinulata_NRRL_1387.sorted.fasta
LCG__Cunninghamella_elegans_NRRL_1390	/bigdata/stajichlab/shared/projects/ZyGoLife/LCG/Annotation/genomes/Cunninghamella_elegans_NRRL_1390.sorted.fasta
LCG__Cunninghamella_elegans_NRRL_2310	/bigdata/stajichlab/shared/projects/ZyGoLife/LCG/Annotation/genomes/Cunninghamella_elegans_NRRL_2310.sorted.fasta
LCG__Cunninghamella_sp._NRRL_A-21238	/bigdata/stajichlab/shared/projects/ZyGoLife/LCG/Annotation/genomes/Cunninghamella_sp._NRRL_A-21238.sorted.fasta
LCG__Dichotomocladium_robustum_RSA_1342	/bigdata/stajichlab/shared/projects/ZyGoLife/LCG/Annotation/genomes/Dichotomocladium_robustum_RSA_1342.sorted.fasta
LCG__Fennellomyces_heterothallicus_RSA_2348	/bigdata/stajichlab/shared/projects/ZyGoLife/LCG/Annotation/genomes/Fennellomyces_heterothallicus_RSA_2348.sorted.fasta
LCG__Fennellomyces_mexicanus_sp._nov._RSA_1418-	/bigdata/stajichlab/shared/projects/ZyGoLife/LCG/Annotation/genomes/Fennellomyces_mexicanus_sp._nov._RSA_1418-.sorted.fasta
LCG__Gilbertella_persicaria_var._indica_CBS_442.64-	/bigdata/stajichlab/shared/projects/ZyGoLife/LCG/Annotation/genomes/Gilbertella_persicaria_var._indica_CBS_442.64-.sorted.fasta
LCG__Gongronella_butleri_NRRL_2422	/bigdata/stajichlab/shared/projects/ZyGoLife/LCG/Annotation/genomes/Gongronella_butleri_NRRL_2422.sorted.fasta
LCG__Gongronella_sp._NRRL_A-20010	/bigdata/stajichlab/shared/projects/ZyGoLife/LCG/Annotation/genomes/Gongronella_sp._NRRL_A-20010.sorted.fasta
LCG__Helicostylum_sp._NRRL_1397	/bigdata/stajichlab/shared/projects/ZyGoLife/LCG/Annotation/genomes/Helicostylum_sp._NRRL_1397.sorted.fasta
LCG__Lichtheimia_corymbifera_NRRL_6379	/bigdata/stajichlab/shared/projects/ZyGoLife/LCG/Annotation/genomes/Lichtheimia_corymbifera_NRRL_6379.sorted.fasta
LCG__Lichtheimia_ramosa_NRRL_3208	/bigdata/stajichlab/shared/projects/ZyGoLife/LCG/Annotation/genomes/Lichtheimia_ramosa_NRRL_3208.sorted.fasta
LCG__Mucor_alternans_NRRL_A-15142	/bigdata/stajichlab/shared/projects/ZyGoLife/LCG/Annotation/genomes/Mucor_alternans_NRRL_A-15142.sorted.fasta
LCG__Mucor_bainieri_NRRL_2988	/bigdata/stajichlab/shared/projects/ZyGoLife/LCG/Annotation/genomes/Mucor_bainieri_NRRL_2988.sorted.fasta
LCG__Mucor_circinelloides_f._griseocyanus_NRRL_3621	/bigdata/stajichlab/shared/projects/ZyGoLife/LCG/Annotation/genomes/Mucor_circinelloides_f._griseocyanus_NRRL_3621.sorted.fasta
LCG__Mucor_circinelloides_f._lusitanicus_NRRL_1442	/bigdata/stajichlab/shared/projects/ZyGoLife/LCG/Annotation/genomes/Mucor_circinelloides_f._lusitanicus_NRRL_1442.sorted.fasta
LCG__Mucor_circinelloides_NRRL_A-25893	/bigdata/stajichlab/shared/projects/ZyGoLife/LCG/Annotation/genomes/Mucor_circinelloides_NRRL_A-25893.sorted.fasta
LCG__Mucor_circinelloides_var._griseocyanus_NRRL_1418	/bigdata/stajichlab/shared/projects/ZyGoLife/LCG/Annotation/genomes/Mucor_circinelloides_var._griseocyanus_NRRL_1418.sorted.fasta
LCG__Mucor_dispersus_NRRL_6045	/bigdata/stajichlab/shared/projects/ZyGoLife/LCG/Annotation/genomes/Mucor_dispersus_NRRL_6045.sorted.fasta
LCG__Mucor_fragilis_NRRL_2714	/bigdata/stajichlab/shared/projects/ZyGoLife/LCG/Annotation/genomes/Mucor_fragilis_NRRL_2714.sorted.fasta
LCG__Mucor_genevensis_NRRL_1412	/bigdata/stajichlab/shared/projects/ZyGoLife/LCG/Annotation/genomes/Mucor_genevensis_NRRL_1412.sorted.fasta
LCG__Mucor_genevensis_NRRL_A-17770	/bigdata/stajichlab/shared/projects/ZyGoLife/LCG/Annotation/genomes/Mucor_genevensis_NRRL_A-17770.sorted.fasta
LCG__Mucor_griseo-ochraceus_var._minuta_NRRL_3246	/bigdata/stajichlab/shared/projects/ZyGoLife/LCG/Annotation/genomes/Mucor_griseo-ochraceus_var._minuta_NRRL_3246.sorted.fasta
LCG__Mucor_hiemalis_f._hiemalis_NRRL_3624	/bigdata/stajichlab/shared/projects/ZyGoLife/LCG/Annotation/genomes/Mucor_hiemalis_f._hiemalis_NRRL_3624.sorted.fasta
LCG__Mucor_hiemalis_NRRL_2349	/bigdata/stajichlab/shared/projects/ZyGoLife/LCG/Annotation/genomes/Mucor_hiemalis_NRRL_2349.sorted.fasta
LCG__Mucor_hiemalis_NRRL_A-11532	/bigdata/stajichlab/shared/projects/ZyGoLife/LCG/Annotation/genomes/Mucor_hiemalis_NRRL_A-11532.sorted.fasta
LCG__Mucor_inaequisporus_NRRL_3626	/bigdata/stajichlab/shared/projects/ZyGoLife/LCG/Annotation/genomes/Mucor_inaequisporus_NRRL_3626.sorted.fasta
LCG__Mucor_indicus_NRRL_13082	/bigdata/stajichlab/shared/projects/ZyGoLife/LCG/Annotation/genomes/Mucor_indicus_NRRL_13082.sorted.fasta
LCG__Mucor_intermedius_NRRL_6588T	/bigdata/stajichlab/shared/projects/ZyGoLife/LCG/Annotation/genomes/Mucor_intermedius_NRRL_6588T.sorted.fasta
LCG__Mucor_lamprosporus_NRRL_6040	/bigdata/stajichlab/shared/projects/ZyGoLife/LCG/Annotation/genomes/Mucor_lamprosporus_NRRL_6040.sorted.fasta
LCG__Mucor_luteus_NRRL_2847	/bigdata/stajichlab/shared/projects/ZyGoLife/LCG/Annotation/genomes/Mucor_luteus_NRRL_2847.sorted.fasta
LCG__Mucor_maequisporus_var._kaki_NRRL_3295	/bigdata/stajichlab/shared/projects/ZyGoLife/LCG/Annotation/genomes/Mucor_maequisporus_var._kaki_NRRL_3295.sorted.fasta
LCG__Mucor_mousanensis_NRRL_3105	/bigdata/stajichlab/shared/projects/ZyGoLife/LCG/Annotation/genomes/Mucor_mousanensis_NRRL_3105.sorted.fasta
LCG__Mucor_oblongisporus_var._macrosporus_NRRL_1589	/bigdata/stajichlab/shared/projects/ZyGoLife/LCG/Annotation/genomes/Mucor_oblongisporus_var._macrosporus_NRRL_1589.sorted.fasta
LCG__Mucor_petrinsularis_var._ovalisporus_NRRL_2536	/bigdata/stajichlab/shared/projects/ZyGoLife/LCG/Annotation/genomes/Mucor_petrinsularis_var._ovalisporus_NRRL_2536.sorted.fasta
LCG__Mucor_plumbeus_JES_114	/bigdata/stajichlab/shared/projects/ZyGoLife/LCG/Annotation/genomes/Mucor_plumbeus_JES_114.sorted.fasta
LCG__Mucor_pusillus_Lindt_NRRL_A-16035	/bigdata/stajichlab/shared/projects/ZyGoLife/LCG/Annotation/genomes/Mucor_pusillus_Lindt_NRRL_A-16035.sorted.fasta
LCG__Mucor_pusillus_NRRL_A-14037	/bigdata/stajichlab/shared/projects/ZyGoLife/LCG/Annotation/genomes/Mucor_pusillus_NRRL_A-14037.sorted.fasta
LCG__Mucor_racemosus_Fresenius_NRRL_1688	/bigdata/stajichlab/shared/projects/ZyGoLife/LCG/Annotation/genomes/Mucor_racemosus_Fresenius_NRRL_1688.sorted.fasta
LCG__Mucor_racemosus_Fresenius_NRRL_A-19189	/bigdata/stajichlab/shared/projects/ZyGoLife/LCG/Annotation/genomes/Mucor_racemosus_Fresenius_NRRL_A-19189.sorted.fasta
LCG__Mucor_racemosus_NRRL_1627	/bigdata/stajichlab/shared/projects/ZyGoLife/LCG/Annotation/genomes/Mucor_racemosus_NRRL_1627.sorted.fasta
LCG__Mucor_ramosissimus_NRRL_3042	/bigdata/stajichlab/shared/projects/ZyGoLife/LCG/Annotation/genomes/Mucor_ramosissimus_NRRL_3042.sorted.fasta
LCG__Mucor_rouxianus_NRRL_1430	/bigdata/stajichlab/shared/projects/ZyGoLife/LCG/Annotation/genomes/Mucor_rouxianus_NRRL_1430.sorted.fasta
LCG__Mucor_sp._NRRL_1439	/bigdata/stajichlab/shared/projects/ZyGoLife/LCG/Annotation/genomes/Mucor_sp._NRRL_1439.sorted.fasta
LCG__Mucor_sp._NRRL_1446	/bigdata/stajichlab/shared/projects/ZyGoLife/LCG/Annotation/genomes/Mucor_sp._NRRL_1446.sorted.fasta
LCG__Mucor_sp._NRRL_1454	/bigdata/stajichlab/shared/projects/ZyGoLife/LCG/Annotation/genomes/Mucor_sp._NRRL_1454.sorted.fasta
LCG__Mucor_sp._NRRL_2932	/bigdata/stajichlab/shared/projects/ZyGoLife/LCG/Annotation/genomes/Mucor_sp._NRRL_2932.sorted.fasta
LCG__Mucor_sp._NRRL_A-17797	/bigdata/stajichlab/shared/projects/ZyGoLife/LCG/Annotation/genomes/Mucor_sp._NRRL_A-17797.sorted.fasta
LCG__Mucor_sp._NRRL_A-21236	/bigdata/stajichlab/shared/projects/ZyGoLife/LCG/Annotation/genomes/Mucor_sp._NRRL_A-21236.sorted.fasta
LCG__Mucor_sp._NRRL_A-25783	/bigdata/stajichlab/shared/projects/ZyGoLife/LCG/Annotation/genomes/Mucor_sp._NRRL_A-25783.sorted.fasta
LCG__Mucor_subtilissimus_NRRL_6226	/bigdata/stajichlab/shared/projects/ZyGoLife/LCG/Annotation/genomes/Mucor_subtilissimus_NRRL_6226.sorted.fasta
LCG__Mucor_zychii_NRRL_3200	/bigdata/stajichlab/shared/projects/ZyGoLife/LCG/Annotation/genomes/Mucor_zychii_NRRL_3200.sorted.fasta
LCG__Mycotypha_microspora_Fenner_NRRL_A-11005	/bigdata/stajichlab/shared/projects/ZyGoLife/LCG/Annotation/genomes/Mycotypha_microspora_Fenner_NRRL_A-11005.sorted.fasta
LCG__Parasitella_parasitica_NRRL_2501	/bigdata/stajichlab/shared/projects/ZyGoLife/LCG/Annotation/genomes/Parasitella_parasitica_NRRL_2501.sorted.fasta
LCG__Phycomyces_blakesleeanus_Burgeff_var._piloboloides_NRRL_2566	/bigdata/stajichlab/shared/projects/ZyGoLife/LCG/Annotation/genomes/Phycomyces_blakesleeanus_Burgeff_var._piloboloides_NRRL_2566.sorted.fasta
LCG__Phycomyces_blakesleeanus_NRRL_1556	/bigdata/stajichlab/shared/projects/ZyGoLife/LCG/Annotation/genomes/Phycomyces_blakesleeanus_NRRL_1556.sorted.fasta
LCG__Phycomyces_theobromatus_NRRL_1467	/bigdata/stajichlab/shared/projects/ZyGoLife/LCG/Annotation/genomes/Phycomyces_theobromatus_NRRL_1467.sorted.fasta
LCG__Pilaira_anomala_RSA_1998-	/bigdata/stajichlab/shared/projects/ZyGoLife/LCG/Annotation/genomes/Pilaira_anomala_RSA_1998-.sorted.fasta
LCG__Pirella_circinans_NRRL_2627	/bigdata/stajichlab/shared/projects/ZyGoLife/LCG/Annotation/genomes/Pirella_circinans_NRRL_2627.sorted.fasta
LCG__Pirella_circinans_RSA_622-	/bigdata/stajichlab/shared/projects/ZyGoLife/LCG/Annotation/genomes/Pirella_circinans_RSA_622-.sorted.fasta
LCG__Pirella_reniformis_NRRL_5259	/bigdata/stajichlab/shared/projects/ZyGoLife/LCG/Annotation/genomes/Pirella_reniformis_NRRL_5259.sorted.fasta
LCG__Rhizopus_acetoinus_NRRL_549	/bigdata/stajichlab/shared/projects/ZyGoLife/LCG/Annotation/genomes/Rhizopus_acetoinus_NRRL_549.sorted.fasta
LCG__Rhizopus_arrhizus_CBS_330.53	/bigdata/stajichlab/shared/projects/ZyGoLife/LCG/Annotation/genomes/Rhizopus_arrhizus_CBS_330.53.sorted.fasta
LCG__Rhizopus_arrhizus_IMI195599	/bigdata/stajichlab/shared/projects/ZyGoLife/LCG/Annotation/genomes/Rhizopus_arrhizus_IMI195599.sorted.fasta
LCG__Rhizopus_arrhizus_NBRC_4735	/bigdata/stajichlab/shared/projects/ZyGoLife/LCG/Annotation/genomes/Rhizopus_arrhizus_NBRC_4735.sorted.fasta
LCG__Rhizopus_arrhizus_NRRL_1470	/bigdata/stajichlab/shared/projects/ZyGoLife/LCG/Annotation/genomes/Rhizopus_arrhizus_NRRL_1470.sorted.fasta
LCG__Rhizopus_arrhizus_NRRL_5896	/bigdata/stajichlab/shared/projects/ZyGoLife/LCG/Annotation/genomes/Rhizopus_arrhizus_NRRL_5896.sorted.fasta
LCG__Rhizopus_arrhizus_NRRL_66565	/bigdata/stajichlab/shared/projects/ZyGoLife/LCG/Annotation/genomes/Rhizopus_arrhizus_NRRL_66565.sorted.fasta
LCG__Rhizopus_arrhizus_NRRL_66596	/bigdata/stajichlab/shared/projects/ZyGoLife/LCG/Annotation/genomes/Rhizopus_arrhizus_NRRL_66596.sorted.fasta
LCG__Rhizopus_arrhizus_NRRL_A-11376	/bigdata/stajichlab/shared/projects/ZyGoLife/LCG/Annotation/genomes/Rhizopus_arrhizus_NRRL_A-11376.sorted.fasta
LCG__Rhizopus_arrhizus_NRRL_A-13276	/bigdata/stajichlab/shared/projects/ZyGoLife/LCG/Annotation/genomes/Rhizopus_arrhizus_NRRL_A-13276.sorted.fasta
LCG__Rhizopus_arrhizus_NRRL_A-13678	/bigdata/stajichlab/shared/projects/ZyGoLife/LCG/Annotation/genomes/Rhizopus_arrhizus_NRRL_A-13678.sorted.fasta
LCG__Rhizopus_arrhizus_NRRL_A-15308	/bigdata/stajichlab/shared/projects/ZyGoLife/LCG/Annotation/genomes/Rhizopus_arrhizus_NRRL_A-15308.sorted.fasta
LCG__Rhizopus_arrhizus_NRRL_A-17011	/bigdata/stajichlab/shared/projects/ZyGoLife/LCG/Annotation/genomes/Rhizopus_arrhizus_NRRL_A-17011.sorted.fasta
LCG__Rhizopus_arrhizus_NRRL_A-21578	/bigdata/stajichlab/shared/projects/ZyGoLife/LCG/Annotation/genomes/Rhizopus_arrhizus_NRRL_A-21578.sorted.fasta
LCG__Rhizopus_arrhizus_NRRL_A-23527	/bigdata/stajichlab/shared/projects/ZyGoLife/LCG/Annotation/genomes/Rhizopus_arrhizus_NRRL_A-23527.sorted.fasta
LCG__Rhizopus_arrhizus_NRRL_A-26501	/bigdata/stajichlab/shared/projects/ZyGoLife/LCG/Annotation/genomes/Rhizopus_arrhizus_NRRL_A-26501.sorted.fasta
LCG__Rhizopus_arrhizus_XY00429	/bigdata/stajichlab/shared/projects/ZyGoLife/LCG/Annotation/genomes/Rhizopus_arrhizus_XY00429.sorted.fasta
LCG__Rhizopus_arrhizus_XY01909	/bigdata/stajichlab/shared/projects/ZyGoLife/LCG/Annotation/genomes/Rhizopus_arrhizus_XY01909.sorted.fasta
LCG__Rhizopus_azygosporus_NRRL_13165	/bigdata/stajichlab/shared/projects/ZyGoLife/LCG/Annotation/genomes/Rhizopus_azygosporus_NRRL_13165.sorted.fasta
LCG__Rhizopus_chinensis_Saito_NRRL_2905	/bigdata/stajichlab/shared/projects/ZyGoLife/LCG/Annotation/genomes/Rhizopus_chinensis_Saito_NRRL_2905.sorted.fasta
LCG__Rhizopus_circinans_NRRL_1475	/bigdata/stajichlab/shared/projects/ZyGoLife/LCG/Annotation/genomes/Rhizopus_circinans_NRRL_1475.sorted.fasta
LCG__Rhizopus_cohnii_NRRL_1517	/bigdata/stajichlab/shared/projects/ZyGoLife/LCG/Annotation/genomes/Rhizopus_cohnii_NRRL_1517.sorted.fasta
LCG__Rhizopus_formosaensis_NRRL_A-10180	/bigdata/stajichlab/shared/projects/ZyGoLife/LCG/Annotation/genomes/Rhizopus_formosaensis_NRRL_A-10180.sorted.fasta
LCG__Rhizopus_japonicus_NRRL_A-13076	/bigdata/stajichlab/shared/projects/ZyGoLife/LCG/Annotation/genomes/Rhizopus_japonicus_NRRL_A-13076.sorted.fasta
LCG__Rhizopus_lyococcos_NRRL_1523	/bigdata/stajichlab/shared/projects/ZyGoLife/LCG/Annotation/genomes/Rhizopus_lyococcos_NRRL_1523.sorted.fasta
LCG__Rhizopus_microsporus_NRRL_5548	/bigdata/stajichlab/shared/projects/ZyGoLife/LCG/Annotation/genomes/Rhizopus_microsporus_NRRL_5548.sorted.fasta
LCG__Rhizopus_microsporus_NRRL_5553	/bigdata/stajichlab/shared/projects/ZyGoLife/LCG/Annotation/genomes/Rhizopus_microsporus_NRRL_5553.sorted.fasta
LCG__Rhizopus_nigricans_Ehrenberg_NRRL_1477	/bigdata/stajichlab/shared/projects/ZyGoLife/LCG/Annotation/genomes/Rhizopus_nigricans_Ehrenberg_NRRL_1477.sorted.fasta
LCG__Rhizopus_nodosus_NRRL_1474	/bigdata/stajichlab/shared/projects/ZyGoLife/LCG/Annotation/genomes/Rhizopus_nodosus_NRRL_1474.sorted.fasta
LCG__Rhizopus_oligosporus_Saito_NRRL_A-26124	/bigdata/stajichlab/shared/projects/ZyGoLife/LCG/Annotation/genomes/Rhizopus_oligosporus_Saito_NRRL_A-26124.sorted.fasta
LCG__Rhizopus_oryzae_NRRL_2625	/bigdata/stajichlab/shared/projects/ZyGoLife/LCG/Annotation/genomes/Rhizopus_oryzae_NRRL_2625.sorted.fasta
LCG__Rhizopus_oryzae_NRRL_46180	/bigdata/stajichlab/shared/projects/ZyGoLife/LCG/Annotation/genomes/Rhizopus_oryzae_NRRL_46180.sorted.fasta
LCG__Rhizopus_oryzae_NRRL_66569	/bigdata/stajichlab/shared/projects/ZyGoLife/LCG/Annotation/genomes/Rhizopus_oryzae_NRRL_66569.sorted.fasta
LCG__Rhizopus_oryzae_NRRL_A-12997	/bigdata/stajichlab/shared/projects/ZyGoLife/LCG/Annotation/genomes/Rhizopus_oryzae_NRRL_A-12997.sorted.fasta
LCG__Rhizopus_reflexus_NRRL_A-16792	/bigdata/stajichlab/shared/projects/ZyGoLife/LCG/Annotation/genomes/Rhizopus_reflexus_NRRL_A-16792.sorted.fasta
LCG__Rhizopus_rhizopodiformis_NRRL_5189	/bigdata/stajichlab/shared/projects/ZyGoLife/LCG/Annotation/genomes/Rhizopus_rhizopodiformis_NRRL_5189.sorted.fasta
LCG__Rhizopus_rhizopodiformis_NRRL_6260	/bigdata/stajichlab/shared/projects/ZyGoLife/LCG/Annotation/genomes/Rhizopus_rhizopodiformis_NRRL_6260.sorted.fasta
LCG__Rhizopus_sp._NRRL_1524	/bigdata/stajichlab/shared/projects/ZyGoLife/LCG/Annotation/genomes/Rhizopus_sp._NRRL_1524.sorted.fasta
LCG__Rhizopus_sp._NRRL_1544	/bigdata/stajichlab/shared/projects/ZyGoLife/LCG/Annotation/genomes/Rhizopus_sp._NRRL_1544.sorted.fasta
LCG__Rhizopus_sp._NRRL_5857	/bigdata/stajichlab/shared/projects/ZyGoLife/LCG/Annotation/genomes/Rhizopus_sp._NRRL_5857.sorted.fasta
LCG__Rhizopus_sp._NRRL_A-16766A	/bigdata/stajichlab/shared/projects/ZyGoLife/LCG/Annotation/genomes/Rhizopus_sp._NRRL_A-16766A.sorted.fasta
LCG__Rhizopus_sp._NRRL_A-17473	/bigdata/stajichlab/shared/projects/ZyGoLife/LCG/Annotation/genomes/Rhizopus_sp._NRRL_A-17473.sorted.fasta
LCG__Rhizopus_sp._NRRL_A-21231	/bigdata/stajichlab/shared/projects/ZyGoLife/LCG/Annotation/genomes/Rhizopus_sp._NRRL_A-21231.sorted.fasta
LCG__Rhizopus_stolonifer_NRRL_1483	/bigdata/stajichlab/shared/projects/ZyGoLife/LCG/Annotation/genomes/Rhizopus_stolonifer_NRRL_1483.sorted.fasta
LCG__Rhizopus_stolonifer_NRRL_66454	/bigdata/stajichlab/shared/projects/ZyGoLife/LCG/Annotation/genomes/Rhizopus_stolonifer_NRRL_66454.sorted.fasta
LCG__Rhizopus_stolonifer_NRRL_66458	/bigdata/stajichlab/shared/projects/ZyGoLife/LCG/Annotation/genomes/Rhizopus_stolonifer_NRRL_66458.sorted.fasta
LCG__Rhizopus_tritici_NRRL_1476	/bigdata/stajichlab/shared/projects/ZyGoLife/LCG/Annotation/genomes/Rhizopus_tritici_NRRL_1476.sorted.fasta
LCG__Syncephalastrum_racemosum_CBS_441.59-	/bigdata/stajichlab/shared/projects/ZyGoLife/LCG/Annotation/genomes/Syncephalastrum_racemosum_CBS_441.59-.sorted.fasta
LCG__Syncephalastrum_sp._NRRL_1485	/bigdata/stajichlab/shared/projects/ZyGoLife/LCG/Annotation/genomes/Syncephalastrum_sp._NRRL_1485.sorted.fasta
LCG__Syncephalastrum_sp._NRRL_A-15186	/bigdata/stajichlab/shared/projects/ZyGoLife/LCG/Annotation/genomes/Syncephalastrum_sp._NRRL_A-15186.sorted.fasta
LCG__Syzygites_sp._MES_3091	/bigdata/stajichlab/shared/projects/ZyGoLife/LCG/Annotation/genomes/Syzygites_sp._MES_3091.sorted.fasta
LCG__Thamnidium_elegans_NRRL_2468	/bigdata/stajichlab/shared/projects/ZyGoLife/LCG/Annotation/genomes/Thamnidium_elegans_NRRL_2468.sorted.fasta
LCG__Thamnostylum_nigricans_RSA_1406	/bigdata/stajichlab/shared/projects/ZyGoLife/LCG/Annotation/genomes/Thamnostylum_nigricans_RSA_1406.sorted.fasta
LCG__Thamnostylum_repens_Tieghem_Upadhyay_NRRL_6240	/bigdata/stajichlab/shared/projects/ZyGoLife/LCG/Annotation/genomes/Thamnostylum_repens_Tieghem_Upadhyay_NRRL_6240.sorted.fasta
LCG__Zygorhynchus_heterogamus_Vuillemin_NRRL_1489	/bigdata/stajichlab/shared/projects/ZyGoLife/LCG/Annotation/genomes/Zygorhynchus_heterogamus_Vuillemin_NRRL_1489.sorted.fasta
LCG__Zygorhynchus_moelleri_NRRL_3138	/bigdata/stajichlab/shared/projects/ZyGoLife/LCG/Annotation/genomes/Zygorhynchus_moelleri_NRRL_3138.sorted.fasta
JENA__CBS110662	/bigdata/stajichlab/shared/projects/ZyGoLife/Mucor_Jena/annotation/CBS110662/annotate_results/Mucor_multiplex_CBS_110662.scaffolds.fa
JENA__CBS126_70	/bigdata/stajichlab/shared/projects/ZyGoLife/Mucor_Jena/annotation/CBS126_70/annotate_results/Mucor_flavus_CBS_126.70.scaffolds.fa
JENA__CBS169_57	/bigdata/stajichlab/shared/projects/ZyGoLife/Mucor_Jena/annotation/CBS169_57/annotate_results/Helicostylum_elegans_CBS_169.57.scaffolds.fa
JENA__CBS204_28	/bigdata/stajichlab/shared/projects/ZyGoLife/Mucor_Jena/annotation/CBS204_28/annotate_results/Mucor_microsporus_CBS_204.28.scaffolds.fa
JENA__CBS215_27	/bigdata/stajichlab/shared/projects/ZyGoLife/Mucor_Jena/annotation/CBS215_27/annotate_results/Mucor_megalocarpus_CBS_215.27.scaffolds.fa
JENA__CBS234_35	/bigdata/stajichlab/shared/projects/ZyGoLife/Mucor_Jena/annotation/CBS234_35/annotate_results/Mucor_flavus_CBS_234.35.scaffolds.fa
JENA__CBS293_63	/bigdata/stajichlab/shared/projects/ZyGoLife/Mucor_Jena/annotation/CBS293_63/annotate_results/Mucor_bainieri_CBS_293.63.scaffolds.fa
JENA__CBS336_62	/bigdata/stajichlab/shared/projects/ZyGoLife/Mucor_Jena/annotation/CBS336_62/annotate_results/Rhizopus_homothallicus_CBS_336.62.scaffolds.fa
JENA__CBS388_35	/bigdata/stajichlab/shared/projects/ZyGoLife/Mucor_Jena/annotation/CBS388_35/annotate_results/Mucor_abundans_CBS_388.35.scaffolds.fa
JENA__CBS427_87	/bigdata/stajichlab/shared/projects/ZyGoLife/Mucor_Jena/annotation/CBS427_87/annotate_results/Rhizopus_caespitosus_CBS_427.87.scaffolds.fa
JENA__CBS541_78	/bigdata/stajichlab/shared/projects/ZyGoLife/Mucor_Jena/annotation/CBS541_78/annotate_results/Mucor_pseudocircinelloides_CBS_541.78.scaffolds.fa
JENA__CBS569_70	/bigdata/stajichlab/shared/projects/ZyGoLife/Mucor_Jena/annotation/CBS569_70/annotate_results/Backusella_oblongispora_CBS_569.70.scaffolds.fa
JENA__CBS638_74	/bigdata/stajichlab/shared/projects/ZyGoLife/Mucor_Jena/annotation/CBS638_74/annotate_results/Mucor_lanceolatus_CBS_638.74.scaffolds.fa
JENA__CBS762_74	/bigdata/stajichlab/shared/projects/ZyGoLife/Mucor_Jena/annotation/CBS762_74/annotate_results/Mucor_velutinosus_CBS_762.74.scaffolds.fa
JENA__CBS962_68	/bigdata/stajichlab/shared/projects/ZyGoLife/Mucor_Jena/annotation/CBS962_68/annotate_results/Pirella_circinans_CBS_962.68.scaffolds.fa
JENA__OTU100	/bigdata/stajichlab/shared/projects/ZyGoLife/Mucor_Jena/annotation/OTU100/annotate_results/Mucor_microsporus_OTU100.scaffolds.fa
