name	tip	kind	species	family	status	idiomorph_label	best_ref_gene	tree_clade	n_collapsed	source
F000	F000	cand	Mucor saturninus	Mucoraceae	call	Plus		sexP	1	GCA_016758985.1_ASM1675898v1|c0|m0
F001	F001	cand	Mucor mucedo	Mucoraceae	call	Plus		sexP	1	GCF_025094135.1_Mucmuc1|c0|m0
F002	F002	cand	Phycomyces nitens	Phycomycetaceae	call	Plus		sexP	1	GCA_025531835.1_PnitS608_1|c0|m0
F003	F003	cand	Apophysomyces ossiformis	Mucoraceae	call	Plus		sexP	1	GCA_014839865.1_ASM1483986v1|c0|m0
F004	F004	cand	Apophysomyces elegans	Mucoraceae	call	Minus		sexM	2	GCA_000696995.1_ApoEleB7760-1.0|c0|m0
F005	F005	cand	Backusella tuberculispora	Backusellaceae	call	Plus		sexP	1	GCA_024140245.1_ASM2414024v1|c0|m0
F006	F006	REF_sexM	Phycomyces blakesleeanus		reference		sexM		1	REF|4837_nrrl1555_MAT_Minus|gene1|sexM
F007	F007	cand	Backusella macrospora	Backusellaceae	call	Plus		sexP	1	GCA_024139275.1_ASM2413927v1|nc0|m0
F008	F008	REF_sexP	Phycomyces blakesleeanus		reference		sexP		1	REF|4837_ubc21_MAT_Plus|gene1|sexP
F009	F009	nonlocus	Thermomucor indicae-seudaticae	Lichtheimiaceae	nonlocus	-		sexM	1	GCA_000787465.1_ASM78746v1|h1|m0
F010	F010	cand	Cunninghamella bertholletiae	Cunninghamellaceae	call	Plus		sexP	3	GCA_000697215.1_CunBer175-1.0|c0|m0
F011	F011	cand	Chlamydoabsidia padenii	Cunninghamellaceae	call	Plus		sexP	1	GCA_025330725.1_Chlpad1|c0|m0
F012	F012	cand	Radiomyces spectabilis	Radiomycetaceae	call	Plus		sexM	1	GCF_025331425.1_Radspe1|nc0|m1
F013	F013	nonlocus	Fennellomyces sp. T-0311	Lichtheimiaceae	nonlocus	-		sexM	1	GCA_025266875.1_Fenlin1|h1|m0
F014	F014	cand	Parasitella parasitica	Mucoraceae	call	Plus		sexP	1	GCA_000938895.1_PP.v1|c0|m0
F015	F015	cand	Absidia repens	Cunninghamellaceae	call	Plus		sexP	1	GCA_002105175.1_Absrep1|c0|m0
F016	F016	cand	Syncephalastrum monosporum	Syncephalastraceae	call	undetermined		other_HMG	2	GCA_000697355.1_SynMonB8922-1.0|c0|t6
F017	F017	cand	Backusella westeae	Backusellaceae	call	Plus		sexP	2	GCA_024140375.1_ASM2414037v1|c0|m0
F018	F018	cand	Phycomyces nitens	Phycomycetaceae	call	Minus		sexM	1	GCA_022702545.1_SJTU-YXQ|c0|m0
F019	F019	cand	Benjaminiella poitrasii	Mucoraceae	call	undetermined		other_HMG	1	GCA_025766325.1_Benpoi1|nc2|t0
F020	F020	REF_sexP	Absidia urquhartii		reference		sexP		1	REF|3231046_uomd23-19_MAT_Plus|gene1|sexP
F021	F021	cand	Backusella psychrophila	Backusellaceae	call	Plus		sexP	2	GCA_024139485.1_ASM2413948v1|c0|m0
F022	F022	cand	Backusella liffmaniae	Backusellaceae	call	Plus		sexP	1	GCA_024140265.1_ASM2414026v1|c0|m0
F023	F023	nonlocus	Benjaminiella poitrasii	Mucoraceae	nonlocus	-		sexP	1	GCA_025766325.1_Benpoi1|h10|m0
F024	F024	cand	Radiomyces spectabilis	Radiomycetaceae	call	Plus		sexP	1	GCF_025331425.1_Radspe1|nc0|m0
F025	F025	cand	Cunninghamella blakesleeana	Cunninghamellaceae	call	Plus		sexP	2	GCA_017871115.1_ASM1787111v1|c0|m0
F026	F026	cand	Apophysomyces trapeziformis	Mucoraceae	call	Plus		sexP	1	GCA_000696975.1_ApoTraB9324-1.0|c0|m0
F027	F027	cand	Backusella parvicylindrica	Backusellaceae	call	Plus		sexP	1	GCA_024140155.1_ASM2414015v1|c0|m0
F028	F028	cand	Saksenaea vasiformis	Saksenaeaceae	call	Minus		sexM	1	GCA_000697055.1_SakVasB4078-1.0|c0|m0
F029	F029	REF_MAT1-2-1	Tuber indicum		reference		MAT1-2-1		1	OUT|MAT1-2-1|55307_ysh1-8_MATtub_MAT1-2|gene_index=0|name=MAT1-2-1|role=core_MAT
F030	F030	cand	Mucor ambiguus	Mucoraceae	call	Plus		sexP	1	GCA_000950595.1_ASM95059v1|c0|m0
F031	F031	cand	Helicostylum pulchrum	Mucoraceae	call	Plus		sexP	2	GCA_025677825.1_Helpul1|c0|m0
F032	F032	cand	Mucor circinelloides	Mucoraceae	call	Plus		sexP	14	GCA_000401635.1_Muco_sp_1006Ph_V1|c0|m0
F033	F033	nonlocus	Zychaea mexicana	Lichtheimiaceae	nonlocus	-		sexM	1	GCA_982397305.1_T17-F|h1|m0
F034	F034	cand	Mucor circinelloides	Mucoraceae	call	Plus		sexP	1	GCA_023629835.1_ASM2362983v1|c0|m0
F035	F035	cand	Choanephora cucurbitarum	Choanephoraceae	call	Plus		sexP	1	GCA_001683725.1_ASM168372v1|c0|m0
F036	F036	cand	Choanephora cucurbitarum	Choanephoraceae	call	Plus		sexP	2	GCA_025331435.1_Chocucu1|c0|m0
F037	F037	cand	Mucor flavus	Mucoraceae	call	Plus		sexP	1	GCA_040367835.1_Mfluvus_1.0|c0|m0
F038	F038	nonlocus	Lichtheimia ramosa	Lichtheimiaceae	nonlocus	-		sexM	1	GCA_037041495.1_ASM3704149v1|h1|t0
F039	F039	nonlocus	Thermomucor indicae-seudaticae	Lichtheimiaceae	nonlocus	-		sexP	1	GCA_000787465.1_ASM78746v1|h5|m0
F040	F040	REF_MAT1-2-1	Fusarium graminearum		reference		MAT1-2-1		1	OUT|MAT1-2-1|5518_3639_MAT_combined|gene_index=3|name=MAT1-2-1|role=core_MAT
F041	F041	cand	Blakeslea trispora	Choanephoraceae	call	Plus		sexP	1	GCA_025331445.1_Blatri1|c0|m0
F042	F042	cand	Cunninghamella blakesleeana	Cunninghamellaceae	call	Plus		sexP	2	GCA_054130635.1_ASM5413063v1|c0|t0
F043	F043	REF_sexP	Mucor circinelloides		reference		sexP		1	REF|36080_nrrl-3631_MAT_Plus|gene1|sexP
F044	F044	cand	Syncephalastrum racemosum	Syncephalastraceae	call	undetermined		other_HMG	1	GCA_002105135.1_Synrac1|c0|t4
F045	F045	cand	Thamnidium elegans	Mucoraceae	call	Plus		sexP	3	GCA_016758935.1_ASM1675893v1|c0|m0
F046	F046	cand	Pilaira anomala	Mucoraceae	call	Plus		sexP	1	GCA_025716855.1_Pilano1|c0|m0
F047	F047	cand	Saksenaea oblongispora	Saksenaeaceae	call	Minus		sexM	1	GCA_000697495.1_SakOblB3353-1.0|c0|t0
F048	F048	cand	Mucor ardhlaengiktus	Mucoraceae	call	Minus		other_HMG	1	GCA_060309335.1_CBS210.80v1|c2|t12
F049	F049	cand	Backusella tarrabulga	Backusellaceae	call	Plus		sexP	1	GCA_024139415.1_ASM2413941v1|c0|m0
F050	F050	cand	Mucor bainieri	Mucoraceae	call	Plus		sexP	1	GCA_052058895.1_MBAN_PS3_1.0|c0|m0
F051	F051	cand	Mucor lanceolatus	Mucoraceae	call	Plus		sexP	1	GCA_054123175.1_ASM5412317v1|c0|m0
F052	F052	cand	Apophysomyces sp. BC1015	Mucoraceae	call	Plus		sexP	3	GCA_016097715.1_ASM1609771v1|c0|m0
F053	F053	cand	Mucor indicus	Mucoraceae	call	Minus		other_HMG	1	GCA_000697295.1_MucIndB7402-1.0|c1|t1
F054	F054	nonlocus	Rhizomucor pusillus	Lichtheimiaceae	nonlocus	-		sexP	1	GCA_900175165.2_FCH_5_7|h3|t0
F055	F055	cand	Backusella circina	Backusellaceae	call	Plus		sexP	1	GCA_025399235.1_Bacci1|c0|m0
F056	F056	cand	Rhizomucor pusillus	Lichtheimiaceae	call	Plus		sexP	3	GCA_023512895.1_ASM2351289v1|nc0|t0
F057	F057	cand	Cokeromyces recurvatus	Mucoraceae	call	Plus		sexP	1	GCF_025118155.1_Cokrec1|nc1|m0
F058	F058	cand	Actinomucor elegans	Mucoraceae	call	Plus		sexP	2	GCA_001599635.1_JCM_22485_assembly_v001|c0|m0
F059	F059	cand	Mucor janssenii	Mucoraceae	call	Plus		sexP	1	GCA_060309305.1_CBS205.68v1|c0|m0
F060	F060	cand	Rhizopus microsporus	Rhizopodaceae	call	Plus		sexP	10	GCA_000738565.1_RhiAzyB7455-1.0|c0|m0
F061	F061	REF_sexP	Mucoraceae sp. AI-2023a		reference		sexP		1	REF|3108396_ai-2023a_MAT_Plus|gene2|sexP
F062	F062	cand	Mucor ardhlaengiktus	Mucoraceae	call	Minus		sexM	1	GCA_060309335.1_CBS210.80v1|c0|m0
F063	F063	cand	Backusella morwellensis	Backusellaceae	call	Minus		sexM	3	GCA_024139395.1_ASM2413939v1|c0|m0
F064	F064	cand	Rhizopus microsporus	Rhizopodaceae	call	Plus		sexP	1	GCF_002708625.1_Rhimi1_1|c0|m0
F065	F065	cand	Mycotypha africana	Mycotyphaceae	call	Plus		sexP	1	GCF_025528875.1_Mycafr1|c0|m0
F066	F066	cand	Mucor racemosus	Mucoraceae	call	Plus		sexP	5	GCA_000697255.1_MucRacB9645-1.0|c1|m0
F067	F067	cand	Cokeromyces recurvatus	Mucoraceae	call	Minus		sexM	2	GCA_000697235.1_CokRecB5483-1.0|c0|m0
F068	F068	cand	Mucor ardhlaengiktus	Mucoraceae	call	undetermined		other_HMG	1	GCA_060309335.1_CBS210.80v1|c1|t0
F069	F069	cand	Rhizopus arrhizus	Rhizopodaceae	call	Minus		sexM	1	GCA_019828915.1_ASM1982891v1|nc0|m0
F070	F070	REF_sexM	Rhizopus arrhizus		reference		sexM		1	REF|64495_cbs110-17_MAT_Minus|gene1|sexM
F071	F071	cand	Gilbertella persicaria	Choanephoraceae	call	Plus		sexP	1	GCA_024294565.1_ASM2429456v1|c0|m0
F072	F072	cand	Rhizopus sp. PT2906	Rhizopodaceae	call	Plus		sexP	1	GCA_025529335.1_ASM2552933v1|c1|m0
F073	F073	cand	Pilobolus umbonatus	Pilobolaceae	call	Plus		sexP	1	GCA_025528865.1_Pilumb1|c0|m0
F074	F074	cand	Backusella mclennaniae	Backusellaceae	call	Minus		sexM	1	GCA_024139405.1_ASM2413940v1|c0|m0
F075	F075	cand	Benjaminiella poitrasii	Mucoraceae	call	Minus		sexM	1	GCA_025766325.1_Benpoi1|c0|m0
F076	F076	cand	Mucor indicus	Mucoraceae	call	Minus		sexM	1	GCA_000697295.1_MucIndB7402-1.0|c0|m0
F077	F077	cand	Rhizopus delemar	Rhizopodaceae	call	Minus		sexM	11	GCA_011763585.1_ASM1176358v1|c0|m0
F078	F078	REF_sexM	Blakeslea trispora		reference		sexM		1	REF|4850_vkm-f-921_MAT_Minus|gene0|sexM
F079	F079	cand	Rhizopus sp. TYR1	Rhizopodaceae	call	Plus		sexP	1	GCA_057662165.1_ASM5766216v1|c0|m0
F080	F080	cand	Rhizopus delemar	Rhizopodaceae	call	Plus		sexP	8	GCA_000738595.1_RhiDel21447-1.0|c0|m0
F081	F081	cand	Benjaminiella poitrasii	Mucoraceae	call	undetermined		other_HMG	1	GCA_025766325.1_Benpoi1|c1|t3
F082	F082	REF_sexP	Rhizopus arrhizus		reference		sexP		1	REF|64495_cbs346-36_MAT_Plus|gene2|sexP
F083	F083	cand	Rhizopus arrhizus	Rhizopodaceae	call	Plus		sexP	5	GCA_000697115.1_RhiOry21396-1.0|c0|m0
F084	F084	REF_sexM	Mucor mucedo		reference		sexM		1	REF|29922_cbs109-16_MAT_Minus|gene1|sexM
F085	F085	cand	Gilbertella persicaria	Choanephoraceae	call	Minus		sexM	2	GCA_054601915.1_FAM010_1.0|c0|t0
F086	F086	cand	Absidia glauca	Cunninghamellaceae	call	Minus		sexM	1	GCA_900079185.1_AG_v1|nc0|m0
F087	F087	cand	Rhizopus microsporus	Rhizopodaceae	call	Minus		sexM	4	GCA_000325505.1_RHIrdgD1.0|c0|m0
F088	F088	cand	Mucor piriformis	Mucoraceae	call	Minus		sexM	1	GCA_943193625.1_gzMucPiri1.1|c0|m0
F089	F089	cand	Phascolomyces articulosus	Lichtheimiaceae	call	undetermined		sexP	1	GCA_025677815.1_Phaart1|c0|t0
F090	F090	REF_sexM	Syzygites megalocarpus		reference		sexM		1	REF|101119_atcc11807_MAT_Minus|gene0|sexM
F091	F091	cand	Cunninghamella elegans	Cunninghamellaceae	call	Minus		sexM	1	GCA_000697015.1_CunEleB9769-1.0|c0|m0
F092	F092	REF_sexP	Syzygites megalocarpus		reference		sexP		1	REF|101119_atcc11807_MAT_Plus|gene0|sexP
F093	F093	cand	Rhizopus microsporus	Rhizopodaceae	call	Minus		sexM	1	GCA_000825725.1_Rmicro_CBS_344.29_Allpaths-LG|c0|m0
F094	F094	cand	Mucor racemosus	Mucoraceae	call	Minus		sexM	2	GCA_000697255.1_MucRacB9645-1.0|c0|t0
F095	F095	cand	Rhizopus stolonifer	Rhizopodaceae	call	Minus		sexM	3	GCA_003325415.1_Rstol_CA|c0|m0
F096	F096	cand	Rhizopus microsporus	Rhizopodaceae	call	Minus		sexM	1	GCA_051997145.1_ASM5199714v1|c0|m0
F097	F097	REF_sexM	Rhizopus azygosporus		reference		sexM		1	REF|86630_cbs357-93_MAT_Minus|gene0|sexM
F098	F098	cand	Rhizopus microsporus	Rhizopodaceae	call	Minus		sexM	1	GCA_051997195.1_ASM5199719v1|c0|m0
F099	F099	cand	Rhizopus microsporus	Rhizopodaceae	call	Minus		sexM	1	GCA_002083745.1_Rhimi_ATCC52814_1|c0|m0
F100	F100	cand	Rhizopus stolonifer	Rhizopodaceae	call	Plus		sexP	1	GCA_977110985.1_gzRhiStol1|c0|m0
F101	F101	cand	Rhizopus microsporus	Rhizopodaceae	call	Minus		sexM	1	GCA_000697275.1_RhiMicB9738-1.0|c0|t0
F102	F102	cand	Mucor hiemalis	Mucoraceae	call	Plus		sexM	1	GCA_977110905.1_gzMucHiem1|c0|t0
F103	F103	cand	Rhizopus stolonifer	Rhizopodaceae	call	Plus		sexP	2	GCA_000697035.1_RhiStoB9770-1.0|c0|m0
F104	F104	cand	Cunninghamella bainieri	Cunninghamellaceae	call	Minus		sexM	1	GCA_044232465.1_ASM4423246v1|c0|m0
F105	F105	cand	Mucor irregularis	Mucoraceae	call	Minus		sexM	2	GCA_000587855.1_B50|c0|t3
F106	F106	cand	Mucor racemosus	Mucoraceae	call	Minus		sexM	2	GCA_027405735.1_ASM2740573v1|c0|t2
F107	F107	cand	Syncephalastrum racemosum	Syncephalastraceae	call	Plus		other_HMG	2	GCA_000696955.1_SynRacB6101-1.0|c0|t5
F108	F108	cand	Cunninghamella echinulata	Cunninghamellaceae	call	Minus		sexM	1	GCA_977110915.1_gzCunEchi1|c0|t1
F109	F109	REF_sexM	Absidia urquhartii		reference		sexM		1	REF|3231046_uomau377_MAT_Minus|gene1|sexM
F110	F110	cand	Umbelopsis isabellina	Umbelopsidaceae	call	Plus		other_HMG	1	GCA_000534915.1_ASM53491v1|c0|t0
F111	F111	cand	Umbelopsis ramanniana	Umbelopsidaceae	call	Plus		other_HMG	1	GCA_977110945.1_gzUmbRama1|c0|t2
F112	F112	cand	Umbelopsis sp. M5902	Umbelopsidaceae	call	Minus		other_HMG	1	GCA_037039815.1_ASM3703981v1|c1|t0
F113	F113	cand	Absidia healeyae	Cunninghamellaceae	call	Minus		sexM	1	GCA_019677225.1_ASM1967722v1|c0|m0
F114	F114	cand	Umbelopsis isabellina	Umbelopsidaceae	call	Plus		other_HMG	1	GCA_027595865.1_Umbelopsis_isabellina_MPG-14A_reass_enz|c0|t0
F115	F115	cand	Rhizopus delemar	Rhizopodaceae	call	Minus		sexM	1	GCA_000738585.1_RhiDel21477-1.0|c0|m0
F116	F116	cand	Umbelopsis isabellina	Umbelopsidaceae	call	Plus		other_HMG	1	GCA_000697415.1_UmbIsaB7317-1.0|c0|t0
F117	F117	cand	Halteromyces radiatus	Cunninghamellaceae	call	Minus		sexM	1	GCF_025201355.1_Halrad1|c0|t0
F118	F118	cand	Absidia cylindrospora	Cunninghamellaceae	call	Minus		sexM	1	GCA_977092135.1_gzAbsCyli1|c0|m0
F119	F119	cand	Mucor sp. M7501	Mucoraceae	call	Minus		sexM	2	GCA_037040325.1_ASM3704032v1|c0|m0
F120	F120	cand	Mucor velutinosus	Mucoraceae	call	Minus		sexM	3	GCA_000696895.1_MucVelB5328-1.0|c0|m0
F121	F121	cand	Mucor griseocyanus	Mucoraceae	call	Minus		sexM	1	GCA_060309175.1_CBS116.08v1|c0|m0
F122	F122	cand	Parasitella parasitica	Mucoraceae	call	Minus		sexM	1	GCA_025201805.1_Parpar1|c0|m0
F123	F123	cand	Mucor fragilis	Mucoraceae	call	Minus		sexM	1	GCA_977110935.1_gzMucFrag1|c0|m0
F124	F124	cand	Umbelopsis ramanniana	Umbelopsidaceae	call	Plus		other_HMG	1	GCF_025399195.1_Umbra1|c0|t1
F125	F125	cand	Mucor circinelloides	Mucoraceae	call	Minus		sexM	9	GCA_001276145.1_ASM127614v1|c0|m0
F126	F126	REF_sexM	Mucor circinelloides		reference		sexM		1	REF|36080_r7b_MAT_Minus|gene1|sexM
F127	F127	cand	Mucor circinelloides	Mucoraceae	call	Minus		sexM	1	GCA_051295215.1_Mcir_PS15m_1.0|c0|m0
F128	F128	cand	Umbelopsis sp. PMI_123	Umbelopsidaceae	call	Plus		other_HMG	1	GCA_021235465.1_Umbelo1|c0|t0
F129	F129	REF_sexM	Parasitella parasitica		reference		sexM		1	REF|35722_atcc11077_MAT_Minus|gene0|sexM
F130	F130	cand	Umbelopsis isabellina	Umbelopsidaceae	call	Plus		other_HMG	1	GCA_016758905.1_ASM1675890v1|c1|t0
F131	F131	cand	Absidia sp. YW-2025a	Cunninghamellaceae	call	Minus		sexM	1	GCA_050656845.1_ASM5065684v1|nc0|m0
F132	F132	cand	Rhizomucor pusillus	Lichtheimiaceae	call	Minus		sexM	1	GCA_900175165.2_FCH_5_7|nc0|t2
F133	F133	cand	Phycomyces nitens	Phycomycetaceae	withheld	Plus		other_HMG	2	GCA_022702545.1_SJTU-YXQ|w0|t15
F134	F134	cand	Hesseltinella vesiculosa	Cunninghamellaceae	call	Minus		sexM	1	GCA_002104935.1_Hesve2|c0|t2
F135	F135	cand	Gongronella sp. w5	Cunninghamellaceae	call	Minus		sexM	1	GCA_001650995.1_ASM165099v1|c0|t1
F136	F136	cand	Gongronella butleri	Cunninghamellaceae	call	Minus		sexM	1	GCA_025201375.1_Gonbut1|c0|t1
F137	F137	cand	Rhizopus stolonifer	Rhizopodaceae	call	Plus		sexP	1	GCA_003325415.1_Rstol_CA|c1|m0
F138	F138	nonlocus	Cunninghamella blakesleeana	Cunninghamellaceae	nonlocus	-		other_HMG	1	GCA_977110925.1_gzCunBlak1|h1|t0
F139	F139	nonlocus	Thamnidium elegans	Mucoraceae	nonlocus	-		sexP	1	GCA_056882155.1_ASM5688215v1|h9|t0
F140	F140	nonlocus	Phascolomyces articulosus	Lichtheimiaceae	nonlocus	-		sexP	1	GCA_025677815.1_Phaart1|h4|t0
F141	F141	nonlocus	Actinomucor elegans	Mucoraceae	nonlocus	-		sexP	1	GCA_026027325.1_ASM2602732v1|h8|t0
F142	F142	cand	Mucor bainieri	Mucoraceae	withheld	Plus		sexP	1	GCA_052058895.1_MBAN_PS3_1.0|w0|t0
F143	F143	nonlocus	Mucor indicus	Mucoraceae	nonlocus	-		sexM	1	GCA_000697295.1_MucIndB7402-1.0|h9|t0
F144	F144	nonlocus	Parasitella parasitica	Mucoraceae	nonlocus	-		sexP	1	GCA_000938895.1_PP.v1|h6|t1
F145	F145	cand	Lichtheimia corymbifera	Lichtheimiaceae	withheld	Plus		sexP	1	GCA_000723665.1_454Minimus|w1|t6
F146	F146	cand	Umbelopsis ramanniana	Umbelopsidaceae	withheld	Plus		sexP	1	GCA_977110945.1_gzUmbRama1|w0|t3
F147	F147	nonlocus	Sporodiniella umbellata	Rhizopodaceae	nonlocus	-		sexP	1	GCA_025677835.1_Spoumb1|h9|t0
F148	F148	cand	Lichtheimia corymbifera	Lichtheimiaceae	withheld	Minus		other_HMG	1	GCA_000723665.1_454Minimus|nw0|t1
F149	F149	nonlocus	Apophysomyces variabilis	Mucoraceae	nonlocus	-		other_HMG	1	GCA_002749535.1_ASM274953v1|h8|t0
F150	F150	nonlocus	Hesseltinella vesiculosa	Cunninghamellaceae	nonlocus	-		sexP	1	GCA_002104935.1_Hesve2|h7|t0
F151	F151	nonlocus	Chlamydoabsidia padenii	Cunninghamellaceae	nonlocus	-		sexP	1	GCA_025330725.1_Chlpad1|h6|t0
F152	F152	cand	Rhizopus microsporus	Rhizopodaceae	withheld	Minus		other_HMG	1	GCA_011762635.1_ASM1176263v1|w0|t0
F153	F153	cand	Fennellomyces sp. T-0311	Lichtheimiaceae	withheld	Plus		sexP	1	GCA_025266875.1_Fenlin1|w0|t1
F154	F154	cand	Umbelopsis vinacea	Umbelopsidaceae	withheld	undetermined		other_HMG	1	GCA_016758895.1_ASM1675889v1|w1|t1
F155	F155	cand	Syncephalastrum racemosum	Syncephalastraceae	withheld	Plus		sexP	1	GCA_002105135.1_Synrac1|w4|t3
F156	F156	nonlocus	Gongronella sp. w5	Cunninghamellaceae	nonlocus	-		other_HMG	1	GCA_001650995.1_ASM165099v1|h3|t1
F157	F157	cand	Mucor mucedo	Mucoraceae	withheld	Plus		sexP	1	GCF_025094135.1_Mucmuc1|w2|t9
F158	F158	nonlocus	Hesseltinella vesiculosa	Cunninghamellaceae	nonlocus	-		other_HMG	1	GCA_002104935.1_Hesve2|h4|t0
F159	F159	nonlocus	Parasitella parasitica	Mucoraceae	nonlocus	-		other_HMG	1	GCA_000938895.1_PP.v1|h5|t1
F160	F160	cand	Umbelopsis vinacea	Umbelopsidaceae	withheld	Minus		sexM	1	GCA_016758895.1_ASM1675889v1|nw3|t0
F161	F161	cand	Syncephalastrum monosporum	Syncephalastraceae	withheld	Minus		other_HMG	1	GCA_000697355.1_SynMonB8922-1.0|w0|t6
F162	F162	cand	Syncephalastrum racemosum	Syncephalastraceae	withheld	undetermined		sexP	1	GCA_002105135.1_Synrac1|w1|t5
F163	F163	nonlocus	Rhizopus arrhizus	Rhizopodaceae	nonlocus	-		sexP	1	GCA_011764225.1_ASM1176422v1|h7|t0
F164	F164	nonlocus	Umbelopsis ramanniana	Umbelopsidaceae	nonlocus	-		other_HMG	1	GCA_977110945.1_gzUmbRama1|h5|t0
F165	F165	nonlocus	Dichotomocladium elegans	Lichtheimiaceae	nonlocus	-		sexP	1	GCA_025716815.1_Dicele1|h5|t1
F166	F166	cand	Rhizomucor pusillus	Lichtheimiaceae	withheld	Minus		sexP	1	GCA_900175165.2_FCH_5_7|w4|t4
F167	F167	nonlocus	Apophysomyces variabilis	Mucoraceae	nonlocus	-		other_HMG	1	GCA_002749535.1_ASM274953v1|h7|t0
F168	F168	nonlocus	Mycotypha africana	Mycotyphaceae	nonlocus	-		sexM	1	GCF_025528875.1_Mycafr1|h1|t0
F169	F169	nonlocus	Gilbertella persicaria	Choanephoraceae	nonlocus	-		other_HMG	1	GCA_054601915.1_FAM010_1.0|h2|t1
F170	F170	cand	Mycotypha africana	Mycotyphaceae	withheld	Minus		other_HMG	1	GCF_025528875.1_Mycafr1|w1|t6
F171	F171	nonlocus	Cunninghamella blakesleeana	Cunninghamellaceae	nonlocus	-		other_HMG	1	GCA_977110925.1_gzCunBlak1|h2|t0
F172	F172	cand	Spinellus fusiger	Phycomycetaceae	withheld	Plus		sexP	1	GCA_025094145.1_Spifus1|w5|t0
F173	F173	nonlocus	Circinella minor	Lichtheimiaceae	nonlocus	-		sexP	1	GCA_016758965.1_ASM1675896v1|h6|t0
F174	F174	cand	Mucor indicus	Mucoraceae	withheld	Plus		sexP	1	GCA_000697295.1_MucIndB7402-1.0|w3|t0
F175	F175	cand	Rhizomucor pusillus	Lichtheimiaceae	withheld	Plus		sexP	1	GCA_900175165.2_FCH_5_7|w8|t0
F176	F176	nonlocus	Halteromyces radiatus	Cunninghamellaceae	nonlocus	-		sexP	1	GCF_025201355.1_Halrad1|h9|t0
F177	F177	cand	Syncephalastrum racemosum	Syncephalastraceae	withheld	Plus		sexP	2	GCA_000696955.1_SynRacB6101-1.0|w3|t5
F178	F178	cand	Radiomyces spectabilis	Radiomycetaceae	withheld	Plus		sexP	1	GCF_025331425.1_Radspe1|w2|t0
F179	F179	cand	Absidia sp. YW-2025a	Cunninghamellaceae	withheld	Plus		sexP	1	GCA_050656845.1_ASM5065684v1|w5|t0
F180	F180	cand	Lichtheimia ornata	Lichtheimiaceae	withheld	Plus		sexP	1	GCF_029851405.1_ASM2985140v1|w1|t1
