run	genome	family	idiomorph	reported	reproduced	reproduced_ok	new	ignored	locus_class	polished_genes	contig	start	end	core_evidence	flanks
dothideo_d18ec5a	GCA_000467715.1_ASM46771v1	Ascomycota:MAT	MAT1-1	high	high	True	high		mat_locus	3	AJFK01000280.1	12816	40767	MAT1-1-1:41.98:polished_single	APN2:56.93:polished_disagree;COX13:60.45:polished_agree
dothideo_d18ec5a	GCA_000498155.1_1.0	Ascomycota:MAT	MAT1-2	medium	medium	True	medium		mat_locus	3	AXZN01000055.1	110965	137257	MAT1-1-4:39.474:unpolished;MAT1-2-1:40.89:polished_disagree;MAT1-1-3:47.222:not_polish_candidate	APN2:63.71:polished_disagree;COX13:51.67:polished_disagree
dothideo_d18ec5a	GCA_000966595.1_ASM96659v1	Ascomycota:MAT	MAT1-1	medium	medium	True	medium		partial_locus	2	LAFY01004296.1	2976	9210	MAT1-1-1:95.24:polished_agree	APN2:96.26:polished_disagree
dothideo_d18ec5a	GCA_001692735.1_Leppa1	Ascomycota:MAT	MAT1-2	high	high	True	high		mat_locus	3	KV744868.1	35860	62072	MAT1-2-1:32.62:polished_disagree;MAT1-1-3:25.51:not_polish_candidate	APN2:59.6:polished_disagree;COX13:65.91:polished_agree
dothideo_d18ec5a	GCA_002105025.1_Cloaq1	Ascomycota:MAT	MAT1-1	medium	medium	True	medium		mat_locus	3	MCFA01000060.1	142398	173338	MAT1-1-4:46.512:unpolished;MAT1-1-1:61.4:polished_disagree	APN2:53.13:polished_disagree;COX13:57.69:polished_agree
dothideo_d18ec5a	GCA_003313425.1_ASM331342v1	Ascomycota:MAT	MAT1-2	medium	medium	True	high	MAT1-1-3:31.707;MAT1-1-4:34.091	mat_locus	3	NHZP01000004.1	1623092	1650701	MAT1-1-4:34.091:unpolished;MAT1-2-1:49.41:polished_disagree;MAT1-1-3:31.707:not_polish_candidate	APN2:55.8:polished_disagree;COX13:49.62:polished_disagree
dothideo_d18ec5a	GCA_003497825.1_ASM349782v1	Ascomycota:MAT	MAT1-1	medium	medium	True	medium		mat_locus	3	QVWQ01000014.1	315988	362192	MAT1-1-1:32.203:unpolished;MAT1-1-4:44.737:unpolished;MAT1-1-3:40.0:polished_single;MAT1-2-1:40.0:not_polish_candidate	APN2:60.35:polished_disagree;COX13:50.77:polished_disagree
dothideo_d18ec5a	GCA_003689415.1_ASM368941v1	Ascomycota:MAT	MAT1-1	medium	medium	True	medium		mat_locus	3	QWWI01000166.1	14949	21588	MAT1-1-4:31.343:unpolished;MAT1-1-1:39.71:polished_disagree	APN2:51.6:polished_disagree;COX13:58.46:polished_agree
dothideo_d18ec5a	GCA_003690525.1_ASM369052v1	Ascomycota:MAT	MAT1-1	medium	medium	True	medium		mat_locus	3	QWXJ01000135.1	47013	53638	MAT1-1-1:39.71:polished_disagree;MAT1-1-4:31.343:unpolished	APN2:51.6:polished_disagree;COX13:58.46:polished_agree
dothideo_d18ec5a	GCA_003691075.1_ASM369107v1	Ascomycota:MAT	MAT1-2	medium	medium	True	high	MAT1-1-3:31.707;MAT1-1-4:32.836	mat_locus	3	QWYX01000077.1	35272	41956	MAT1-2-1:57.3:polished_disagree;MAT1-1-3:31.707:not_polish_candidate;MAT1-1-4:32.836:unpolished	APN2:51.43:polished_disagree;COX13:58.46:polished_agree
dothideo_d18ec5a	GCA_004918105.1_ASM491810v1	Ascomycota:MAT	MAT1-2	medium	medium	True	medium		mat_locus	4	QZBS01000102.1	32127	58780	MAT1-2-1:46.98:polished_disagree;MAT1-1-3:35.135:not_polish_candidate;MAT1-1-1:42.42:polished_single	APN2:52.86:polished_disagree;COX13:65.57:polished_agree;SLA2:48.485:unpolished
dothideo_d18ec5a	GCA_007556565.1_ASM755656v1	Ascomycota:MAT	MAT1-2	high	high	True	high	MAT1-1-3:32.222	mat_locus	3	SWCR01000009.1	1486467	1490847	MAT1-1-3:32.222:not_polish_candidate;MAT1-2-1:43.0:polished_single	APN2:57.12:polished_disagree;COX13:70.97:polished_disagree
dothideo_d18ec5a	GCA_009193115.1_UBA_Ckiku_1.0	Ascomycota:MAT	MAT1-1	medium	medium	True	medium		partial_locus	2	VTAY01000105.1	2599156	2620267	MAT1-1-1:45.05:polished_disagree	COX13:72.62:polished_disagree
dothideo_d18ec5a	GCA_009982855.1_Lizem1	Ascomycota:MAT	MAT1-1	high	high	True	high		mat_locus	4	JAADKA010000001.1	450650	489983	MAT1-1-1:61.9:polished_disagree;MAT1-2-1:54.46:polished_disagree;MAT1-1-3:38.095:not_polish_candidate	APN2:64.2:polished_disagree;COX13:54.17:polished_disagree
dothideo_d18ec5a	GCA_010015635.1_Clael1	Ascomycota:MAT	MAT1-1	high	high	True	high		mat_locus	3	ML975999.1	333453	342715	MAT1-1-1:57.72:polished_disagree	APN2:53.91:polished_disagree;COX13:55.83:polished_disagree
dothideo_d18ec5a	GCA_010015725.1_Amnli1	Ascomycota:MAT	MAT1-1	high	high	True	high		mat_locus	3	ML977587.1	453130	460886	MAT1-1-1:40.0:polished_single	APN2:57.41:polished_disagree;COX13:54.2:polished_disagree
dothideo_d18ec5a	GCA_010015785.1_Sacpr1	Ascomycota:MAT	MAT1-2	medium	medium	True	medium		mat_locus	3	ML978713.1	619813	625940	MAT1-1-4:25.15:unpolished;MAT1-2-1:33.58:polished_single;MAT1-1-3:30.769:not_polish_candidate;MAT1-1-1:31.111:not_polish_candidate	APN2:60.64:polished_disagree;COX13:77.23:polished_disagree
dothideo_d18ec5a	GCA_010015805.1_Rhili1	Ascomycota:MAT	MAT1-2	high	high	True	high	MAT1-1-3:34.694	mat_locus	3	ML978121.1	3841469	3850631	MAT1-2-1:52.07:polished_disagree;MAT1-1-3:34.694:not_polish_candidate	APN2:57.95:polished_disagree;COX13:71.72:polished_disagree
dothideo_d18ec5a	GCA_010093605.1_Lopmy1	Ascomycota:MAT	MAT1-2	medium	medium	True	medium		mat_locus	3	MU004200.1	415265	427313	MAT1-2-1:34.91:polished_disagree;MAT1-1-3:32.075:not_polish_candidate;MAT1-1-1:40.816:unpolished	APN2:53.95:polished_disagree;COX13:60.94:polished_single
dothideo_d18ec5a	GCA_010093705.1_Patat1	Ascomycota:MAT	MAT1-2	high	high	True	high	MAT1-1-1:32.46;MAT1-1-3:29.474	mat_locus	3	MU006095.1	18197	22946	MAT1-2-1:46.22:polished_disagree;MAT1-1-3:29.474:not_polish_candidate;MAT1-1-1:32.46:polished_single	COX13:65.43:polished_disagree
dothideo_d18ec5a	GCA_010093715.1_Plesi1	Ascomycota:MAT	MAT1-2	high	high	True	high	MAT1-1-3:27.551	mat_locus	3	MU005770.1	1917686	1923021	MAT1-2-1:45.87:polished_single;MAT1-1-3:27.551:not_polish_candidate	APN2:58.62:polished_disagree;COX13:52.59:polished_agree
dothideo_d18ec5a	GCA_010093785.1_Polci1	Ascomycota:MAT	MAT1-2	medium	medium	True	medium	MAT1-1-3:30.108	mat_locus	3	MU003770.1	46315	59830	MAT1-2-1:60.87:polished_disagree;MAT1-1-3:30.108:not_polish_candidate	APN2:72.87:polished_disagree;COX13:71.74:polished_disagree;SLA2:37.143:unpolished
dothideo_d18ec5a	GCA_010093805.1_Polfu1	Ascomycota:MAT	MAT1-2	high	high	True	high	MAT1-1-3:39.024	mat_locus	3	ML996139.1	82648	95278	MAT1-2-1:59.43:polished_agree;MAT1-1-3:39.024:not_polish_candidate	APN2:52.74:polished_disagree;COX13:51.97:polished_single
dothideo_d18ec5a	GCA_010093895.1_Myrdu1	Ascomycota:MAT	MAT1-2	high	high	True	high	MAT1-1-3:36.957	mat_locus	3	ML996089.1	413652	424548	MAT1-2-1:51.46:polished_disagree;MAT1-1-3:36.957:not_polish_candidate	APN2:57.29:polished_disagree;COX13:60.19:polished_disagree
dothideo_d18ec5a	GCA_010093925.1_Zoprh1	Ascomycota:MAT	MAT1-1	high	high	True	high		mat_locus	4	ML994713.1	74927	105491	MAT1-1-1:52.99:polished_disagree;MAT1-2-1:56.12:polished_disagree;MAT1-1-3:28.788:not_polish_candidate	APN2:59.26:polished_disagree;COX13:58.02:polished_agree
dothideo_d18ec5a	GCA_010093945.1_Delco1	Ascomycota:MAT	MAT1-1	high	high	True	high		mat_locus	3	ML993862.1	94718	99254	MAT1-1-1:50.47:polished_single	APN2:55.97:polished_disagree;COX13:59.54:polished_disagree
dothideo_d18ec5a	GCA_010356995.1_Tribi1	Ascomycota:MAT	MAT1-1	high	high	True	high		mat_locus	4	ML996703.1	464826	488886	MAT1-1-1:43.51:polished_disagree	APN2:50.86:polished_disagree;COX13:62.5:polished_disagree;SLA2:74.88:polished_agree
dothideo_d18ec5a	GCA_010405375.1_Lopma1	Ascomycota:MAT	MAT1-2	medium	medium	True	medium		mat_locus	3	MU004372.1	117528	141102	MAT1-1-4:28.302:unpolished;MAT1-2-1:46.99:polished_disagree;MAT1-1-3:39.474:not_polish_candidate	APN2:57.92:polished_disagree;COX13:53.44:polished_disagree
dothideo_d18ec5a	GCA_010405405.1_Micmi1	Ascomycota:MAT	MAT1-1	high	high	True	high		mat_locus	3	MU004230.1	2641757	2648769	MAT1-1-1:48.42:polished_single	APN2:54.4:polished_disagree;COX13:66.32:polished_single
dothideo_d18ec5a	GCA_010405425.1_Lenfl1	Ascomycota:MAT	MAT1-1	medium	medium	True	medium		mat_locus	3	MU005569.1	443864	479743	MAT1-1-1:53.21:polished_disagree;MAT1-1-3:41.463:not_polish_candidate;MAT1-2-1:48.485:not_polish_candidate;MAT1-1-4:31.481:unpolished	APN2:61.68:polished_disagree;COX13:53.85:polished_agree;SLA2:25.258:unpolished
dothideo_d18ec5a	GCA_010583015.1_Totfu1	Ascomycota:MAT	MAT1-1	medium	medium	True	medium		mat_locus	4	MU007023.1	308377	330347	MAT1-1-5:24.39:unpolished;MAT1-1-1:43.79:polished_disagree;MAT1-2-1:36.31:polished_disagree;MAT1-1-3:44.444:not_polish_candidate	APN2:53.65:polished_agree;COX13:65.59:polished_disagree
dothideo_d18ec5a	GCA_014905255.1_Rac_1.0	Ascomycota:MAT	MAT1-1	high	high	True	high		mat_locus	3	BLYF01000030.1	381711	387447	MAT1-1-1:44.24:polished_single	APN2:52.13:polished_disagree;COX13:54.1:polished_disagree
dothideo_d18ec5a	GCA_016612005.1_ASM1661200v1	Ascomycota:MAT	MAT1-2	medium	medium	True	high	MAT1-1-1:34.921;MAT1-1-3:37.778;MAT1-1-4:29.412	mat_locus	3	PEBR01000018.1	276041	295021	MAT1-1-4:29.412:unpolished;MAT1-2-1:52.35:polished_agree;MAT1-1-3:37.778:not_polish_candidate;MAT1-1-1:34.921:unpolished	APN2:53.05:polished_disagree;COX13:52.5:polished_disagree
dothideo_d18ec5a	GCA_018467035.1_ASM1846703v1	Ascomycota:MAT	MAT1-2	high	high	True	high	MAT1-1-3:30.108	mat_locus	3	JACSZZ010000003.1	2633988	2646993	MAT1-1-3:30.108:not_polish_candidate;MAT1-2-1:41.55:polished_single	APN2:73.83:polished_disagree;COX13:73.68:polished_disagree
dothideo_d18ec5a	GCA_018992335.1_ASM1899233v1	Ascomycota:MAT	MAT1-2	high	high	True	high	MAT1-1-3:25.153	mat_locus	3	JABUKR010000177.1	52168	59500	MAT1-1-3:25.153:not_polish_candidate;MAT1-2-1:43.09:polished_disagree	APN2:57.4:polished_disagree;COX13:65.62:polished_agree
dothideo_d18ec5a	GCA_019022785.1_UFMT_Lindgomycetaceae_A73	Ascomycota:MAT	MAT1-1	medium	medium	True	medium		partial_locus	2	JAFHBV010000536.1	8376	12332	MAT1-1-1:45.86:polished_single	APN2:56.52:polished_disagree
dothideo_d18ec5a	GCA_019670975.1_ASM1967097v1	Ascomycota:MAT	MAT1-2	high	high	True	high	MAT1-1-3:35.135	mat_locus	3	JAGUCJ010000016.1	312525	329657	MAT1-2-1:59.18:polished_disagree;MAT1-1-3:35.135:not_polish_candidate	APN2:63.08:polished_disagree;COX13:74.0:polished_disagree
dothideo_d18ec5a	GCA_019775845.1_ASM1977584v1	Ascomycota:MAT	MAT1-1	medium	medium	True	medium		mat_locus	5	JADQAV010000008.1	359190	398039	MAT1-2-1:42.11:polished_disagree;MAT1-1-3:30.769:not_polish_candidate;MAT1-1-1:42.28:polished_single;MAT1-1-4:22.754:unpolished	APN2:53.01:polished_disagree;COX13:63.36:polished_agree;SLA2:78.09:polished_agree
dothideo_d18ec5a	GCA_020572305.1_ASM2057230v1	Ascomycota:MAT	MAT1-1	medium	medium	True	medium	MAT1-2-1:25.735	mat_locus	3	JAIRHC010000001.1	1639748	1662983	MAT1-1-4:39.474:unpolished;MAT1-2-1:25.735:not_polish_candidate;MAT1-1-1:43.41:polished_single	APN2:60.6:polished_disagree;COX13:51.16:polished_disagree
dothideo_d18ec5a	GCA_020573595.1_ASM2057359v1	Ascomycota:MAT	MAT1-1	medium	medium	True	medium		mat_locus	3	JAIRHO010000005.1	891958	938163	MAT1-1-3:40.0:polished_single;MAT1-2-1:40.0:not_polish_candidate;MAT1-1-4:44.737:unpolished;MAT1-1-1:32.203:unpolished	APN2:60.35:polished_disagree;COX13:51.16:polished_disagree
dothideo_d18ec5a	GCA_020744415.1_Denna1	Ascomycota:MAT	MAT1-1	high	high	True	high		mat_locus	3	JAGMWT010000006.1	521320	528644	MAT1-1-1:45.68:polished_single	APN2:55.34:polished_disagree;COX13:57.25:polished_agree
dothideo_d18ec5a	GCA_021030975.1_ASM2103097v1	Ascomycota:MAT	MAT1-2	high	high	True	high		mat_locus	3	JAGFMK010000047.1	29233	35474	MAT1-2-1:37.67:polished_disagree;MAT1-1-3:29.167:not_polish_candidate	APN2:55.1:polished_disagree;COX13:63.36:polished_agree
dothideo_d18ec5a	GCA_022560085.1_ASM2256008v1	Ascomycota:MAT	MAT1-1	high	high	True	high		mat_locus	3	JAFISD010000043.1	147985	153228	MAT1-1-1:52.02:polished_disagree	APN2:55.17:polished_disagree;COX13:50.0:polished_agree
dothideo_d18ec5a	GCA_022609195.1_ASM2260919v1	Ascomycota:MAT	MAT1-2	medium	medium	True	medium		mat_locus	4	JAGKQA010000053.1	80251	97416	MAT1-2-1:59.459:not_polish_candidate;MAT1-1-1:33.962:unpolished;MAT1-1-2:32.35:polished_single;MAT1-1-3:34.951:not_polish_candidate	APN2:62.29:polished_disagree;COX13:70.83:polished_disagree;SLA2:90.47:polished_agree
dothideo_d18ec5a	GCA_022813065.1_ASM2281306v1	Ascomycota:MAT	MAT1-1	high	high	True	high		mat_locus	3	JAHCSW010000007.1	641767	651031	MAT1-1-1:61.98:polished_disagree;MAT1-1-3:50.0:not_polish_candidate;MAT1-2-1:53.125:not_polish_candidate	APN2:55.38:polished_disagree;COX13:53.38:polished_agree
dothideo_d18ec5a	GCA_022813225.1_ASM2281322v1	Ascomycota:MAT	MAT1-1	medium	medium	True	medium		mat_locus	3	JAKLMX010000008.1	571288	587498	MAT1-1-5:28.431:unpolished;MAT1-1-1:42.86:polished_disagree;MAT1-1-4:27.273:unpolished	APN2:59.76:polished_disagree;COX13:75.26:polished_disagree
dothideo_d18ec5a	GCA_023079245.1_ASM2307924v1	Ascomycota:MAT	MAT1-1	medium	medium	True	medium		mat_locus	3	JAJMVB010000003.1	924346	933967	MAT1-1-4:32.727:unpolished;MAT1-1-1:47.62:polished_single	APN2:54.37:polished_disagree;COX13:58.06:polished_disagree
dothideo_d18ec5a	GCA_023084885.1_ASM2308488v1	Ascomycota:MAT	MAT1-1	high	high	True	high	MAT1-2-1:33.33	mat_locus	4	JAJMWO010000038.1	299551	311609	MAT1-2-1:33.33:polished_single;MAT1-1-3:29.412:not_polish_candidate;MAT1-1-1:44.06:polished_disagree	APN2:53.89:polished_disagree;COX13:65.25:polished_disagree
dothideo_d18ec5a	GCA_023084905.1_ASM2308490v1	Ascomycota:MAT	MAT1-1	high	high	True	high	MAT1-2-1:33.33	mat_locus	4	JAJMWN010000084.1	166073	178183	MAT1-2-1:33.33:polished_single;MAT1-1-3:28.261:not_polish_candidate;MAT1-1-1:44.76:polished_disagree	APN2:53.79:polished_disagree;COX13:65.25:polished_disagree
dothideo_d18ec5a	GCA_023653545.1_ASM2365354v1	Ascomycota:MAT	MAT1-1	high	high	True	high		mat_locus	3	JAMKBD010000140.1	76986	81923	MAT1-1-1:47.19:polished_disagree	APN2:52.86:polished_disagree;COX13:57.36:polished_agree
dothideo_d18ec5a	GCA_024761825.1_ASM2476182v1	Ascomycota:MAT	MAT1-2	medium	medium	True	medium	MAT1-1-3:34.146	partial_locus	2	JAHCTR010002111.1	1	2943	MAT1-2-1:58.76:polished_agree;MAT1-1-3:34.146:not_polish_candidate	APN2:87.5:polished_agree
dothideo_d18ec5a	GCA_025742355.1_Cglycines_RA-1	Ascomycota:MAT	MAT1-2	high	high	True	high		mat_locus	3	JAMXIK010000002.1	988482	993995	MAT1-2-1:44.74:polished_disagree;MAT1-1-3:36.735:not_polish_candidate	APN2:62.26:polished_disagree;COX13:61.39:polished_disagree
dothideo_d18ec5a	GCA_027946365.1_ASM2794636v1	Ascomycota:MAT	MAT1-1	medium	medium	True	medium		partial_locus	2	JAPEUQ010000020.1	235632	264705	MAT1-1-1:49.42:polished_disagree;MAT1-1-3:26.882:unpolished	APN2:48.48:polished_single
dothideo_d18ec5a	GCA_028476805.1_ASM2847680v1	Ascomycota:MAT	MAT1-1	medium	medium	True	medium		partial_locus	2	JAQGEP010000048.1	124106	128197	MAT1-1-1:62.91:polished_disagree	APN2:57.61:polished_disagree
dothideo_d18ec5a	GCA_030247885.1_UCR_JES119	Ascomycota:MAT	MAT1-1	medium	medium	True	medium	MAT1-2-1:37.778	mat_locus	4	JAPDRO010000028.1	165935	239884	MAT1-2-1:37.778:unpolished;MAT1-1-4:28.571:unpolished;MAT1-1-1:48.87:polished_disagree	APN2:60.61:polished_disagree;COX13:59.29:polished_disagree;SLA2:74.64:polished_disagree
dothideo_d18ec5a	GCA_030553385.1_ASM3055338v1	Ascomycota:MAT	MAT1-1	high	high	True	high		mat_locus	4	JAUJLD010000103.1	116554	131806	MAT1-1-1:41.9:polished_disagree;MAT1-1-3:30.769:not_polish_candidate;MAT1-2-1:63.79:polished_disagree	APN2:63.9:polished_disagree;COX13:68.24:polished_disagree
dothideo_d18ec5a	GCA_030553385.1_ASM3055338v1	Ascomycota:MAT	MAT1-2	high	high	True	high	MAT1-1-1:40.51;MAT1-1-3:34.286	mat_locus	4	JAUJLD010000039.1	131631	147132	MAT1-1-1:40.51:polished_single;MAT1-2-1:57.69:polished_agree;MAT1-1-3:34.286:not_polish_candidate	APN2:64.64:polished_disagree;COX13:68.24:polished_disagree
dothideo_d18ec5a	GCA_030772445.1_ASM3077244v1	Ascomycota:MAT	MAT1-1	high	high	True	high		mat_locus	3	JAPHCH010000069.1	89057	97730	MAT1-1-1:53.19:polished_disagree	APN2:66.04:polished_disagree;COX13:61.83:polished_agree
dothideo_d18ec5a	GCA_033220655.1_ASM3322065v1	Ascomycota:MAT	MAT1-2	medium	medium	True	high	MAT1-1-3:20.968	mat_locus	3	WVTA01000001.1	1520153	1549282	MAT1-1-3:20.968:not_polish_candidate;MAT1-2-1:46.83:polished_disagree	APN2:51.11:polished_disagree;COX13:51.56:polished_disagree
dothideo_d18ec5a	GCA_034509035.1_ASM3450903v1	Ascomycota:MAT	MAT1-2	high	high	True	high	MAT1-1-3:36.364	mat_locus	3	JAWXCT010000141.1	50875	65832	MAT1-2-1:60.49:polished_disagree;MAT1-1-3:36.364:not_polish_candidate	APN2:66.67:polished_disagree;COX13:70.0:polished_disagree
dothideo_d18ec5a	GCA_040333265.2_ASM4033326v2	Ascomycota:MAT	MAT1-2	high	high	True	high	MAT1-1-3:37.5	mat_locus	3	JBEBNI020000118.1	173048	180377	MAT1-2-1:49.51:polished_agree;MAT1-1-3:37.5:not_polish_candidate	APN2:63.68:polished_disagree;COX13:57.69:polished_disagree
dothideo_d18ec5a	GCA_040333465.2_ASM4033346v2	Ascomycota:MAT	MAT1-1	medium	medium	True	medium		mat_locus	3	JBEBNO020000001.1	8365768	8398333	MAT1-2-1:40.741:unpolished;MAT1-1-1:35.9:polished_single;MAT1-1-4:40.426:unpolished	APN2:56.83:polished_disagree;COX13:53.44:polished_agree
dothideo_d18ec5a	GCA_047728055.1_ASM4772805v1	Ascomycota:MAT	MAT1-1	high	high	True	high		mat_locus	3	JBBYDG010000133.1	42239	51138	MAT1-1-1:38.73:polished_disagree	APN2:51.94:polished_disagree;COX13:68.6:polished_disagree
dothideo_d18ec5a	GCA_047839845.1_ASM4783984v1	Ascomycota:MAT	MAT1-1	high	high	True	high		mat_locus	3	JBCINM010000079.1	22582	31476	MAT1-1-1:38.73:polished_disagree	APN2:51.77:polished_disagree;COX13:68.6:polished_disagree
dothideo_d18ec5a	GCA_047844905.1_ASM4784490v1	Ascomycota:MAT	MAT1-1	high	high	True	high		mat_locus	3	JBCISX010000156.1	36753	45652	MAT1-1-1:38.73:polished_disagree	APN2:51.94:polished_disagree;COX13:68.6:polished_disagree
dothideo_d18ec5a	GCA_049307695.1_EMGR_V1	Ascomycota:MAT	MAT1-2	medium	medium	True	medium	MAT1-1-3:28.099	mat_locus	5	JBMIHJ010000012.1	99298	129824	MAT1-2-4:98.78:polished_disagree;CIMG_00407:23.077:unpolished;MAT1-2-1:97.81:polished_disagree;MAT1-1-3:28.099:not_polish_candidate	APN2:100.0:polished_agree;COX13:100.0:polished_agree;SLA2:100.0:polished_agree
dothideo_d18ec5a	GCA_049996175.1_ASM4999617v1	Ascomycota:MAT	MAT1-1	medium	medium	True	medium		mat_locus	2	JBAWTN010000008.1	369285	399065	MAT1-1-1:46.01:polished_disagree	APN2:60.78:polished_disagree;COX13:33.333:unpolished
dothideo_d18ec5a	GCA_050273025.1_ASM5027302v1	Ascomycota:MAT	MAT1-1	medium	medium	True	medium		mat_locus	3	CP158638.1	10915999	10927470	MAT1-2-1:47.619:unpolished;MAT1-1-4:25.405:unpolished;MAT1-1-1:47.54:polished_single	APN2:57.91:polished_disagree;COX13:62.18:polished_disagree
dothideo_d18ec5a	GCA_050613695.1_ASM5061369v1	Ascomycota:MAT	MAT1-2	high	high	True	high	MAT1-1-3:33.962	mat_locus	4	JBNDYI010000007.1	6174	52030	MAT1-2-1:47.73:polished_disagree;MAT1-1-3:33.962:not_polish_candidate	APN2:60.79:polished_disagree;COX13:72.92:polished_disagree;SLA2:75.46:polished_disagree
dothideo_d18ec5a	GCA_051942775.1_ASM5194277v1	Ascomycota:MAT	MAT1-2	high	high	True	high	MAT1-1-1:32.17;MAT1-1-3:35.135	mat_locus	4	JBPPNM010000009.1	801607	809055	MAT1-1-1:32.17:polished_single;MAT1-2-1:50.41:polished_disagree;MAT1-1-3:35.135:not_polish_candidate	APN2:59.11:polished_disagree;COX13:67.21:polished_agree
dothideo_d18ec5a	GCA_052057045.1_ASM5205704v1	Ascomycota:MAT	MAT1-2	medium	medium	True	medium	MAT1-1-1:36.364;MAT1-1-3:35.135	mat_locus	3	JBMEYE010000022.1	32562	59119	MAT1-2-1:46.98:polished_disagree;MAT1-1-3:35.135:not_polish_candidate;MAT1-1-1:36.364:unpolished	APN2:52.95:polished_disagree;COX13:65.57:polished_agree;SLA2:42.857:unpolished
dothideo_d18ec5a	GCA_052323615.1_ASM5232361v1	Ascomycota:MAT	MAT1-2	high	high	True	high	MAT1-1-3:36.17	mat_locus	3	JBQMWY010000037.1	32821	38856	MAT1-2-1:49.37:polished_agree;MAT1-1-3:36.17:not_polish_candidate	APN2:51.52:polished_disagree;COX13:53.38:polished_disagree
dothideo_d18ec5a	GCA_054600435.1_NU230_1.0	Ascomycota:MAT	MAT1-2	medium	medium	True	high	MAT1-1-1:38.636;MAT1-1-3:29.688	mat_locus	4	BAAIJX010000006.1	128112	171260	MAT1-1-3:29.688:not_polish_candidate;MAT1-2-1:55.56:polished_disagree;MAT1-1-1:38.636:unpolished	APN2:64.92:polished_disagree;COX13:73.91:polished_agree;SLA2:74.12:polished_agree
dothideo_d18ec5a	GCA_054600475.1_NU419_1.0	Ascomycota:MAT	MAT1-2	high	high	True	high	MAT1-1-3:41.463	mat_locus	3	BAAIJU010000013.1	666789	693286	MAT1-2-1:54.29:polished_disagree;MAT1-1-3:41.463:not_polish_candidate	APN2:63.2:polished_disagree;COX13:62.6:polished_agree
dothideo_d18ec5a	GCA_057978465.1_Crustfungi9_Epicoc	Ascomycota:MAT	MAT1-1	high	high	True	high		mat_locus	3	JBYJWE010000028.1	129643	134774	MAT1-1-1:49.29:polished_disagree	APN2:67.69:polished_disagree;COX13:54.17:polished_disagree
dothideo_d18ec5a	GCA_059054025.1_ASM5905402v1	Ascomycota:MAT	MAT1-2	high	high	True	high	MAT1-1-3:34.694	mat_locus	3	JBWGWF010000011.1	1159617	1168316	MAT1-2-1:53.04:polished_disagree;MAT1-1-3:34.694:not_polish_candidate	APN2:64.97:polished_disagree;COX13:61.83:polished_agree
dothideo_d18ec5a	GCA_059623555.1_ASM5962355v1	Ascomycota:MAT	MAT1-1	medium	medium	True	medium		partial_locus	2	CM184477.1	1922576	1930338	MAT1-1-1:46.69:polished_agree	APN2:66.21:polished_disagree
dothideo_d18ec5a	GCA_059628815.1_ASM5962881v1	Ascomycota:MAT	MAT1-2	high	high	True	high	MAT1-1-3:33.962	mat_locus	4	JBWQEY010000008.1	6102	51958	MAT1-2-1:47.73:polished_disagree;MAT1-1-3:33.962:not_polish_candidate	APN2:60.79:polished_disagree;COX13:72.92:polished_disagree;SLA2:75.46:polished_disagree
dothideo_d18ec5a	GCA_060176455.1_ASM6017645v1	Ascomycota:MAT	MAT1-2	medium	medium	True	medium		partial_locus	2	JCAMPB010000017.1	786052	793275	MAT1-2-1:48.51:polished_single;MAT1-1-3:41.463:not_polish_candidate	APN2:62.13:polished_disagree
dothideo_d18ec5a	GCA_900232045.3_PTTW11	Ascomycota:MAT	MAT1-2	high	high	True	high		mat_locus	3	HG992985.1	1112824	1119923	MAT1-2-1:47.21:polished_disagree;MAT1-1-3:40.0:not_polish_candidate	APN2:55.4:polished_disagree;COX13:54.14:polished_agree
dothideo_d18ec5a	GCA_937873565.1_ERR599223_bin.4_CONCOCT_v1.1_MAG	Ascomycota:MAT	MAT1-2	high	high	True	high	MAT1-1-3:27.273	mat_locus	3	CALMRN010000153.1	366673	372767	MAT1-2-1:48.51:polished_disagree;MAT1-1-3:27.273:not_polish_candidate	APN2:51.69:polished_disagree;COX13:50.38:polished_agree
dothideo_d18ec5a	GCA_948474695.1_Periconia_digitata_genome_assembly	Ascomycota:MAT	MAT1-2	medium	medium	True	high	MAT1-1-3:39.535;MAT1-1-4:21.429	mat_locus	3	CAOQHR010000006.1	615269	641414	MAT1-1-4:21.429:unpolished;MAT1-2-1:57.14:polished_disagree;MAT1-1-3:39.535:not_polish_candidate	APN2:62.84:polished_disagree;COX13:57.69:polished_agree
dothideo_d18ec5a	GCA_964106605.1_gdRhiKalk1.hap1.1	Ascomycota:MAT	MAT1-2	high	high	True	high	MAT1-1-3:32.0	mat_locus	3	OZ066570.1	1310191	1315807	MAT1-2-1:51.46:polished_disagree;MAT1-1-3:32.0:not_polish_candidate	APN2:57.97:polished_disagree;COX13:73.74:polished_disagree
dothideo_d18ec5a	GCF_000281105.1_Coni_apol_CBS100218_V1	Ascomycota:MAT	MAT1-1	medium	medium	True	medium		mat_locus	3	NW_006913298.1	151768	158614	MAT1-1-1:37.08:polished_disagree;MAT1-1-4:26.829:unpolished	APN2:54.7:polished_disagree;COX13:76.53:polished_disagree
dothideo_d18ec5a	GCF_000836295.1_O_gall_CBS43764	Ascomycota:MAT	MAT1-2	medium	medium	True	high	MAT1-1-1:33.333;MAT1-1-3:31.579;MAT1-1-4:29.63	mat_locus	3	NW_015622140.1	1003290	1011723	MAT1-1-4:29.63:unpolished;MAT1-2-1:55.77:polished_disagree;MAT1-1-3:31.579:not_polish_candidate;MAT1-1-1:33.333:not_polish_candidate	APN2:56.51:polished_disagree;COX13:60.32:polished_agree
dothideo_d18ec5a	GCF_010015565.1_Disac1	Ascomycota:MAT	MAT1-2	medium	medium	True	medium		mat_locus	3	NW_022984964.1	156222	194364	MAT1-2-1:36.79:polished_single;MAT1-1-3:34.783:not_polish_candidate;MAT1-1-1:23.762:unpolished	APN2:63.73:polished_disagree;COX13:73.39:polished_agree
dothideo_d18ec5a	GCF_010015585.1_Erebi1	Ascomycota:MAT	MAT1-2	high	high	True	high		mat_locus	3	NW_022985081.1	424647	431412	MAT1-2-1:40.2:polished_single;MAT1-1-3:31.915:not_polish_candidate	APN2:53.02:polished_disagree;COX13:68.22:polished_disagree
dothideo_d18ec5a	GCF_010015615.1_Cucbe1	Ascomycota:MAT	MAT1-2	high	high	True	high	MAT1-1-3:27.673	mat_locus	3	NW_024468939.1	355276	363844	MAT1-2-1:51.76:polished_disagree;MAT1-1-3:27.673:not_polish_candidate	APN2:54.88:polished_disagree;COX13:52.46:polished_disagree
dothideo_d18ec5a	GCF_010015815.1_Dotsy1	Ascomycota:MAT	MAT1-1	medium	medium	True	medium		mat_locus	3	NW_022985012.1	1138369	1163707	MAT1-1-1:59.42:polished_disagree	APN2:53.78:polished_disagree;COX13:51.13:polished_disagree;SLA2:37.879:unpolished
dothideo_d18ec5a	GCF_010093815.1_Psehy1	Ascomycota:MAT	MAT1-1	medium	medium	True	medium		mat_locus	3	NW_022985557.1	78653	97541	MAT1-1-4:33.333:unpolished;MAT1-1-1:43.75:polished_single;MAT1-1-3:38.462:unpolished	APN2:49.5:polished_disagree;COX13:59.54:polished_agree
