genome	order	species	cls	good_asm	fail_class	d_kn_ste3	d_hdstrong_ste3	d_hb_ste3	d_hdany_ste3	n_ste3	n_ste3_caax	n_kn	n_hdbox	n_hd_mp_strong	busco	n50	contigs
GCA_000299215.2_ASM29921v2	Trichosporonales	Trichosporon asahii	uncalled	1	linked_hd1	41698			41698	3	0	1	1	0	94.1	3223897	194
GCA_000987905.1_ASM98790v1	Tremellales	Tremella fuciformis	uncalled	0	d_assembly					3	1	1	5	0	92.2	19415	1819
GCA_001007165.2_Xden1	Cystofilobasidiales	Phaffia rhodozyma	PR_only	1	hd1_found_not_linked	505961	505961	505961	326658	5	2	1	2	1	90.8	2088178	47
GCA_001579715.1_ASM157971v1	Cystofilobasidiales	Phaffia rhodozyma	PR_only	1	hd1_found_not_linked					5	2	1	2	1	90.8	104118	345
GCA_001598995.1_JCM_9937_assembly_v001	Trichosporonales	Apiotrichum montevideense	uncalled	1	no_hd1_domain_found					4	0	0	3	0	96.3	1972470	61
GCA_001599015.1_JCM_9580_assembly_v001	Trichosporonales	Apiotrichum domesticum	uncalled	1	linked_homeobox_only			56910	56910	4	0	0	3	0	96.5	3306260	28
GCA_001600015.1_JCM_11743_assembly_v001	Filobasidiales	Solicoccozyma phenolica	PR_only	1	no_hd1_domain_found				284721	3	1	0	2	0	93.8	969091	64
GCA_001600055.1_JCM_11695_assembly_v001	Filobasidiales	Filobasidium wieringae	PR_only	1	linked_hd1	84934		63626	63626	3	0	1	5	0	90.6	951588	35
GCA_001600275.1_JCM_1532_assembly_v001	Trichosporonales	Cutaneotrichosporon curvatum	PR_only	1	linked_hd1	50906		27197	27197	5	1	1	4	0	95.7	571590	73
GCA_001600295.1_JCM_1599_assembly_v001	Trichosporonales	Apiotrichum brassicae	PR_only	1	no_hd1_domain_found					4	1	0	2	0	96.7	2410059	16
GCA_001600315.1_JCM_9941_assembly_v001	Trichosporonales	Apiotrichum gamsii	PR_only	1	no_hd1_domain_found				28792	2	1	0	3	0	96.9	3284570	17
GCA_001600335.1_JCM_10018_assembly_v001	Trichosporonales	Apiotrichum gracile	PR_only	1	no_hd1_domain_found			3098916	3098916	5	1	0	2	0	97.1	4554691	8
GCA_001600395.1_JCM_7857_assembly_v001	Cystofilobasidiales	Mrakia frigida	uncalled	1	no_hd1_domain_found					6	0	0	2	0	91.6	714753	136
GCA_001600415.1_JCM_10690_assembly_v001	Trichosporonales	Pascua guehoae	uncalled	1	linked_hd1	56913		1613862	56913	5	0	1	3	0	96.8	2162681	32
GCA_001600435.1_JCM_9681_assembly_v001	Cystofilobasidiales	Phaffia rhodozyma	PR_only	1	hd1_found_not_linked	503995	503995	503995	325887	5	2	1	2	1	91.2	1120801	36
GCA_001600595.1_JCM_10691_assembly_v001	Trichosporonales	Apiotrichum veenhuisii	PR_only	1	linked_hd1	47513			47513	4	1	1	2	0	97.6	2551142	35
GCA_001600715.1_JCM_1462_assembly_v001	Trichosporonales	Cutaneotrichosporon cutaneum	PR_only	1	no_hd1_domain_found					3	1	0	3	0	97.0	744446	81
GCA_001600735.1_JCM_2947_assembly_v001	Trichosporonales	Apiotrichum laibachii	PR_only	1	no_hd1_domain_found					4	1	0	2	0	97.2	2819049	26
GCA_001600875.1_JCM_24518_assembly_v001	Filobasidiales	Solicoccozyma terricola	PR_only	1	no_hd1_domain_found			625053	625053	3	2	0	3	0	91.4	1050647	63
GCA_001613755.1_ASM161375v1	Trichosporonales	Cutaneotrichosporon cutaneum	uncalled	1	no_hd1_domain_found			543179	543179	4	1	0	2	0	97.3	5629136	21
GCA_001712445.1_ASM171244v1	Trichosporonales	Cutaneotrichosporon oleaginosum	uncalled	1	linked_hd1	49005		43011	43011	3	0	1	3	0	96.6	2509747	14
GCA_001712455.1_ASM171245v1	Filobasidiales	Solicoccozyma terricola	PR_only	1	no_hd1_domain_found					4	1	0	3	0	89.7	658505	123
GCA_001889225.1_MPSYv1	Cystofilobasidiales	Mrakia psychrophila	PR_only	1	hd1_found_not_linked					4	1	1	2	0	88.4	34375	1293
GCA_001972365.1_JCM_2466_assembly_v001	Trichosporonales	Trichosporon asahii	PR_only	1	hd1_found_not_linked					4	1	1	0	0	96.4	2256092	36
GCA_002105065.1_Treen1	Tremellales	Naematelia encephala	uncalled	1	hd1_found_not_linked					4	2	1	3	0	93.5	209500	150
GCA_002335565.1_JCM_14201_v001	Trichosporonales	Cutaneotrichosporon arboriforme	uncalled	1	linked_hd1	53215			53215	3	0	1	3	0	96.3	1599305	25
GCA_002335585.1_JCM_11166_v001	Trichosporonales	Cutaneotrichosporon daszewskae	PR_only	1	linked_hd1	43529		19150	19150	4	1	1	3	0	96.2	2186752	12
GCA_002335605.1_JCM_1530_v001	Trichosporonales	Prillingera fragicola	PR_only	1	no_hd1_domain_found			704409	338708	4	1	0	2	0	96.5	1928959	20
GCA_002335625.1_JCM_31833_v001	Trichosporonales	Cutaneotrichosporon cyanovorans	PR_only	1	linked_homeobox_only			41258	41258	4	1	0	4	0	96.0	582111	85
GCA_002973495.1_ASM297349v1	Trichosporonales	Apiotrichum akiyoshidainum	uncalled	1	no_hd1_domain_found					4	0	0	2	0	95.8	53521	1067
GCA_003116875.1_JCM_12878_assembly_v001	Trichosporonales	Takashimella koratensis	PR_only	1	linked_hd1	25095			25095	4	1	1	4	0	96.4	1454648	29
GCA_003116895.1_JCM_11170_assembly_v001	Trichosporonales	Cutaneotrichosporon dermatis	PR_only	1	linked_hd1	44925		5135	5135	3	1	1	3	0	97.1	2690106	36
GCA_003116915.1_JCM_11965_assembly_v001	Trichosporonales	Takashimella tepidaria	PR_only	1	linked_homeobox_only			57426	57426	3	1	0	4	0	96.7	1186041	42
GCA_003116955.1_JCM_9939_assembly_v001	Trichosporonales	Cutaneotrichosporon mucoides	PR_only	1	linked_hd1	44968		7231	7231	4	1	1	6	0	97.6	1668497	72
GCA_004011275.1_ASM401127v1	Trichosporonales	Trichosporon inkin	uncalled	0	d_assembly					0	0	0	0	0		3111	48
GCA_004023515.1_ASM402351v1	Trichosporonales	Trichosporon inkin	uncalled	0	d_assembly					2	0	1	1	0	44.9	3880	3327
GCA_004026345.1_ASM402634v1	Trichosporonales	Trichosporon asahii	uncalled	1	hd1_found_not_linked					3	0	1	1	0	88.5	32763	1020
GCA_009833065.1_ASM983306v1	Trichosporonales	Trichosporon ovoides	PR_only	1	no_hd1_domain_found					5	2	0	4	0	98.3	876824	92
GCA_011057565.1_ASM1105756v1	Tremellales	Cryptococcus neoformans	uncalled	1	no_hd1_domain_found			1444038	1444038	3	0	0	4	0	74.3	1186291	14
GCA_011290525.1_ASM1129052v1	Trichosporonales	Apiotrichum mycotoxinovorans	uncalled	1	no_hd1_domain_found			532414	532414	3	1	0	2	0	97.6	7427248	6
GCA_012922605.1_ASM1292260v1	Filobasidiales	Naganishia albida	uncalled	1	hd1_found_not_linked					4	0	1	3	0	89.7	506783	108
GCA_012922635.1_ASM1292263v1	Filobasidiales	Naganishia albida	uncalled	1	hd1_found_not_linked					4	0	1	3	0	89.9	506790	114
GCA_012922685.1_ASM1292268v1	Filobasidiales	Naganishia sp. IF7SW-B1	uncalled	1	hd1_found_not_linked					4	0	1	3	0	90.0	511828	108
GCA_012922715.1_ASM1292271v1	Filobasidiales	Naganishia adeliensis	uncalled	1	hd1_found_not_linked					4	0	1	3	0	90.4	506784	125
GCA_013177335.1_ASM1317733v1	Trichosporonales	Apiotrichum mycotoxinovorans	uncalled	1	no_hd1_domain_found			534076	534076	3	1	0	2	0	97.6	7496769	7
GCA_013423385.1_N_liquefaciens_N6_1.0	Filobasidiales	Naganishia liquefaciens	PR_only	1	hd1_found_not_linked					4	1	1	3	0	90.7	1033977	34
GCA_013461525.1_ASM1346152v1	Filobasidiales	Naganishia randhawae	uncalled	1	hd1_found_not_linked					5	0	1	2	0	91.1	191697	328
GCA_014706385.1_UChile_Xden_v1	Cystofilobasidiales	Phaffia rhodozyma	PR_only	1	hd1_found_not_linked	504613	504613	504613	504613	5	2	1	2	1	90.8	1858312	22
GCA_014825535.1_ASM1482553v1	Cystofilobasidiales	Cystofilobasidium bisporidii	uncalled	1	hd1_found_not_linked					5	0	1	2	0	85.7	131419	336
GCA_014825545.1_ASM1482554v1	Cystofilobasidiales	Cystofilobasidium capitatum	uncalled	1	hd1_found_not_linked					3	1	2	3	0	88.0	215774	270
GCA_014825555.1_ASM1482555v1	Cystofilobasidiales	Cystofilobasidium bisporidii	uncalled	1	hd1_found_not_linked					5	0	1	2	0	86.7	130349	352
GCA_014825565.1_ASM1482556v1	Cystofilobasidiales	Phaffia tasmanica	PR_only	1	hd1_found_not_linked					5	1	1	2	1	88.4	64565	574
GCA_014825575.1_ASM1482557v1	Cystofilobasidiales	Phaffia australis	uncalled	1	hd1_found_not_linked					6	2	1	2	1	89.1	74692	457
GCA_014825675.1_ASM1482567v1	Cystofilobasidiales	Cystofilobasidium ferigula	uncalled	1	hd1_found_not_linked					4	0	2	3	0	86.5	69443	525
GCA_014825745.1_ASM1482574v1	Cystofilobasidiales	Cystofilobasidium macerans	uncalled	1	hd1_found_not_linked					5	0	1	3	0	88.0	147382	319
GCA_014825765.1_ASM1482576v1	Cystofilobasidiales	Cystofilobasidium macerans	uncalled	1	hd1_found_not_linked					4	1	2	2	0	87.3	144631	321
GCA_014825775.1_ASM1482577v1	Cystofilobasidiales	Krasilnikovozyma curviuscula	uncalled	1	hd1_found_not_linked					2	0	1	2	0	89.8	79420	503
GCA_014825955.1_ASM1482595v1	Cystofilobasidiales	Cystofilobasidium ferigula	uncalled	0	d_assembly					3	0	1	2	0	37.4	5250	2720
GCA_015708705.1_Nagvi1	Filobasidiales	Naganishia vishniacii	PR_only	1	hd1_found_not_linked					4	1	1	3	0	91.0	1080776	38
GCA_017654735.1_ASM1765473v1	Tremellales	Vishniacozyma victoriae	uncalled	0	d_assembly					1	0	0	4	0	60.8	1245840	24
GCA_017654825.1_ASM1765482v1	Tremellales	Cryptococcus sp. T15_22C	uncalled	1	no_hd1_domain_found					3	0	0	2	0	78.1	314129	97
GCA_019201745.1_ASM1920174v1	Filobasidiales	Filobasidium floriforme	uncalled	1	hd1_found_not_linked					6	0	1	4	0	91.7	120307	544
GCA_019201825.1_ASM1920182v1	Cystofilobasidiales	Phaffia rhodozyma	PR_only	1	hd1_found_not_linked				326018	5	2	1	2	1	90.8	456748	131
GCA_019775365.1_ASM1977536v1	Filobasidiales	Naganishia liquefaciens	uncalled	1	hd1_found_not_linked					4	0	1	3	0	90.3	471027	134
GCA_019857685.1_ASM1985768v1	Tremellales	Papiliotrema terrestris	uncalled	1	hd1_found_not_linked					3	1	1	3	0	92.9	26005	1261
GCA_020011015.1_ASM2001101v1	Trichosporonales	Cutaneotrichosporon dermatis	uncalled	1	linked_homeobox_only			105	105	4	0	0	6	0	97.3	2902125	37
GCA_020080345.1_ASM2008034v1	Trichosporonales	Cutaneotrichosporon curvatum	PR_only	1	linked_hd1	50889		27156	27156	5	1	1	4	0	95.8	387355	107
GCA_020087025.1_ASM2008702v1	Cystofilobasidiales	Mrakiaceae sp. VS III B KN 2	uncalled	1	no_hd1_domain_found					2	0	0	2	0	90.7	130057	345
GCA_023566135.1_ASM2356613v1	Cystofilobasidiales	Phaffia rhodozyma	PR_only	1	hd1_found_not_linked	507028	507028	507028	507028	5	2	1	2	1	90.7	386837	150
GCA_023627855.1_ASM2362785v1	Trichosporonales	Trichosporon ovoides	PR_only	1	no_hd1_domain_found					5	2	0	4	0	98.2	888264	89
GCA_023627935.1_ASM2362793v1	Trichosporonales	Pascua sp. PK3308B-1	uncalled	1	linked_hd1	55713			55713	3	0	1	3	0	97.0	512689	141
GCA_023627955.1_ASM2362795v1	Trichosporonales	Pascua sp. PH3313A	uncalled	1	linked_hd1	55831			55831	4	0	1	3	0	97.2	536146	134
GCA_023627975.1_ASM2362797v1	Trichosporonales	Cutaneotrichosporon sp. PA3318	uncalled	1	linked_hd1	55545		25152	25152	4	0	1	4	0	96.6	2033145	17
GCA_023627985.1_ASM2362798v1	Trichosporonales	Cutaneotrichosporon sp. PT3311B	uncalled	1	linked_hd1	55545		25280	25280	4	0	1	4	0	96.8	2124145	18
GCA_023628015.1_ASM2362801v1	Trichosporonales	Pascua sp. PH3615	uncalled	1	linked_hd1	55712			55712	3	0	1	3	0	96.7	466451	158
GCA_023628035.1_ASM2362803v1	Trichosporonales	Cutaneotrichosporon dermatis	uncalled	1	linked_homeobox_only			105	105	3	0	0	3	0	97.0	2572267	24
GCA_023628055.1_ASM2362805v1	Filobasidiales	Naganishia sp. PT2105A	uncalled	1	hd1_found_not_linked					3	0	1	3	0	87.9	164009	185
GCA_023628075.1_ASM2362807v1	Filobasidiales	Naganishia sp. PG3902-1	uncalled	1	hd1_found_not_linked				418913	4	1	1	3	0	91.4	663593	74
GCA_023628095.1_ASM2362809v1	Trichosporonales	Apiotrichum brassicae	PR_only	1	no_hd1_domain_found					4	1	0	2	0	96.6	537465	77
GCA_023628115.1_ASM2362811v1	Filobasidiales	Naganishia sp. PT2105A-2	uncalled	1	hd1_found_not_linked					4	0	1	3	0	88.7	190850	193
GCA_023628135.1_ASM2362813v1	Trichosporonales	Cutaneotrichosporon cutaneum	PR_only	1	linked_homeobox_only			43605	43605	3	1	0	3	0	96.7	372684	128
GCA_023629975.1_ASM2362997v1	Trichosporonales	Cutaneotrichosporon sp. PL3408A	uncalled	1	linked_hd1	54003		1069357	54003	2	0	1	2	0	97.4	2188545	20
GCA_023629995.1_ASM2362999v1	Trichosporonales	Cutaneotrichosporon sp. PDH3307A	uncalled	1	linked_hd1	54004			54004	2	0	1	2	0	97.3	2572183	22
GCA_023630015.1_ASM2363001v1	Trichosporonales	Trichosporon asahii	uncalled	1	linked_hd1	41699			41699	3	0	1	1	0	96.3	911190	77
GCA_023630035.1_ASM2363003v1	Trichosporonales	Trichosporon asahii	uncalled	1	linked_hd1	41699			41699	3	0	1	1	0	96.2	866838	80
GCA_023630055.1_ASM2363005v1	Trichosporonales	Trichosporon sp. PB005A	PR_only	1	linked_hd1	48015			48015	3	1	1	2	0	96.3	761528	54
GCA_023630075.1_ASM2363007v1	Trichosporonales	Trichosporon asahii	uncalled	1	linked_hd1	41699			41699	3	0	1	1	0	96.3	740625	85
GCA_023630095.1_ASM2363009v1	Trichosporonales	Cutaneotrichosporon sp. P10-008	uncalled	1	linked_hd1	52067			52067	4	0	2	3	0	94.4	37661	1974
GCA_023630115.1_ASM2363011v1	Trichosporonales	Cutaneotrichosporon sp. PK4640	uncalled	1	hd1_found_not_linked					4	0	2	3	0	94.5	38623	1886
GCA_023630135.1_ASM2363013v1	Trichosporonales	Trichosporon asahii	uncalled	1	linked_hd1	41699			41699	3	0	1	1	0	96.3	1153212	64
GCA_023653615.1_APSI0	Trichosporonales	Apiotrichum siamense	uncalled	1	linked_hd1	48510			48510	6	0	1	3	0	96.3	368156	109
GCA_024343405.1_Tfnb_1.0	Tremellales	Tremella fuciformis	uncalled	1	hd1_found_not_linked					4	1	1	5	0	95.5	224639	251
GCA_024606485.1_ASM2460648v1	Cystofilobasidiales	Tausonia pullulans	uncalled	1	no_hd1_domain_found					3	0	0	2	0	89.0	37660	1025
GCA_025502605.1_ASM2550260v1	Trichosporonales	Trichosporon ovoides	PR_only	1	no_hd1_domain_found					5	2	0	4	0	98.2	888614	103
GCA_025502615.1_ASM2550261v1	Trichosporonales	Trichosporon ovoides	PR_only	1	no_hd1_domain_found					5	2	0	4	0	98.3	794020	130
GCA_025502645.1_ASM2550264v1	Trichosporonales	Pascua sp. PL2904B	uncalled	1	linked_hd1	55712			55712	3	0	1	3	0	96.8	279025	217
GCA_025502685.1_ASM2550268v1	Trichosporonales	Pascua sp. PH4015B	uncalled	1	linked_hd1	55806			55806	4	0	1	3	0	96.4	352716	199
GCA_025529315.1_ASM2552931v1	Trichosporonales	Trichosporon sp. LN7006B	uncalled	1	linked_hd1	47563			47563	3	1	1	2	0	96.2	203323	197
GCA_025529325.1_ASM2552932v1	Trichosporonales	Trichosporon sp. PG3703	uncalled	1	linked_hd1	47563			47563	3	1	1	2	0	96.1	218870	188
GCA_025529565.1_ASM2552956v1	Trichosporonales	Trichosporon sp. P6006	uncalled	1	linked_hd1	47563			47563	3	1	1	2	0	96.3	218865	193
GCA_025529955.1_ASM2552995v1	Trichosporonales	Trichosporon asahii	uncalled	1	linked_hd1	41699			41699	3	0	1	1	0	96.1	1115832	71
GCA_025529965.1_ASM2552996v1	Trichosporonales	Apiotrichum sp. Y3305A	uncalled	1	no_hd1_domain_found					5	0	0	3	0	96.0	59005	1516
GCA_025529995.1_ASM2552999v1	Trichosporonales	Apiotrichum sp. PL3309B	uncalled	1	no_hd1_domain_found					7	0	0	4	0	97.0	477187	259
GCA_025530005.1_ASM2553000v1	Trichosporonales	Apiotrichum sp. M3315A-1	uncalled	1	no_hd1_domain_found					7	0	0	4	0	95.0	50718	1825
GCA_025530845.1_ASM2553084v1	Trichosporonales	Apiotrichum sp. Y4201-1	uncalled	1	no_hd1_domain_found					7	0	0	4	0	97.1	479037	302
GCA_025531385.1_ASM2553138v1	Trichosporonales	Apiotrichum sp. PL3306B	uncalled	1	no_hd1_domain_found					7	0	0	4	0	97.1	379856	309
GCA_025531405.1_ASM2553140v1	Trichosporonales	Apiotrichum sp. PDH3304B	uncalled	1	no_hd1_domain_found					7	0	0	4	0	97.1	421211	294
GCA_025531445.1_ASM2553144v1	Trichosporonales	Apiotrichum sp. PA4207	uncalled	1	no_hd1_domain_found					7	0	0	4	0	97.1	380131	353
GCA_025531455.1_ASM2553145v1	Trichosporonales	Apiotrichum sp. Y4204	uncalled	1	no_hd1_domain_found					7	0	0	4	0	97.1	565208	284
GCA_025758675.1_ASM2575867v1	Filobasidiales	Naganishia antarctica	uncalled	1	hd1_found_not_linked					4	0	1	3	0	89.8	165898	295
GCA_025758705.1_ASM2575870v1	Filobasidiales	Goffeauzyma gilvescens	uncalled	1	hd1_found_not_linked					5	0	1	3	0	88.9	20700	1428
GCA_026538345.1_ASM2653834v1	Tremellales	Cryptococcus sp. GC_Crypt_4	uncalled	0	d_assembly					2	0	1	3	0	61.3	13208	1354
GCA_028533015.1_MYM0_BPAX-A1-Y11	Cystofilobasidiales	Phaffia rhodozyma	PR_only	1	hd1_found_not_linked					5	2	1	2	1	87.9	43065	742
GCA_030039215.1_DBVPG_5303	Filobasidiales	Naganishia onofrii	PR_only	1	hd1_found_not_linked					4	2	1	2	0	91.4	686970	63
GCA_030039245.1_MNACCFEE_5425	Filobasidiales	Naganishia vaughanmartiniae	PR_only	1	hd1_found_not_linked					3	1	1	2	0	91.4	892046	63
GCA_030039255.1_MNACCFEE_5423	Filobasidiales	Naganishia friedmannii	PR_only	1	hd1_found_not_linked					4	1	1	2	0	91.8	751469	97
GCA_030039265.1_MNACCFEE_5261	Filobasidiales	Naganishia cerealis	PR_only	1	no_hd1_domain_found					3	2	0	1	0	71.0	197687	105
GCA_030347605.1_ASM3034760v1	Trichosporonales	Trichosporon sp. DN520	uncalled	1	linked_hd1	49177			49177	3	0	1	2	0	96.3	960886	73
GCA_030805415.1_CspeluHIS016_v1	Trichosporonales	Cutaneotrichosporon spelunceum	uncalled	1	linked_hd1	49629			49629	3	0	1	2	0	96.4	2656437	13
GCA_030864325.1_ASM3086432v1	Trichosporonales	Cutaneotrichosporon cavernicola	uncalled	1	no_hd1_domain_found			537003	537003	3	0	0	2	0	96.5	3305619	8
GCA_030864385.1_ASM3086438v1	Trichosporonales	Cutaneotrichosporon sp. HIS471	uncalled	1	linked_hd1	50609		19241	19241	3	0	1	3	0	96.6	3127558	9
GCA_030864415.1_ASM3086441v1	Trichosporonales	Cutaneotrichosporon cavernicola	uncalled	1	no_hd1_domain_found			537003	537003	3	0	0	2	0	96.6	3315356	8
GCA_030864445.1_ASM3086444v1	Trichosporonales	Cutaneotrichosporon cavernicola	uncalled	1	no_hd1_domain_found			537000	537000	3	0	0	2	0	96.4	3315426	9
GCA_033032055.1_ASM3303205v1	Tremellales	Naematelia aurantialba	uncalled	1	hd1_found_not_linked					3	2	1	3	0	93.9	123997	273
GCA_033032075.1_ASM3303207v1	Tremellales	Naematelia aurantialba	uncalled	1	hd1_found_not_linked					3	2	1	3	0	94.7	141989	266
GCA_036245725.1_MhoshinonisJCM32575_01	Cystofilobasidiales	Mrakia hoshinonis	PR_only	1	no_hd1_domain_found					5	1	0	1	0	92.4	353238	178
GCA_037040185.1_ASM3704018v1	Trichosporonales	Pascua sp. M117-10A	uncalled	0	d_assembly					1	0	1	2	0	24.7	3341	4342
GCA_037040355.1_ASM3704035v1	Trichosporonales	Cutaneotrichosporon sp. M94-02A	PR_only	1	hd1_found_not_linked					3	1	1	4	0	96.1	287939	97
GCA_037040655.1_ASM3704065v1	Trichosporonales	Cutaneotrichosporon cutaneum	uncalled	1	linked_homeobox_only			43706	43706	3	1	0	3	0	96.7	83399	483
GCA_037040775.1_ASM3704077v1	Trichosporonales	Cutaneotrichosporon cutaneum	uncalled	1	linked_homeobox_only			43706	43706	3	1	0	3	0	96.9	124295	325
GCA_037041015.1_ASM3704101v1	Trichosporonales	Cutaneotrichosporon cutaneum	PR_only	1	linked_homeobox_only			43678	43678	3	1	0	3	0	96.3	70473	563
GCA_037041105.1_ASM3704110v1	Trichosporonales	Trichosporon asahii	uncalled	1	linked_hd1	41699			41699	3	0	1	1	0	96.3	259224	170
GCA_037041245.1_ASM3704124v1	Trichosporonales	Cutaneotrichosporon cutaneum	uncalled	1	linked_homeobox_only			43715	43715	3	1	0	3	0	96.6	152673	268
GCA_037041285.1_ASM3704128v1	Trichosporonales	Cutaneotrichosporon cutaneum	PR_only	1	linked_homeobox_only			43706	43706	3	1	0	3	0	94.8	71251	518
GCA_037041535.1_ASM3704153v1	Trichosporonales	Cutaneotrichosporon curvatum	PR_only	1	linked_hd1	50906		27197	27197	5	1	1	4	0	94.6	276196	112
GCA_037044125.1_ASM3704412v1	Trichosporonales	Trichosporon asahii	uncalled	1	linked_hd1	41694			41694	4	0	1	1	0	96.1	614596	85
GCA_037177845.1_ASM3717784v1	Trichosporonales	Trichosporon asahii	uncalled	1	no_hd1_domain_found			769821	769821	4	1	0	1	0	96.5	3458849	12
GCA_037575445.1_ASM3757544v1	Trichosporonales	Vanrija sp. CR7	PR_only	1	linked_hd1	54397		31215	31215	5	1	1	5	0	96.5	3547269	8
GCA_037832395.1_ASM3783239v1	Filobasidiales	Naganishia diffluens	uncalled	1	hd1_found_not_linked				418862	4	1	1	3	0	91.4	804281	39
GCA_039545235.1_JCM_1775_assembly_v001	Cystofilobasidiales	Mrakia aquatica	uncalled	1	no_hd1_domain_found					4	0	0	1	0	91.2	974358	69
GCA_039545295.1_JCM_2958_assembly_v001	Cystofilobasidiales	Udeniomyces pyricola	uncalled	1	hd1_found_not_linked	196117			196117	3	0	1	2	0	91.2	951201	39
GCA_039545355.1_JCM_2938_assembly_v001	Trichosporonales	Trichosporon coremiiforme	uncalled	1	linked_hd1	41168		968787	41168	4	1	1	5	0	96.4	1468191	178
GCA_039545375.1_JCM_2941_assembly_v001	Trichosporonales	Trichosporon faecale	PR_only	1	no_hd1_domain_found			1702336	1702336	3	1	0	2	0	96.4	3677148	24
GCA_039545395.1_JCM_3685_assembly_v001	Filobasidiales	Filobasidium uniguttulatum	PR_only	1	hd1_found_not_linked	171464			171464	4	2	1	2	0	91.0	1287436	39
GCA_039545415.1_JCM_5269_assembly_v001	Cystofilobasidiales	Udeniomyces megalosporus	uncalled	1	hd1_found_not_linked					3	0	1	2	0	91.2	996105	42
GCA_040285315.1_ASM4028531v1	Trichosporonales	Apiotrichum cacaoliposimile	uncalled	1	no_hd1_domain_found					5	1	0	2	0	96.8	433656	161
GCA_040364805.1_JCM_9041_assembly_v001	Filobasidiales	Piskurozyma capsuligena	uncalled	1	no_hd1_domain_found			168621	168621	5	1	0	3	0	94.1	1213694	33
GCA_040365635.1_JCM_9195_assembly_v001	Trichosporonales	Trichosporon inkin	uncalled	1	linked_hd1	39644		508930	39644	3	0	1	2	0	96.6	2740716	11
GCA_040368585.1_JCM_10408_assembly_v001	Cystofilobasidiales	Tausonia pamirica	uncalled	1	linked_homeobox_only			95044	95044	4	0	1	2	0	88.9	571807	99
GCA_040368705.1_JCM_10633_assembly_v001	Filobasidiales	Filobasidium globisporum	uncalled	1	hd1_found_not_linked					3	1	1	3	0	91.0	180805	211
GCA_040368805.1_JCM_9940_assembly_v001	Trichosporonales	Trichosporon ovoides	PR_only	1	no_hd1_domain_found			2997835	2997835	6	2	0	3	0	98.2	2824845	73
GCA_040370945.1_JCM_10632_assembly_v001	Filobasidiales	Filobasidium elegans	uncalled	1	hd1_found_not_linked					4	0	1	4	0	91.3	170195	228
GCA_040371455.1_JCM_9886_assembly_v001	Cystofilobasidiales	Tausonia pullulans	uncalled	1	no_hd1_domain_found				564923	2	0	0	2	0	91.8	632413	92
GCA_042257065.1_ASM4225706v1	Filobasidiales	Naganishia uzbekistanensis	uncalled	1	hd1_found_not_linked					4	0	1	3	0	91.4	1251476	35
GCA_044759035.1_assemblyCBS2479Flye29_v2	Trichosporonales	Trichosporon asahii	PR_only	1	hd1_found_not_linked					4	1	1	0	0	96.4	2305946	19
GCA_046618805.1_ARY7_IHBT_1.1	Filobasidiales	Naganishia liquefaciens	uncalled	1	hd1_found_not_linked					4	0	1	3	0	89.8	375682	198
GCA_046867365.1_ASM4686736v1	Cystofilobasidiales	Tausonia pullulans	uncalled	1	no_hd1_domain_found					2	0	0	2	0	83.9	31393	1152
GCA_047772335.1_ASM4777233v1	Cystofilobasidiales	Cystofilobasidium infirmominiatum	PR_only	1	linked_hd1	44135			44135	5	1	1	2	0	88.7	1228412	22
GCA_048772795.1_ASM4877279v1	Trichosporonales	Apiotrichum loubieri	PR_only	1	no_hd1_domain_found					6	1	0	4	0	88.4	64063	1659
GCA_049862265.1_ASM4986226v1	Trichosporonales	Trichosporon sp. YKP15-1	uncalled	1	linked_hd1	49016			49016	3	0	1	2	0	96.4	696176	78
GCA_049862715.1_ASM4986271v1	Trichosporonales	Trichosporon sp. YK15P-1	uncalled	1	linked_hd1	49016			49016	3	0	1	2	0	96.4	696176	78
GCA_050084555.1_ASM5008455v1	Trichosporonales	Trichosporon austroamericanum	PR_only	1	no_hd1_domain_found			581368	581368	4	1	0	2	0	97.0	3401721	9
GCA_050230355.1_ASM5023035v1	Filobasidiales	Naganishia friedmannii	uncalled	1	no_hd1_domain_found					4	0	0	1	0	88.0	567297	116
GCA_050494495.1_ASM5049449v1	Cystofilobasidiales	Mrakia stelviica	PR_only	1	hd1_found_not_linked					2	1	2	3	0	91.3	493493	133
GCA_051020585.1_ASM5102058v1	Trichosporonales	Apiotrichum loubieri	PR_only	1	no_hd1_domain_found					6	1	0	4	0	88.4	64063	1659
GCA_051034095.1_ASM5103409v1	Trichosporonales	Apiotrichum loubieri	PR_only	1	no_hd1_domain_found					6	1	0	4	0	88.4	64063	1659
GCA_051622635.1_ASM5162263v1	Trichosporonales	Trichosporon austroamericanum	PR_only	1	no_hd1_domain_found			581365	581365	4	1	0	2	0	96.7	2953928	13
GCA_051622715.1_ASM5162271v1	Trichosporonales	Trichosporon austroamericanum	PR_only	1	no_hd1_domain_found					3	1	0	2	0	95.4	131966	319
GCA_051942825.1_Avhsi_1.1	Trichosporonales	Apiotrichum veenhuisii	PR_only	1	no_hd1_domain_found					3	1	0	2	0	96.8	87020	643
GCA_051944055.2_ASM5194405v2	Trichosporonales	Trichosporon ovoides	PR_only	1	no_hd1_domain_found					5	2	0	4	0	97.5	30951	2152
GCA_052054965.2_ASM5205496v2	Trichosporonales	Trichosporon ovoides	PR_only	1	no_hd1_domain_found					3	1	0	2	0	94.8	27361	1251
GCA_052055005.2_ASM5205500v2	Trichosporonales	Trichosporon ovoides	PR_only	1	no_hd1_domain_found					3	1	0	2	0	94.5	31566	1132
GCA_054856935.1_ASM5485693v1	Trichosporonales	Trichosporon austroamericanum	PR_only	1	no_hd1_domain_found			581396	581396	4	1	0	2	0	97.0	3401732	8
GCA_054856965.1_ASM5485696v1	Trichosporonales	Trichosporon austroamericanum	PR_only	1	no_hd1_domain_found			581370	581370	4	1	0	2	0	96.9	3401717	8
GCA_054857015.1_ASM5485701v1	Trichosporonales	Trichosporon austroamericanum	PR_only	1	no_hd1_domain_found			581377	581377	4	1	0	2	0	96.5	3401386	8
GCA_055769425.1_ASM5576942v1	Trichosporonales	Trichosporon austroamericanum	PR_only	1	no_hd1_domain_found			581373	581373	4	1	0	2	0	96.8	1757665	25
GCA_055769455.1_ASM5576945v1	Trichosporonales	Trichosporon austroamericanum	PR_only	1	no_hd1_domain_found			581381	581381	4	1	0	2	0	97.1	1382522	30
GCA_055944265.1_ASM5594426v1	Trichosporonales	Trichosporon asahii	PR_only	1	no_hd1_domain_found					3	1	0	1	0	95.7	414355	102
GCA_056149945.1_EIMB_Valb_LG2_1.0	Trichosporonales	Vanrija albida	PR_only	1	linked_hd1	54423		31215	31215	5	1	1	5	0	96.5	3545599	7
GCA_056747655.1_ASM5674765v1	Trichosporonales	Cutaneotrichosporon sp. M503	PR_only	1	linked_homeobox_only			5135	5135	3	1	1	3	0	94.7	41273	994
GCA_057715475.1_CBS7821_hap2	Tremellales	Cryptococcus neoformans x Cryptococcus deneoformans	uncalled	1	no_hd1_domain_found					2	0	0	4	0	92.5	1388125	15
GCA_058218735.1_ASM5821873v1	Cystofilobasidiales	Tausonia pullulans	uncalled	1	no_hd1_domain_found					2	0	0	2	0	89.3	56434	726
GCA_058578815.1_ASM5857881v1	Filobasidiales	Filobasidium magnum	uncalled	1	linked_homeobox_only	311001		73258	73258	5	0	1	4	0	92.0	1067880	29
GCA_060229865.1_ASM6022986v1	Filobasidiales	Filobasidium sp. CLIB4440	uncalled	0	d_assembly			14045	14045	2	0	1	4	0		51913	518
GCA_060251955.1_ASM6025195v1	Trichosporonales	Apiotrichum montevideense	uncalled	0	d_assembly					4	0	0	3	0		530392	142
GCA_900079645.1_Mo29	Tremellales	Cryptococcus sp. 05_00	uncalled	1	hd1_found_not_linked					4	0	1	3	0	91.3	173004	525
GCA_904859935.1_Tremellales_sp_Tagirdzhanova-0007_MAG	Tremellales	Tremellales sp. Tagirdzhanova-0007	uncalled	1	hd1_found_not_linked					2	0	1	2	0	89.2	23118	1057
GCA_913546405.1_UFMGCMY6497	Cystofilobasidiales	Phaffia rhodozyma	PR_only	1	hd1_found_not_linked					4	2	1	2	1	90.6	279824	176
GCA_913546505.1_UFMGCMY6498	Cystofilobasidiales	Phaffia rhodozyma	PR_only	1	hd1_found_not_linked					4	2	1	2	1	90.4	197010	233
GCA_937902615.1_SRR6853352_bin.14_CONCOCT_v1.1_MAG	Tremellales	uncultured Tremellales	uncalled	0	d_assembly					3	1	0	3	0	71.4	9817	1778
GCA_951802195.1_gfTauPull1.1	Cystofilobasidiales	Tausonia pullulans	uncalled	1	no_hd1_domain_found					4	0	0	2	0	91.8	1354748	22
GCA_963992775.1_COassembly2019	Trichosporonales	Cutaneotrichosporon oleaginosum	uncalled	1	linked_hd1	49005		43011	43011	3	0	1	3	0	96.8	3152068	9
GCA_964255395.1_private_X1_concoct_bin.0	Tremellales	Tremellales sp.	uncalled	0	d_assembly					3	2	1	3	0	83.7	11426	1909
GCA_982397355.1_T3-F	Trichosporonales	Trichosporon asahii	uncalled	1	no_hd1_domain_found					3	1	0	1	0	96.0	247008	194
GCF_001027345.1_Triol1	Trichosporonales	Cutaneotrichosporon oleaginosum	uncalled	1	linked_homeobox_only			43010	43010	3	0	1	3	0	96.7	216041	174
GCF_008065305.1_ASM806530v1	Trichosporonales	Cutaneotrichosporon oleaginosum	uncalled	1	linked_hd1	49009		43011	43011	3	0	1	3	0	96.7	3152035	8
GCF_020906515.1_ASM2090651v1	Trichosporonales	Vanrija pseudolonga	PR_only	1	linked_homeobox_only			41091	41091	5	1	0	5	0	95.9	4264791	9
GCF_021052385.1_Filflo1	Filobasidiales	Filobasidium floriforme	uncalled	1	linked_homeobox_only	339214		57513	57513	6	0	1	4	0	92.6	938801	42
GCF_030864355.1_ASM3086435v1	Trichosporonales	Cutaneotrichosporon cavernicola	uncalled	1	no_hd1_domain_found			537175	537175	3	0	0	2	0	96.5	3301802	8
GCF_051309035.1_Mrafri1	Cystofilobasidiales	Mrakia frigida	uncalled	1	no_hd1_domain_found					7	0	0	2	0	91.4	718778	100
