genome	n_contigs_scanned	n_ste3	n_ste3_hmm	n_ste3_caax	n_hd_loci	n_kn	n_hdbox	n_hd_mp_strong	n_kn_hd_pairs_5kb	d_kn_ste3	d_kn_ste3caax	d_hdany_ste3	d_hdany_ste3caax	d_hdstrong_ste3	d_hb_ste3	status
GCA_000299215.2_ASM29921v2	194	3	1	0	2	1	1	0	0	41698		41698				ok
GCA_000442785.1_Cf_30_300r_Split10plusN	550	2	1	1	4	1	3	0	0							ok
GCA_000499585.1_CBS7750	26	2	1	0	6	1	5	1	0	65079		65079		65079		ok
GCA_000507405.3_Cryp_heve_BCC8398_V1	64	3	2	1	5	1	4	0	0			684547	684547		684547	ok
GCA_000507425.3_Cryp_heve_CBS569_V2	236	3	2	1	5	1	4	0	0							ok
GCA_000507485.4_ASM50748v4	4	2	2	1	5	1	4	0	0			622108	622108		622108	ok
GCA_000507885.2_Kwon_mang_CBS10435_V2	30	2	2	1	5	1	4	0	0			617737	617737		617737	ok
GCA_000738825.1_ASM73882v1	973	5	2	1	5	1	3	0	0							ok
GCA_000815965.1_ASM81596v1	1328	4	2	1	6	1	4	0	0							ok
GCA_000835745.1_Cryp_gatt_EJB2_V1	209	3	2	0	6	1	5	1	0							ok
GCA_000835815.1_Cryp_gatt_2001_935-1_V1	21	3	1	0	6	1	5	1	0	64742		64742		64742	78402	ok
GCA_000836315.1_Cryp_gatt_LA55_V1	105	3	1	0	6	0	5	1	0							ok
GCA_000836355.1_Cryp_gatt_Ru294_V1	45	3	2	1	6	1	5	1	0	70491	70491	70491	70491	70491	79081	ok
GCA_000836375.1_Cryp_gatt_Ram5_V1	24	3	1	1	6	1	5	1	0	64817	64817	64817	64817	64817	77893	ok
GCA_000836455.1_Cryp_gatt_99_473_V1	80	3	1	0	6	1	5	1	0							ok
GCA_000855695.2_ASM85569v2	14	3	2	1	7	0	5	1	0			75242	75242	78164	75242	ok
GCA_000875795.1_Cryp_gatt_CA1014_V1	21	3	1	1	7	1	5	1	0	64837	64837	64837	64837	64837	79974	ok
GCA_000875815.1_Cryp_gatt_E566_V1	50	3	2	0	7	0	5	1	0							ok
GCA_000875855.1_Cryp_gatt_MMRL2647_V2	24	2	1	1	6	1	5	1	0	64590	64590	64590	64590	64590	78149	ok
GCA_000935105.1_Cryp_gatt_NT-10_V1	198	3	2	1	6	1	5	1	0							ok
GCA_000950635.1_ASM95063v1	163	4	2	2	5	0	4	0	0			11828			11828	ok
GCA_000987905.1_ASM98790v1	1819	3	2	1	6	1	5	0	0							ok
GCA_001007165.2_Xden1	47	5	2	2	3	1	2	1	1	505961		326658		505961	505961	ok
GCA_001028165.1_ASM102816v1	354	4	2	1	5	1	3	0	0	50906	50906	50906	50906			ok
GCA_001444555.1_ASM144455v1	512	3	2	0	3	1	3	0	1							ok
GCA_001468955.1_ASM146895v1	161	4	2	0	3	1	3	0	1							ok
GCA_001579715.1_ASM157971v1	345	5	2	2	3	1	2	1	1							ok
GCA_001598995.1_JCM_9937_assembly_v001	53	4	1	0	4	0	3	0	0							ok
GCA_001599015.1_JCM_9580_assembly_v001	27	4	1	0	4	0	3	0	0			56910			56910	ok
GCA_001599695.1_JCM_9039_assembly_v001	51	3	2	1	8	1	6	0	0			327799			327799	ok
GCA_001599715.1_JCM_13614_assembly_v001	27	3	2	1	7	1	6	0	0			272561	272561		272561	ok
GCA_001599735.1_JCM_2334_assembly_v001	70	5	2	1	3	1	3	0	1							ok
GCA_001600015.1_JCM_11743_assembly_v001	64	3	2	1	3	0	2	0	0			284721	381810			ok
GCA_001600055.1_JCM_11695_assembly_v001	35	3	2	0	7	1	5	0	1	84934		63626			63626	ok
GCA_001600095.1_JCM_2954_assembly_v001	8	5	2	1	5	1	4	0	0	1032838		111009	111009		111009	ok
GCA_001600235.1_JCM_1457_assembly_v001	9	5	1	1	7	1	5	0	0	54648	891121	31968	798935		31968	ok
GCA_001600255.1_JCM_1458_assembly_v001	20	2	1	1	3	0	3	0	0							ok
GCA_001600275.1_JCM_1532_assembly_v001	73	5	2	1	6	1	4	0	0	50906	50906	27197	27197		27197	ok
GCA_001600295.1_JCM_1599_assembly_v001	16	4	1	1	3	0	2	0	0							ok
GCA_001600315.1_JCM_9941_assembly_v001	17	2	1	1	5	0	3	0	0			28792	28792			ok
GCA_001600335.1_JCM_10018_assembly_v001	8	5	1	1	2	0	2	0	0			3098916			3098916	ok
GCA_001600395.1_JCM_7857_assembly_v001	136	6	1	0	2	0	2	0	0							ok
GCA_001600415.1_JCM_10690_assembly_v001	32	5	1	0	6	1	3	0	0	56913		56913			1613862	ok
GCA_001600435.1_JCM_9681_assembly_v001	36	5	2	2	3	1	2	1	1	503995		325887		503995	503995	ok
GCA_001600595.1_JCM_10691_assembly_v001	28	4	1	1	6	1	2	0	0	47513	47513	47513	47513			ok
GCA_001600615.1_JCM_2961_assembly_v001	21	4	2	1	4	1	3	0	0	1418255		69201	69201		69201	ok
GCA_001600655.1_JCM_2956_assembly_v001	44	4	2	1	5	1	3	0	0			74141	74141		74141	ok
GCA_001600715.1_JCM_1462_assembly_v001	81	3	1	1	3	0	3	0	0							ok
GCA_001600735.1_JCM_2947_assembly_v001	22	4	1	1	3	0	2	0	0							ok
GCA_001600855.1_JCM_24511_assembly_v001	41	4	2	1	7	1	5	0	0							ok
GCA_001600875.1_JCM_24518_assembly_v001	63	3	1	2	3	0	3	0	0			625053	625053		625053	ok
GCA_001613755.1_ASM161375v1	21	4	1	1	3	0	2	0	0			543179	2863796		543179	ok
GCA_001712445.1_ASM171244v1	14	3	1	0	4	1	3	0	0	49005		43011			43011	ok
GCA_001712455.1_ASM171245v1	123	4	1	1	3	0	3	0	0							ok
GCA_001720235.1_Cryp_amyl_CBS6273_V2	18	2	2	0	7	1	5	0	0							ok
GCA_001720245.2_ASM172024v2	8	2	2	0	5	0	5	0	0			407309			407309	ok
GCA_001889225.1_MPSYv1	1293	4	2	1	4	1	2	0	0							ok
GCA_001972365.1_JCM_2466_assembly_v001	36	4	1	1	1	1	0	0	0							ok
GCA_002105065.1_Treen1	150	4	2	2	5	1	3	0	0							ok
GCA_002215745.1_Cneo_seroA_V31	340	4	2	0	8	1	6	1	0	19687		19687		19687		ok
GCA_002215755.1_Cneo_seroA_V2	340	4	2	0	8	1	6	1	0	19687		19687		19687		ok
GCA_002215765.1_Cryp_neof_AD1_83a_V1	319	4	2	0	7	1	6	1	0	21020		21020		21020		ok
GCA_002215775.1_Cryp_neof_AD2_60a_V1	120	4	2	0	8	1	6	1	0	21031		21031		21031	124467	ok
GCA_002215835.1_Cryp_neof_Bt85_V1	34	4	2	1	8	0	6	2	0							ok
GCA_002216205.1_ASM221620v1	37	3	2	0	6	1	5	1	0	54188		54188		54188	97370	ok
GCA_002216725.1_ASM221672v1	15	4	2	0	8	1	6	1	0	21031		21031		21031	115364	ok
GCA_002217545.1_Cryp_neof_grubii_cng10_V1	396	3	2	0	7	1	6	1	0							ok
GCA_002220035.1_Cryp_neof_MW_RSA852_V1	480	3	2	0	7	1	6	1	0							ok
GCA_002220045.1_Cneo_seroA_WM1408	193	4	2	0	8	1	6	1	0							ok
GCA_002221985.1_Cryp_neof_grubii_A1-35-8_V1	252	4	2	0	7	1	6	1	0							ok
GCA_002222015.1_Cryp_neof_grubii_cng8_V1	398	3	2	0	8	1	6	1	0	21032		21032		21032		ok
GCA_002222025.1_Cryp_neof_grubii_cng4_V1	387	3	2	0	8	1	6	1	0							ok
GCA_002222095.1_Cryp_neof_grubii_cng7_V1	411	3	2	0	7	1	6	1	0	21022		21022		21022		ok
GCA_002222115.1_Cryp_neof_grubii_cng5_V1	428	4	2	0	8	1	6	1	0	21023		21023		21023		ok
GCA_002222135.1_Cryp_neof_grubii_cng1_V1	381	4	2	0	8	1	6	1	0	21022		21022		21022		ok
GCA_002222145.1_Cryp_neof_grubii_cng6_V1	361	4	2	0	6	1	5	1	0	21022		21022		21022		ok
GCA_002222155.1_Cryp_neof_grubii_cng11_V1	406	3	2	0	8	1	6	1	0	19688		19688		19688		ok
GCA_002222165.1_Cryp_neof_grubii_cng3_V1	381	3	2	0	7	1	6	1	0	21021		21021		21021		ok
GCA_002222245.1_Cryp_neof_grubii_cng2_V1	328	3	2	0	7	1	6	1	0	21022		21022		21022		ok
GCA_002222255.1_Cryp_neof_D17_1_V1	332	4	2	0	8	1	6	1	0	21021		21021		21021		ok
GCA_002222295.1_Cryp_neof_CHC193_V1	339	3	2	0	7	1	6	1	0	21020		21020		21020		ok
GCA_002222315.1_Cryp_neof_Th84_V1	80	4	2	0	6	1	5	1	0	22732		22732		22732		ok
GCA_002222325.1_Cryp_neof_Tu259_1_V1	74	4	2	0	6	1	5	1	0	20094		20094		20094		ok
GCA_002222335.1_Cryp_neof_Bt15_V1	28	3	2	0	7	1	5	1	0	21031		21031		21031	125981	ok
GCA_002222375.1_Cryp_neof_A2_102_5_V1	39	3	2	0	7	1	6	1	0	21021		21021		21021	127166	ok
GCA_002222395.1_Cryp_neof_MW_RSA36_V1	306	4	2	0	7	1	6	1	0	21018		21018		21018		ok
GCA_002222455.1_Cryp_neof_MW_RSA1955_V1	320	4	2	0	7	1	6	1	0	21020		21020		21020		ok
GCA_002222465.1_Cryp_neof_Bt120_V1	25	3	2	0	7	1	6	1	0	20456		20456		20456	130591	ok
GCA_002222475.1_Cryp_neof_Tu401_1_V1	46	3	2	0	8	1	6	1	0	19698		19698		19698	123332	ok
GCA_002224005.1_Cryp_neof_Gb118_V1	53	4	2	0	8	1	6	1	0	21019		21019		21019	125246	ok
GCA_002335565.1_JCM_14201_v001	25	3	1	0	6	1	3	0	0	53215		53215				ok
GCA_002335585.1_JCM_11166_v001	12	4	1	1	4	1	3	0	0	43529	43529	19150	19150		19150	ok
GCA_002335605.1_JCM_1530_v001	20	4	1	1	4	0	2	0	0			338708			704409	ok
GCA_002335625.1_JCM_31833_v001	85	4	2	1	4	0	4	0	0			41258	41258		41258	ok
GCA_002897395.1_Vhumicola_1.0	39	4	1	0	7	1	5	0	0	54643		34732			34732	ok
GCA_002973495.1_ASM297349v1	1052	4	1	0	5	0	2	0	0							ok
GCA_003116875.1_JCM_12878_assembly_v001	29	4	2	1	5	1	4	0	0	25095	25095	25095	25095			ok
GCA_003116895.1_JCM_11170_assembly_v001	36	3	1	1	5	1	3	0	0	44925	44925	5135	5135		5135	ok
GCA_003116915.1_JCM_11965_assembly_v001	42	3	2	1	5	0	4	0	0			57426			57426	ok
GCA_003116955.1_JCM_9939_assembly_v001	72	4	2	1	8	1	6	0	0	44968	44968	7231	10167		7231	ok
GCA_003942215.1_ASM394221v1	46	4	2	1	9	0	7	0	0							ok
GCA_004011275.1_ASM401127v1	48	0	0	0	0	0	0	0	0							ok
GCA_004023515.1_ASM402351v1	3327	2	1	0	2	1	1	0	0							ok
GCA_004026345.1_ASM402634v1	1020	3	1	0	2	1	1	0	0							ok
GCA_004117975.1_Trem_mese_ATCC28783_V1	267	3	2	1	7	1	5	0	0			233409	233409		233409	ok
GCA_006149155.1_ASM614915v1	15	2	2	1	7	1	4	1	0							ok
GCA_006352305.1_ASM635230v1	16	3	2	0	7	1	4	0	0							ok
GCA_006992865.1_ASM699286v1	559	3	3	0	10	1	8	2	0	20911		20911		20911		ok
GCA_008065275.1_ASM806527v1	21	6	1	2	7	0	5	0	0			41017	41017		41017	ok
GCA_009650685.1_Cryp_gatt_MF34	15	3	2	1	6	1	5	1	0	73962	73962	73962	73962	73962	76483	ok
GCA_009833065.1_ASM983306v1	92	5	2	2	5	0	4	0	0							ok
GCA_010065285.1_BROAD_CneoA_Ftc146-1_1	17	3	2	0	7	1	6	1	0	19700		19700		19700	123826	ok
GCA_010065295.1_BROAD_CneoA_PMHc1023.Enr_1	15	3	2	0	7	1	6	1	0	19632		19632		19632	137713	ok
GCA_010065305.1_BROAD_CneoA_C45_1	16	3	2	0	8	1	6	1	0	19631		19631		19631	137603	ok
GCA_010065315.1_BROAD_CneoA_Bt88_1	16	4	3	1	7	0	6	1	0			40197	40197	40197	159884	ok
GCA_010065385.1_BROAD_CneoA_Bt106_1	18	4	2	0	7	1	6	1	0	21029		21029		21029	125581	ok
GCA_010065405.1_BROAD_Cneof_A5-35-17_1	16	3	2	0	8	1	6	1	0	21020		21020		21020	125387	ok
GCA_010233705.1_ASM1023370v1	15	3	2	0	8	1	6	1	0	19689		19689		19689	134701	ok
GCA_010233735.1_ASM1023373v1	15	4	2	0	8	1	6	1	0	21031		21031		21031	125508	ok
GCA_011057475.1_ASM1105747v1	16	3	1	1	5	0	4	1	0			40087	40087	40087	171428	ok
GCA_011057515.1_ASM1105751v1	16	5	2	1	5	0	4	1	0			40088	40088	40088	171429	ok
GCA_011057545.1_ASM1105754v1	17	4	2	0	7	1	6	1	0	21031		21031		21031	125477	ok
GCA_011057555.1_ASM1105755v1	20	4	2	0	5	1	4	1	0	20935		20935		20935	124856	ok
GCA_011057565.1_ASM1105756v1	14	3	1	0	4	0	4	0	0			1444038			1444038	ok
GCA_011290525.1_ASM1129052v1	6	3	1	1	2	0	2	0	0			532414	5780678		532414	ok
GCA_012922605.1_ASM1292260v1	108	4	2	0	3	1	3	0	1							ok
GCA_012922615.1_ASM1292261v1	103	4	2	1	5	1	3	0	0							ok
GCA_012922625.1_ASM1292262v1	129	4	2	1	6	1	4	0	0							ok
GCA_012922635.1_ASM1292263v1	114	4	2	0	3	1	3	0	1							ok
GCA_012922685.1_ASM1292268v1	108	4	2	0	3	1	3	0	1							ok
GCA_012922715.1_ASM1292271v1	125	4	2	0	3	1	3	0	1							ok
GCA_012922885.1_R265_cen10delta_Chr10-7	93	3	1	1	7	1	5	1	0							ok
GCA_013177335.1_ASM1317733v1	7	3	1	1	3	0	2	0	0			534076	5766789		534076	ok
GCA_013423385.1_N_liquefaciens_N6_1.0	34	4	2	1	3	1	3	0	1							ok
GCA_013461525.1_ASM1346152v1	328	5	2	0	2	1	2	0	1							ok
GCA_014706385.1_UChile_Xden_v1	22	5	2	2	2	1	2	1	1	504613		504613		504613	504613	ok
GCA_014825535.1_ASM1482553v1	336	5	1	0	3	1	2	0	0							ok
GCA_014825545.1_ASM1482554v1	270	3	1	1	4	2	3	0	1							ok
GCA_014825555.1_ASM1482555v1	352	5	1	0	3	1	2	0	0							ok
GCA_014825565.1_ASM1482556v1	574	5	2	1	3	1	2	1	1							ok
GCA_014825575.1_ASM1482557v1	457	6	2	2	2	1	2	1	1							ok
GCA_014825675.1_ASM1482567v1	525	4	1	0	4	2	3	0	1							ok
GCA_014825745.1_ASM1482574v1	319	5	1	0	4	1	3	0	1							ok
GCA_014825765.1_ASM1482576v1	321	4	1	1	4	2	2	0	0							ok
GCA_014825775.1_ASM1482577v1	503	2	1	0	3	1	2	0	0							ok
GCA_014825955.1_ASM1482595v1	2720	3	1	0	2	1	2	0	1							ok
GCA_014964225.1_Cryp_deca_WM1802	156	1	1	0	6	0	5	1	0			37139		37139		ok
GCA_015708705.1_Nagvi1	38	4	2	1	3	1	3	0	1							ok
GCA_017654735.1_ASM1765473v1	24	1	0	0	4	0	4	0	0							ok
GCA_017654745.1_ASM1765474v1	268	3	1	1	4	0	2	0	0							ok
GCA_017654825.1_ASM1765482v1	97	3	2	0	3	0	2	0	0							ok
GCA_019201745.1_ASM1920174v1	544	6	2	0	5	1	4	0	0							ok
GCA_019201825.1_ASM1920182v1	131	5	2	2	3	1	2	1	1			326018				ok
GCA_019775365.1_ASM1977536v1	134	4	2	0	3	1	3	0	1							ok
GCA_019857685.1_ASM1985768v1	1261	3	1	1	4	1	3	0	0							ok
GCA_019969275.1_PUJ.INS_Cneo_3746	95	3	2	0	8	1	6	1	0	21031		21031		21031		ok
GCA_019969285.1_PUJ.INS_Cneo_3463	120	4	2	0	7	1	6	1	0	21022		21022		21022		ok
GCA_019969295.1_PUJ.INS_Cneo_3589	174	3	2	0	7	1	6	1	0	19632		19632		19632		ok
GCA_019970125.1_PUJ.INS_Cneo_2950	127	3	2	0	7	1	6	1	0	21031		21031		21031	115446	ok
GCA_019970135.1_PUJ.INS_Cneo_3102	139	3	2	0	7	1	6	1	0							ok
GCA_019970145.1_PUJ.INS_Cneo_3104	132	3	2	0	8	1	6	1	0	21020		21020		21020		ok
GCA_019970155.1_PUJ.INS_Cneo_3279	121	3	2	0	7	1	6	1	0	21031		21031		21031		ok
GCA_019970185.1_PUJ.INS_Cneo_3097	142	3	2	0	7	1	6	1	0							ok
GCA_019970275.1_PUJ.INS_Cneo_2807	68	4	2	0	7	1	6	1	0	21031		21031		21031		ok
GCA_019970285.1_PUJ.INS_Cneo_2926	141	3	2	0	7	1	6	1	0	21021		21021		21021		ok
GCA_019970295.1_PUJ.INS_Cneo_2881	130	3	2	0	8	1	6	1	0	21020		21020		21020		ok
GCA_019970315.1_PUJ.INS_Cneo_2808	119	3	2	0	7	1	6	1	0	21030		21030		21030	115506	ok
GCA_019970345.1_PUJ.INS_Cneo_2806	117	3	2	0	7	1	6	1	0	21030		21030		21030	115586	ok
GCA_019970415.1_PUJ.INS_Cneo_2779	117	3	2	0	7	1	6	1	0	21031		21031		21031	115586	ok
GCA_019970445.1_PUJ.INS_Cneo_2746	151	3	2	0	8	1	6	1	0			156171			156171	ok
GCA_019970455.1_PUJ.INS_Cneo_2725	123	3	2	0	7	1	6	1	0	21031		21031		21031		ok
GCA_019970465.1_PUJ.INS_Cneo_2713	140	3	2	0	7	1	6	1	0	21021		21021		21021	115455	ok
GCA_019970475.1_PUJ.INS_Cneo_2720	95	4	2	0	7	1	6	1	0	21031		21031		21031		ok
GCA_019970565.1_PUJ.INS_Cneo_2677	143	3	2	0	7	1	6	1	0	21021		21021		21021		ok
GCA_019970585.1_PUJ.INS_Cneo_2642	136	3	2	0	7	1	6	1	0	21020		21020		21020		ok
GCA_019970605.1_PUJ.INS_Cneo_2643	126	4	2	0	8	1	6	1	0	21031		21031		21031		ok
GCA_019970615.1_PUJ.INS_Cneo_2672	98	3	2	0	7	1	6	1	0	21031		21031		21031	115606	ok
GCA_019970625.1_PUJ.INS_Cneo_2641	87	3	2	0	8	1	6	1	0	21031		21031		21031	115466	ok
GCA_019970715.1_PUJ.INS_Cneo_2619	139	3	2	0	7	1	6	1	0	21021		21021		21021	115595	ok
GCA_019970725.1_PUJ.INS_Cneo_2503	102	3	2	0	7	1	6	1	0	21031		21031		21031	115595	ok
GCA_019970755.1_PUJ.INS_Cneo_2527	126	3	2	0	7	1	6	1	0	21031		21031		21031	115586	ok
GCA_019970785.1_PUJ.INS_Cneo_2583	119	3	2	0	6	1	5	1	0			115488			115488	ok
GCA_019970795.1_PUJ.INS_Cneo_2257	100	3	2	0	7	1	6	1	0							ok
GCA_019970885.1_PUJ.INS_Cneo_1959	124	4	2	0	7	1	6	1	0	21020		21020		21020		ok
GCA_020011015.1_ASM2001101v1	37	4	2	0	9	0	6	0	0			105			105	ok
GCA_020080345.1_ASM2008034v1	107	5	2	1	5	1	4	0	0	50889	50889	27156	27156		27156	ok
GCA_020087025.1_ASM2008702v1	345	2	1	0	2	0	2	0	0							ok
GCA_020975435.1_ASM2097543v1	14	4	2	0	7	1	6	1	0	21031		21031		21031	115223	ok
GCA_020975485.1_ASM2097548v1	14	3	2	0	6	1	5	1	0	21021		21021		21021	115351	ok
GCA_020975525.1_ASM2097552v1	14	4	3	0	10	2	7	2	0	21020		21020		21020	115342	ok
GCA_020975545.1_ASM2097554v1	14	4	2	0	7	1	6	1	0	21031		21031		21031	115341	ok
GCA_020975565.1_ASM2097556v1	14	4	2	0	7	1	6	1	0	21031		21031		21031	115332	ok
GCA_020975585.1_ASM2097558v1	14	4	2	0	7	1	6	1	0	21031		21031		21031	115363	ok
GCA_020975605.1_ASM2097560v1	14	3	2	0	7	1	6	1	0	21031		21031		21031	115361	ok
GCA_020975615.1_ASM2097561v1	14	4	2	0	7	1	6	1	0	21031		21031		21031	115364	ok
GCA_020975645.1_ASM2097564v1	14	3	2	0	7	1	6	1	0	21031		21031		21031	115349	ok
GCA_020975665.1_ASM2097566v1	14	4	2	0	7	1	6	1	0	21031		21031		21031	115362	ok
GCA_020975675.1_ASM2097567v1	14	4	2	0	7	1	6	1	0	21031		21031		21031	115363	ok
GCA_020975705.1_ASM2097570v1	14	4	2	0	7	1	6	1	0	21031		21031		21031	115364	ok
GCA_021527695.1_ASM2152769v1	15	3	2	2	6	1	3	0	0							ok
GCA_022059005.1_ASM2205900v1	93	5	2	2	2	1	2	1	1							ok
GCA_022813505.1_ASM2281350v1	47	5	1	1	4	1	3	0	0							ok
GCA_022813745.1_ASM2281374v1	414	4	2	0	3	1	3	0	1							ok
GCA_022832995.1_ASM2283299v1	14	3	2	0	7	1	6	1	0	12519		12519		12519	152728	ok
GCA_023523875.1_ASM2352387v1	14	3	2	0	6	1	5	1	0	54189		54189		54189	97383	ok
GCA_023566135.1_ASM2356613v1	150	5	2	2	2	1	2	1	1	507028		507028		507028	507028	ok
GCA_023627855.1_ASM2362785v1	89	5	2	2	4	0	4	0	0							ok
GCA_023627935.1_ASM2362793v1	141	3	1	0	5	1	3	0	0	55713		55713				ok
GCA_023627955.1_ASM2362795v1	134	4	1	0	5	1	3	0	0	55831		55831				ok
GCA_023627975.1_ASM2362797v1	17	4	1	0	6	1	4	0	0	55545		25152			25152	ok
GCA_023627985.1_ASM2362798v1	18	4	1	0	6	1	4	0	0	55545		25280			25280	ok
GCA_023628015.1_ASM2362801v1	158	3	1	0	5	1	3	0	0	55712		55712				ok
GCA_023628035.1_ASM2362803v1	24	3	1	0	3	0	3	0	0			105			105	ok
GCA_023628055.1_ASM2362805v1	185	3	2	0	3	1	3	0	1							ok
GCA_023628075.1_ASM2362807v1	74	4	2	1	4	1	3	0	1			418913				ok
GCA_023628095.1_ASM2362809v1	77	4	1	1	3	0	2	0	0							ok
GCA_023628115.1_ASM2362811v1	193	4	2	0	3	1	3	0	1							ok
GCA_023628135.1_ASM2362813v1	128	3	1	1	3	0	3	0	0			43605	43605		43605	ok
GCA_023628155.1_ASM2362815v1	98	5	2	0	3	1	3	0	1							ok
GCA_023628175.1_ASM2362817v1	124	5	2	0	3	1	3	0	1							ok
GCA_023629975.1_ASM2362997v1	20	2	1	0	5	1	2	0	0	54003		54003			1069357	ok
GCA_023629995.1_ASM2362999v1	22	2	1	0	5	1	2	0	0	54004		54004				ok
GCA_023630015.1_ASM2363001v1	77	3	1	0	2	1	1	0	0	41699		41699				ok
GCA_023630035.1_ASM2363003v1	80	3	1	0	2	1	1	0	0	41699		41699				ok
GCA_023630055.1_ASM2363005v1	54	3	1	1	5	1	2	0	0	48015	48015	48015	48015			ok
GCA_023630075.1_ASM2363007v1	85	3	1	0	2	1	1	0	0	41699		41699				ok
GCA_023630095.1_ASM2363009v1	1974	4	2	0	6	2	3	0	0	52067		52067				ok
GCA_023630115.1_ASM2363011v1	1886	4	2	0	6	2	3	0	0							ok
GCA_023630135.1_ASM2363013v1	64	3	1	0	2	1	1	0	0	41699		41699				ok
GCA_023650535.1_ASM2365053v1	14	3	2	1	7	0	6	1	0			40024	40024	40024	159435	ok
GCA_023650555.1_ASM2365055v1	14	3	2	1	8	0	6	1	0			40228	40228	40228	159208	ok
GCA_023650575.1_ASM2365057v1	14	3	2	0	7	1	6	1	0	19687		19687		19687	123773	ok
GCA_023650595.1_ASM2365059v1	14	3	2	1	8	0	6	1	0			40019	40019	40019	159737	ok
GCA_023653615.1_APSI0	109	6	1	0	5	1	3	0	0	48510		48510				ok
GCA_024115145.1_ASM2411514v1	22	3	2	1	6	1	5	0	0	1214463		74688	74688		74688	ok
GCA_024271845.1_ASM2427184v1	156	3	2	0	5	1	4	0	0							ok
GCA_024322255.1_AFRL_Nalb_1.0	115	5	2	0	3	1	3	0	1							ok
GCA_024343385.1_Tynb_1.0	57	4	2	1	7	1	5	0	0	913460		183211	183211		183211	ok
GCA_024343405.1_Tfnb_1.0	251	4	2	1	7	1	5	0	0							ok
GCA_024345305.1_MgelidaMGH-2_01	25	3	2	2	3	0	3	0	0							ok
GCA_024606485.1_ASM2460648v1	1025	3	1	0	2	0	2	0	0							ok
GCA_025502605.1_ASM2550260v1	103	5	2	2	5	0	4	0	0							ok
GCA_025502615.1_ASM2550261v1	130	5	2	2	5	0	4	0	0							ok
GCA_025502645.1_ASM2550264v1	217	3	1	0	4	1	3	0	0	55712		55712				ok
GCA_025502685.1_ASM2550268v1	199	4	1	0	5	1	3	0	0	55806		55806				ok
GCA_025529315.1_ASM2552931v1	197	3	1	1	3	1	2	0	0	47563	47563	47563	47563			ok
GCA_025529325.1_ASM2552932v1	188	3	1	1	3	1	2	0	0	47563	47563	47563	47563			ok
GCA_025529565.1_ASM2552956v1	193	3	1	1	3	1	2	0	0	47563	47563	47563	47563			ok
GCA_025529955.1_ASM2552995v1	71	3	1	0	2	1	1	0	0	41699		41699				ok
GCA_025529965.1_ASM2552996v1	1297	5	2	0	4	0	3	0	0							ok
GCA_025529995.1_ASM2552999v1	259	7	2	0	5	0	4	0	0							ok
GCA_025530005.1_ASM2553000v1	1556	7	2	0	6	0	4	0	0							ok
GCA_025530845.1_ASM2553084v1	245	7	2	0	5	0	4	0	0							ok
GCA_025531385.1_ASM2553138v1	262	7	2	0	5	0	4	0	0							ok
GCA_025531405.1_ASM2553140v1	259	7	2	0	5	0	4	0	0							ok
GCA_025531435.1_ASM2553143v1	326	3	3	0	11	1	8	2	0	21031		21031		21031		ok
GCA_025531445.1_ASM2553144v1	296	7	2	0	5	0	4	0	0							ok
GCA_025531455.1_ASM2553145v1	231	7	2	0	5	0	4	0	0							ok
GCA_025531515.1_ASM2553151v1	345	3	3	0	11	1	8	2	0							ok
GCA_025758675.1_ASM2575867v1	295	4	2	0	3	1	3	0	1							ok
GCA_025758705.1_ASM2575870v1	1428	5	2	0	4	1	3	0	0							ok
GCA_026538315.1_ASM2653831v1	165	3	2	1	7	1	4	0	0							ok
GCA_026538325.1_ASM2653832v1	130	4	1	1	5	0	4	0	0							ok
GCA_026538335.1_ASM2653833v1	141	3	2	1	7	1	4	0	0			277489				ok
GCA_026538345.1_ASM2653834v1	1354	2	1	0	4	1	3	0	0							ok
GCA_026538355.1_ASM2653835v1	370	3	2	1	5	1	4	0	0							ok
GCA_026538395.1_ASM2653839v1	330	3	2	1	4	1	3	0	0							ok
GCA_026538405.1_ASM2653840v1	154	4	1	1	6	1	4	0	0							ok
GCA_026538415.1_ASM2653841v1	1631	2	1	0	7	1	4	0	0							ok
GCA_026725045.1_ASM2672504v1	46	4	1	0	7	1	5	0	0	54612		32405			32405	ok
GCA_028533015.1_MYM0_BPAX-A1-Y11	742	5	2	2	2	1	2	1	1							ok
GCA_028975465.1_ASM2897546v1	45	0	0	0	8	0	7	1	0							ok
GCA_028982725.1_TW1	23	3	2	0	8	1	6	1	0	21021		21021		21021	125543	ok
GCA_030039215.1_DBVPG_5303	63	4	3	2	2	1	2	0	1							ok
GCA_030039245.1_MNACCFEE_5425	63	3	2	1	2	1	2	0	1							ok
GCA_030039255.1_MNACCFEE_5423	97	4	2	1	3	1	2	0	1							ok
GCA_030039265.1_MNACCFEE_5261	105	3	2	2	1	0	1	0	0							ok
GCA_030039275.1_MNACCFEE_5262	232	4	2	1	3	1	3	0	1							ok
GCA_030347605.1_ASM3034760v1	73	3	1	0	3	1	2	0	0	49177		49177				ok
GCA_030708415.1_ASM3070841v1	10	3	2	1	7	1	5	0	0	1139721		215036	215036		215036	ok
GCA_030805415.1_CspeluHIS016_v1	13	3	1	0	5	1	2	0	0	49629		49629				ok
GCA_030864325.1_ASM3086432v1	8	3	1	0	3	0	2	0	0			537003			537003	ok
GCA_030864385.1_ASM3086438v1	9	3	1	0	4	1	3	0	0	50609		19241			19241	ok
GCA_030864415.1_ASM3086441v1	8	3	1	0	3	0	2	0	0			537003			537003	ok
GCA_030864445.1_ASM3086444v1	9	3	1	0	3	0	2	0	0			537000			537000	ok
GCA_030913545.1_ASM3091354v1	495	5	4	0	13	2	10	1	0	21719		21719		51386	104557	ok
GCA_031326905.1_Papla1	24	5	2	1	6	1	4	0	1	1138853		449100	449100		449100	ok
GCA_031840755.1_ASM3184075v1	195	4	2	0	8	1	6	1	0							ok
GCA_031840765.1_ASM3184076v1	206	3	2	0	7	1	6	1	0							ok
GCA_031840775.1_ASM3184077v1	195	3	2	0	8	1	6	1	0							ok
GCA_031840785.1_ASM3184078v1	217	4	2	0	7	1	6	1	0							ok
GCA_031840795.1_ASM3184079v1	192	3	2	0	8	1	6	1	0							ok
GCA_031840855.1_ASM3184085v1	226	3	2	0	7	1	6	1	0							ok
GCA_031840865.1_ASM3184086v1	209	3	2	0	8	1	6	1	0							ok
GCA_031840875.1_ASM3184087v1	232	3	2	0	8	1	6	1	0							ok
GCA_031840885.1_ASM3184088v1	221	3	2	0	8	1	6	1	0							ok
GCA_031840895.1_ASM3184089v1	195	3	2	0	7	1	6	1	0							ok
GCA_031840955.1_ASM3184095v1	205	3	2	0	7	1	6	1	0							ok
GCA_031840965.1_ASM3184096v1	189	3	2	0	7	1	6	1	0							ok
GCA_031840975.1_ASM3184097v1	220	3	2	0	7	1	6	1	0							ok
GCA_031840985.1_ASM3184098v1	189	3	2	0	8	1	6	1	0							ok
GCA_031840995.1_ASM3184099v1	159	3	2	0	8	1	6	1	0							ok
GCA_031841035.1_ASM3184103v1	175	4	2	0	7	1	6	1	0							ok
GCA_031841055.1_ASM3184105v1	217	3	2	0	7	1	6	1	0							ok
GCA_031841085.1_ASM3184108v1	193	3	2	0	8	1	6	1	0							ok
GCA_031841105.1_ASM3184110v1	209	3	2	0	8	1	6	1	0							ok
GCA_031841185.1_ASM3184118v1	201	3	2	0	8	1	6	1	0							ok
GCA_031841195.1_ASM3184119v1	204	3	2	0	8	1	6	1	0							ok
GCA_031841215.1_ASM3184121v1	193	4	2	0	7	1	6	1	0							ok
GCA_031841235.1_ASM3184123v1	206	3	2	0	8	1	6	1	0							ok
GCA_031841255.1_ASM3184125v1	190	3	2	0	7	1	6	1	0							ok
GCA_031841275.1_ASM3184127v1	179	3	2	0	8	1	6	1	0							ok
GCA_031841295.1_ASM3184129v1	218	3	2	0	7	1	6	1	0							ok
GCA_031841315.1_ASM3184131v1	199	3	2	0	7	1	6	1	0							ok
GCA_031841325.1_ASM3184132v1	193	3	2	0	7	1	6	1	0							ok
GCA_031841345.1_ASM3184134v1	216	3	2	0	8	1	6	1	0							ok
GCA_031841365.1_ASM3184136v1	196	3	2	0	7	1	6	1	0							ok
GCA_031841405.1_ASM3184140v1	186	3	2	0	8	1	6	1	0							ok
GCA_031841415.1_ASM3184141v1	190	3	2	0	7	1	6	1	0							ok
GCA_031841435.1_ASM3184143v1	209	3	2	0	8	1	6	1	0							ok
GCA_031841465.1_ASM3184146v1	196	3	2	0	7	1	6	1	0							ok
GCA_031841475.1_ASM3184147v1	197	3	2	0	8	1	6	1	0							ok
GCA_031841495.1_ASM3184149v1	197	3	2	0	7	1	6	1	0							ok
GCA_031841525.1_ASM3184152v1	200	3	2	0	7	1	6	1	0							ok
GCA_031841545.1_ASM3184154v1	192	3	2	0	7	1	6	1	0							ok
GCA_031841575.1_ASM3184157v1	196	3	2	0	9	1	6	1	0							ok
GCA_031841585.1_ASM3184158v1	204	3	2	0	8	1	6	1	0							ok
GCA_031841605.1_ASM3184160v1	199	3	2	0	7	1	6	1	0							ok
GCA_031841635.1_ASM3184163v1	197	3	2	0	7	1	6	1	0							ok
GCA_031841655.1_ASM3184165v1	205	3	2	0	8	1	6	1	0							ok
GCA_031841665.1_ASM3184166v1	200	3	2	0	7	1	6	1	0							ok
GCA_031841685.1_ASM3184168v1	202	3	2	0	7	1	6	1	0							ok
GCA_031841695.1_ASM3184169v1	207	3	2	0	7	1	6	1	0							ok
GCA_031841715.1_ASM3184171v1	206	3	2	0	7	1	6	1	0							ok
GCA_031841745.1_ASM3184174v1	190	3	2	0	7	1	6	1	0							ok
GCA_031841765.1_ASM3184176v1	197	3	2	0	7	1	6	1	0							ok
GCA_031841795.1_ASM3184179v1	193	3	2	0	8	1	6	1	0							ok
GCA_031841805.1_ASM3184180v1	203	3	2	0	7	1	6	1	0							ok
GCA_031841825.1_ASM3184182v1	197	3	2	0	8	1	6	1	0							ok
GCA_031841845.1_ASM3184184v1	223	3	2	0	8	1	6	1	0							ok
GCA_031841865.1_ASM3184186v1	201	3	2	0	7	1	6	1	0							ok
GCA_031841885.1_ASM3184188v1	208	3	2	0	8	1	6	1	0							ok
GCA_031841915.1_ASM3184191v1	193	3	2	0	8	1	6	1	0							ok
GCA_031841935.1_ASM3184193v1	193	3	2	0	8	1	6	1	0							ok
GCA_031841945.1_ASM3184194v1	210	3	2	0	7	1	6	1	0							ok
GCA_031841975.1_ASM3184197v1	81	3	1	0	7	1	5	1	0							ok
GCA_031841985.1_ASM3184198v1	199	3	2	0	8	1	6	1	0							ok
GCA_031842005.1_ASM3184200v1	196	3	2	0	7	1	6	1	0							ok
GCA_032158125.1_ASM3215812v1	73	4	3	2	6	1	4	0	0			90204	90204		90204	ok
GCA_032464415.1_ASM3246441v1	11	3	2	1	7	1	5	0	0	1160612		189475	189475		189475	ok
GCA_032768795.1_ASM3276879v1	11	3	2	1	6	1	5	0	0	1188823		195168	195168		195168	ok
GCA_033032035.1_ASM3303203v1	254	3	2	2	5	1	3	0	0							ok
GCA_033032055.1_ASM3303205v1	273	3	2	2	6	1	3	0	0							ok
GCA_033032075.1_ASM3303207v1	266	3	2	2	5	1	3	0	0							ok
GCA_033032605.1_ASM3303260v1	262	3	2	2	6	1	3	0	0							ok
GCA_035521475.1_Uapishka_1	882	3	2	1	5	0	5	0	0							ok
GCA_035773095.1_ASM3577309v1	13	5	3	2	4	1	3	0	0	1479326		834179	834179		834179	ok
GCA_036245725.1_MhoshinonisJCM32575_01	178	5	2	1	1	0	1	0	0							ok
GCA_036287355.1_ASM3628735v1	5	2	1	1	6	1	5	0	0	2133093		67066	67066		67066	ok
GCA_036426225.1_ASM3642622v1	14	2	1	1	9	1	8	0	0			72057	72057		72057	ok
GCA_036427605.1_ASM3642760v1	7	4	2	0	5	1	4	0	0			228388			228388	ok
GCA_036428525.1_ASM3642852v1	14	3	2	1	6	1	5	1	0	77233	77233	77233	77233	77233	77979	ok
GCA_036428585.1_ASM3642858v1	6	4	2	1	6	1	5	0	0	2016185		66768	66768		66768	ok
GCA_036428645.1_ASM3642864v1	18	3	1	1	5	1	4	0	0	1216823		469946	469946		469946	ok
GCA_036810365.1_ASM3681036v1	3	2	2	1	6	1	4	0	0			622775	622775		622775	ok
GCA_037040185.1_ASM3704018v1	4342	1	1	0	3	1	2	0	0							ok
GCA_037040355.1_ASM3704035v1	97	3	2	1	5	1	4	0	0							ok
GCA_037040655.1_ASM3704065v1	483	3	1	1	3	0	3	0	0			43706	43706		43706	ok
GCA_037040775.1_ASM3704077v1	325	3	1	1	3	0	3	0	0			43706	43706		43706	ok
GCA_037041015.1_ASM3704101v1	563	3	1	1	3	0	3	0	0			43678	43678		43678	ok
GCA_037041105.1_ASM3704110v1	170	3	1	0	2	1	1	0	0	41699		41699				ok
GCA_037041245.1_ASM3704124v1	268	3	1	1	3	0	3	0	0			43715	43715		43715	ok
GCA_037041285.1_ASM3704128v1	518	3	1	1	3	0	3	0	0			43706	43706		43706	ok
GCA_037041535.1_ASM3704153v1	112	5	2	1	6	1	4	0	0	50906	50906	27197	27197		27197	ok
GCA_037044125.1_ASM3704412v1	85	4	1	0	2	1	1	0	0	41694		41694				ok
GCA_037177845.1_ASM3717784v1	12	4	1	1	1	0	1	0	0			769821	2194962		769821	ok
GCA_037575445.1_ASM3757544v1	8	5	1	1	7	1	5	0	0	54397	54397	31215	31215		31215	ok
GCA_037832395.1_ASM3783239v1	39	4	2	1	4	1	3	0	1			418862				ok
GCA_039545235.1_JCM_1775_assembly_v001	69	4	1	0	2	0	1	0	0							ok
GCA_039545295.1_JCM_2958_assembly_v001	39	3	2	0	4	1	2	0	0	196117		196117				ok
GCA_039545355.1_JCM_2938_assembly_v001	178	4	2	1	6	1	5	0	0	41168		41168			968787	ok
GCA_039545375.1_JCM_2941_assembly_v001	24	3	1	1	3	0	2	0	0			1702336	1702336		1702336	ok
GCA_039545395.1_JCM_3685_assembly_v001	39	4	2	2	3	1	2	0	0	171464	171464	171464	171464			ok
GCA_039545415.1_JCM_5269_assembly_v001	42	3	2	0	3	1	2	0	0							ok
GCA_040285315.1_ASM4028531v1	161	5	1	1	3	0	2	0	0							ok
GCA_040362585.1_JCM_11330_assembly_v001	84	3	2	1	8	1	6	0	0			379547				ok
GCA_040364805.1_JCM_9041_assembly_v001	33	5	2	1	5	0	3	0	0			168621			168621	ok
GCA_040365635.1_JCM_9195_assembly_v001	11	3	1	0	3	1	2	0	0	39644		39644			508930	ok
GCA_040366565.1_JCM_11071_assembly_v001	808	6	4	2	8	1	6	0	0							ok
GCA_040368585.1_JCM_10408_assembly_v001	99	4	2	0	6	1	2	0	0			95044			95044	ok
GCA_040368705.1_JCM_10633_assembly_v001	211	3	2	1	5	1	3	0	0							ok
GCA_040368805.1_JCM_9940_assembly_v001	73	6	2	2	4	0	3	0	0			2997835			2997835	ok
GCA_040370945.1_JCM_10632_assembly_v001	228	4	2	0	5	1	4	0	0							ok
GCA_040371455.1_JCM_9886_assembly_v001	92	2	1	0	3	0	2	0	0			564923				ok
GCA_042257065.1_ASM4225706v1	35	4	2	0	3	1	3	0	1							ok
GCA_043513835.1_ASM4351383v1	15	4	2	0	7	1	6	1	0	21023		21023		21023	125520	ok
GCA_043513845.1_ASM4351384v1	14	3	2	0	7	1	6	1	0	21031		21031		21031	125465	ok
GCA_044759035.1_assemblyCBS2479Flye29_v2	19	4	1	1	1	1	0	0	0							ok
GCA_046618805.1_ARY7_IHBT_1.1	198	4	2	0	4	1	3	0	1							ok
GCA_046867365.1_ASM4686736v1	1152	2	0	0	3	0	2	0	0							ok
GCA_047772335.1_ASM4777233v1	22	5	1	1	5	1	2	0	0	44135		44135				ok
GCA_048772795.1_ASM4877279v1	1659	6	2	1	5	0	4	0	0							ok
GCA_048933775.1_ASM4893377v1	125	3	2	1	5	1	4	0	0			78978	78978		78978	ok
GCA_048933815.1_ASM4893381v1	94	4	2	0	6	1	3	0	0			3399			57312	ok
GCA_048933885.1_ASM4893388v1	79	4	2	0	4	1	3	0	0			53031			53031	ok
GCA_048933955.1_ASM4893395v1	47	3	2	1	7	1	5	0	0			69516	69516		69516	ok
GCA_048933985.1_ASM4893398v1	35	4	2	1	6	1	5	0	0			71042	71042		71042	ok
GCA_048934005.1_ASM4893400v1	19	3	2	1	9	1	8	0	0	1290317		84266	84266		84266	ok
GCA_048934115.1_ASM4893411v1	162	3	2	1	7	1	5	0	0							ok
GCA_048934135.1_ASM4893413v1	97	3	2	1	7	1	5	0	0			73409	73409		73409	ok
GCA_048934165.1_ASM4893416v1	20	4	2	0	6	1	4	0	0	1222047		63738			63738	ok
GCA_048934175.1_ASM4893417v1	21	3	2	1	6	1	5	0	0	1214463		74688	74688		74688	ok
GCA_049242505.1_ASM4924250v1	15	3	2	0	8	1	6	1	0	19632		19632		19632	137451	ok
GCA_049354935.1_ASM4935493v1	24	3	2	1	6	1	4	0	0			503616	503616		503616	ok
GCA_049354965.1_ASM4935496v1	43	3	2	1	6	1	4	0	0			503328	503328		503328	ok
GCA_049862265.1_ASM4986226v1	78	3	1	0	3	1	2	0	0	49016		49016				ok
GCA_049862715.1_ASM4986271v1	78	3	1	0	3	1	2	0	0	49016		49016				ok
GCA_050084555.1_ASM5008455v1	9	4	1	1	2	0	2	0	0			581368			581368	ok
GCA_050230355.1_ASM5023035v1	116	4	2	0	1	0	1	0	0							ok
GCA_050231025.1_ASM5023102v1	26	4	2	1	7	1	5	0	0	997815		186408	186408		186408	ok
GCA_050494495.1_ASM5049449v1	133	2	1	1	5	2	3	0	0							ok
GCA_051020585.1_ASM5102058v1	1659	6	2	1	5	0	4	0	0							ok
GCA_051034095.1_ASM5103409v1	1659	6	2	1	5	0	4	0	0							ok
GCA_051295775.1_ASM5129577v1	189	3	2	0	8	1	6	1	0							ok
GCA_051295785.1_ASM5129578v1	135	3	2	0	8	1	6	1	0							ok
GCA_051557425.1_TUD_CryArg_v1.0	13	4	2	2	4	1	3	0	0	4996	4996	4996	4996		477524	ok
GCA_051622635.1_ASM5162263v1	13	4	1	1	2	0	2	0	0			581365			581365	ok
GCA_051622715.1_ASM5162271v1	319	3	1	1	2	0	2	0	0							ok
GCA_051858795.1_Bt63a_genome	15	4	2	1	8	0	6	1	0			83145	83145	83145	160595	ok
GCA_051858875.1_IUM96-2828a_genome	15	4	2	1	7	0	6	1	0			42630	42630	42630	164566	ok
GCA_051942825.1_Avhsi_1.1	643	3	1	1	3	0	2	0	0							ok
GCA_051944055.2_ASM5194405v2	2152	5	2	2	4	0	4	0	0							ok
GCA_052054965.2_ASM5205496v2	1251	3	1	1	2	0	2	0	0							ok
GCA_052055005.2_ASM5205500v2	1132	3	1	1	2	0	2	0	0							ok
GCA_052625715.1_BC_Ftc239-1_1.1	15	4	2	0	7	1	6	1	0	19697		19697		19697	124222	ok
GCA_052935135.1_ASM5293513v1	91	3	2	1	6	1	4	0	0			514997	514997		514997	ok
GCA_053525075.1_ASM5352507v1	14	4	2	0	7	1	6	1	0	21020		21020		21020	125391	ok
GCA_053525085.1_ASM5352508v1	14	3	2	0	7	1	6	1	0	21020		21020		21020	125394	ok
GCA_053525095.1_ASM5352509v1	14	3	2	0	7	1	6	1	0	21020		21020		21020	125394	ok
GCA_053525135.1_ASM5352513v1	14	3	2	0	7	1	6	1	0	12518		12518		12518	152694	ok
GCA_053525145.1_ASM5352514v1	14	3	2	0	7	1	6	1	0	12518		12518		12518	152666	ok
GCA_053525155.1_ASM5352515v1	14	3	2	0	7	1	6	1	0	19688		19688		19688	123716	ok
GCA_053525195.1_ASM5352519v1	14	3	2	0	7	1	6	1	0	19688		19688		19688	123713	ok
GCA_053525205.1_ASM5352520v1	14	4	2	0	7	1	6	1	0	21018		21018		21018	125580	ok
GCA_053525215.1_ASM5352521v1	14	3	2	0	7	1	6	1	0	21018		21018		21018	125582	ok
GCA_053769895.1_ASM5376989v1	37	3	2	1	8	1	5	0	0	3332936		195621	195621		195621	ok
GCA_054443055.1_ASM5444305v1	132	4	2	0	4	1	3	0	0	1353419		1353419				ok
GCA_054471055.1_ASM5447105v1	60	2	2	1	6	1	5	0	0			148402	148402		148402	ok
GCA_054856935.1_ASM5485693v1	8	4	1	1	2	0	2	0	0			581396			581396	ok
GCA_054856965.1_ASM5485696v1	8	4	1	1	2	0	2	0	0			581370			581370	ok
GCA_054857015.1_ASM5485701v1	8	4	1	1	2	0	2	0	0			581377			581377	ok
GCA_054858165.1_ASM5485816v1	17	3	2	1	5	1	4	0	0			951933			951933	ok
GCA_055761815.1_ASM5576181v1	78	4	2	1	8	1	3	0	0							ok
GCA_055761855.1_ASM5576185v1	94	5	2	1	5	1	3	0	0			448362	448362		448362	ok
GCA_055769325.1_ASM5576932v1	152	3	2	0	5	1	4	1	0							ok
GCA_055769345.1_ASM5576934v1	259	4	2	0	8	1	6	1	0			98952				ok
GCA_055769425.1_ASM5576942v1	25	4	1	1	2	0	2	0	0			581373			581373	ok
GCA_055769455.1_ASM5576945v1	30	4	1	1	2	0	2	0	0			581381			581381	ok
GCA_055944265.1_ASM5594426v1	102	3	1	1	1	0	1	0	0							ok
GCA_056149945.1_EIMB_Valb_LG2_1.0	7	5	1	1	7	1	5	0	0	54423	54423	31215	31215		31215	ok
GCA_056608265.1_ASM5660826v1	253	5	2	0	6	1	4	0	0							ok
GCA_056608275.1_ASM5660827v1	71	2	2	1	5	1	4	0	0							ok
GCA_056608305.1_ASM5660830v1	35	1	1	1	5	1	4	0	0			615853	615853		615853	ok
GCA_056608965.1_ASM5660896v1	14	4	2	1	7	0	6	1	0			40257	40257	40257	161920	ok
GCA_056621495.1_ASM5662149v1	14	3	2	0	8	1	6	1	0	19703		19703		19703	124253	ok
GCA_056621545.1_ASM5662154v1	14	3	2	1	6	0	5	1	0			80844	80844	80844	83141	ok
GCA_056622355.1_ASM5662235v1	14	4	2	1	8	0	6	1	0			83141	83141	83141	160735	ok
GCA_056622635.1_ASM5662263v1	14	3	2	0	8	1	6	1	0	19631		19631		19631	137417	ok
GCA_056632715.1_ASM5663271v1	14	3	2	0	8	1	6	1	0	21031		21031		21031	125455	ok
GCA_056632815.1_ASM5663281v1	14	3	2	1	6	0	5	1	0			39207	39207	39207	159644	ok
GCA_056632835.1_ASM5663283v1	14	3	2	0	7	1	6	1	0	19690		19690		19690	123899	ok
GCA_056632855.1_ASM5663285v1	14	2	2	0	6	1	5	1	0	54187		54187		54187	97398	ok
GCA_056632875.1_ASM5663287v1	11	3	3	1	5	1	4	0	0			254930	261264		254930	ok
GCA_056632885.1_ASM5663288v1	14	3	2	1	8	0	6	1	0			40269	40269	40269	172293	ok
GCA_056632915.1_ASM5663291v1	5	3	1	1	5	1	4	0	0	25070	25070	25070	25070		146934	ok
GCA_056632935.1_ASM5663293v1	14	3	1	1	6	0	5	1	0			68718	68718	68718	82053	ok
GCA_056632945.1_ASM5663294v1	14	3	2	1	6	0	5	1	0			80844	80844	80844	83145	ok
GCA_056632975.1_ASM5663297v1	13	2	2	0	6	0	4	0	0							ok
GCA_056632995.1_ASM5663299v1	15	3	2	1	6	0	5	1	0			87286	87286	87299	87286	ok
GCA_056747475.1_ASM5674747v1	12	3	2	2	6	1	3	0	0							ok
GCA_056747515.1_ASM5674751v1	12	3	2	2	6	1	3	0	0							ok
GCA_056747525.1_ASM5674752v1	12	3	2	2	5	1	3	0	0							ok
GCA_056747565.1_ASM5674756v1	12	3	2	2	7	1	3	0	0			878285				ok
GCA_056747655.1_ASM5674765v1	994	3	1	1	5	1	3	0	0			5135	5135		5135	ok
GCA_057128035.1_ASM5712803v1	8	4	1	0	4	1	3	0	0	2108558		1108702			1108702	ok
GCA_057381315.1_CN_clin_2024	14	3	2	1	8	0	6	1	0			40228	40228	40228	159208	ok
GCA_057715475.1_CBS7821_hap2	15	2	1	0	4	0	4	0	0							ok
GCA_057715485.1_881205_hap2	14	2	2	0	6	1	5	1	0	61630		61630		61630	111070	ok
GCA_057715595.1_CBS132_hap2	18	1	1	0	5	0	4	1	0							ok
GCA_057715695.1_ATCC48184_hap2	20	5	4	1	8	1	6	2	0	61630		40246	40246	40246	111053	ok
GCA_058130715.1_ASM5813071v1	34	3	2	1	10	2	7	0	0			200161	200161		200161	ok
GCA_058218735.1_ASM5821873v1	726	2	1	0	3	0	2	0	0							ok
GCA_058578815.1_ASM5857881v1	29	5	2	0	7	1	4	0	0	311001		73258			73258	ok
GCA_058705425.1_ASM5870542v1	25	3	2	0	8	1	6	1	0	21014		21014		21014	125351	ok
GCA_059756515.1_ASM5975651v1	15	3	2	1	5	1	4	0	0	1518566		889698	889698		889698	ok
GCA_059994335.1_ASM5999433v1	82	2	1	1	4	1	3	0	0			953654	953654		953654	ok
GCA_060229485.1_ASM6022948v1	22	5	2	1	5	1	3	0	0	1513739		104954	693716		104954	ok
GCA_060229505.1_ASM6022950v1	12	3	1	1	5	1	4	0	0			1509661	1509661		1509661	ok
GCA_060229585.1_ASM6022958v1	16	4	1	2	5	1	4	0	0	818884		135318	135318		135318	ok
GCA_060229605.1_ASM6022960v1	12	3	1	1	6	1	4	0	0			141140	141140		141140	ok
GCA_060229625.1_ASM6022962v1	38	3	1	1	5	1	4	0	0							ok
GCA_060229725.1_ASM6022972v1	74	2	2	1	5	1	3	0	0							ok
GCA_060229865.1_ASM6022986v1	518	2	1	0	5	1	4	0	0			14045			14045	ok
GCA_060251955.1_ASM6025195v1	142	4	1	0	4	0	3	0	0							ok
GCA_900079645.1_Mo29	525	4	2	0	3	1	3	0	1							ok
GCA_900177155.1_BMD700	307	3	2	0	7	1	6	1	0							ok
GCA_900177175.1_BK147	304	3	2	0	7	1	6	1	0							ok
GCA_902500855.1_C2-3	489	6	2	1	10	1	9	0	0							ok
GCA_904859935.1_Tremellales_sp_Tagirdzhanova-0007_MAG	1057	2	1	0	3	1	2	0	0							ok
GCA_913546405.1_UFMGCMY6497	176	4	2	2	3	1	2	1	1							ok
GCA_913546505.1_UFMGCMY6498	233	4	2	2	3	1	2	1	1							ok
GCA_937902615.1_SRR6853352_bin.14_CONCOCT_v1.1_MAG	1778	3	2	1	3	0	3	0	0							ok
GCA_947297625.1_425_Bullera_alba	89	5	2	1	6	1	4	0	0			0				ok
GCA_951802195.1_gfTauPull1.1	22	4	1	0	5	0	2	0	0							ok
GCA_963924285.1_CBS18117_assembly	218	4	2	1	6	1	5	0	0							ok
GCA_963992775.1_COassembly2019	9	3	1	0	4	1	3	0	0	49005		43011			43011	ok
GCA_964255395.1_private_X1_concoct_bin.0	1909	3	2	2	5	1	3	0	0							ok
GCA_977005135.1_PAMC26600_genome	15	4	2	1	2	0	2	0	0							ok
GCA_977009815.1_PAMC26583G	28	4	2	2	3	0	3	0	0							ok
GCA_977066725.1_gfCryBron1.1	14	3	1	1	6	1	4	0	0	1923	1923	1923	1923		527635	ok
GCA_982397355.1_T3-F	194	3	1	1	2	0	1	0	0							ok
GCF_000091045.1_ASM9104v1	14	3	2	0	6	1	5	1	0	54188		54188		54188	97369	ok
GCF_000149245.1_CNA3	15	3	2	0	8	1	6	1	0	21031		21031		21031	115364	ok
GCF_000149385.1_ASM14938v1																missing
GCF_000271645.1_Treme1	44	3	2	1	6	1	5	0	0			214950	214950		214950	ok
GCF_000507465.2_ASM50746v4	4	2	2	1	5	1	4	0	0			614500	614500		614500	ok
GCF_000512565.2_ASM51256v3	11	2	2	1	7	1	5	0	0			548809	548809		548809	ok
GCF_000512585.2_ASM51258v3	8	2	2	1	5	1	4	0	0			631813	631813		631813	ok
GCF_000512605.2_ASM51260v3	11	2	2	1	6	1	4	0	0			580417	580417		580417	ok
GCF_000835755.1_ASM83575v2	15	3	2	1	6	1	5	1	0	61895	61895	61895	61895	61895	76510	ok
GCF_000836335.1_ASM83633v2	14	3	2	1	6	1	5	1	0	77216	77216	77216	77216	77216	77400	ok
GCF_001027345.1_Triol1	174	3	1	0	5	1	3	0	0			43010			43010	ok
GCF_001720155.1_Tsuc_wing_CBS7118_V1	76	2	2	1	7	1	4	1	0							ok
GCF_001720195.1_ASM172019v2	8	2	2	0	6	0	6	0	0			412210			412210	ok
GCF_001720205.1_Cryp_amyl_CBS6039_V3	15	2	2	0	8	1	5	0	0							ok
GCF_002102565.1_Kocim1	34	0	0	0	4	1	3	0	0							ok
GCF_002954075.1_C._deuterogattii_R265_chr	14	3	1	1	7	1	5	1	0	64937	64937	64937	64937	64937	77953	ok
GCF_003942205.1_ASM394220v1	31	3	1	1	3	0	2	0	0			0				ok
GCF_008065305.1_ASM806530v1	8	3	1	0	5	1	3	0	0	49009		43011			43011	ok
GCF_008629635.2_ASM862963v2	14	2	2	1	8	1	6	0	0			61686	61686		61686	ok
GCF_020906515.1_ASM2090651v1	9	5	1	1	6	0	5	0	0			41091	41091		41091	ok
GCF_021052385.1_Filflo1	42	6	2	0	5	1	4	0	0	339214		57513			57513	ok
GCF_025882075.1_ASM2588207v1	17	4	2	1	7	1	5	0	0			73803	73803		73803	ok
GCF_030864355.1_ASM3086435v1	8	3	1	0	3	0	2	0	0			537175			537175	ok
GCF_035658355.1_ASM3565835v1	12	4	2	1	7	1	6	0	0	453288		55604	55604		55604	ok
GCF_036417295.1_ASM3641729v1	14	1	1	1	5	1	4	1	0	76436	76436	74511	74511	76436	74511	ok
GCF_036426115.1_ASM3642611v1	3	2	2	1	5	1	4	0	0			611277	611277		611277	ok
GCF_036810415.1_ASM3681041v1	11	2	2	1	6	1	5	0	0			51082	51082		51082	ok
GCF_036810445.1_ASM3681044v1	3	2	2	1	5	1	4	0	0	8937960	8937960	613115	613115		613115	ok
GCF_039105145.1_ASM3910514v1	17	2	2	1	9	1	6	0	0			62708	62708		62708	ok
GCF_041260175.1_TUD_VanAlb_v1.0	7	4	1	1	8	1	5	0	0	54370	54370	31237	31237		31237	ok
GCF_051309035.1_Mrafri1	100	7	2	0	2	0	2	0	0							ok
