record_id	assembly	verdict	expected	idiomorph	confidence	withheld_reason
578113_sxlc146_MAT_MAT1-2		not_possible				
162425_fgsc-a4_MAT_combined	GCF_000011425.1	called	['MAT1-1', 'MAT1-2']	MAT1-2	high	
746128_a1163_MAT_MAT1-1	GCA_000150145.1	called	['MAT1-1']	MAT1-1	high	
746128_af293_MAT_MAT1-2	GCF_000002655.1	called	['MAT1-2']	MAT1-2	medium	
28548_06cwm-g22_MAT_combined		not_possible				
28548_6cwm-g27_MAT_MAT1-1		not_possible				
40559_sas56_MAT_MAT1-1		not_possible				
5180_44ba1_MAT_combined		not_possible				
5127_mo44_MAT_MAT1-1		not_possible				
5127_mo45_MAT_MAT1-2		not_possible				
5518_3639_MAT_combined		not_possible				
27339_unknown-1_MAT_MAT1-2		not_possible				
199306_rmscc1040_MAT_MAT1-1		not_possible				
199306_silveira_MAT_MAT1-2	GCF_018416015.2	no_report				
5501_h538-4_MAT_MAT1-1	GCA_000149815.1	no_report				
5501_rs_MAT_MAT1-2	GCF_000149335.2	called	['MAT1-2']	MAT1-2	high	
230073_uamh-11059_MAT_MAT1-2		not_possible				
230073_uamh-1363_MAT_MAT1-1		not_possible				
1174673_ypl6-1_MATtub_MAT1-2		not_possible				
1174673_ypl6-3_MATtub_MAT1-1		not_possible				
39416_mel206_MATtub_MAT1-1		not_possible				
55307_bsh1-11_MATtub_MAT1-1		not_possible				
55307_ysh1-8_MATtub_MAT1-2		not_possible				
57749_hp1-3_MATtub_MAT1-2		not_possible				
57749_ym1-1_MATtub_MAT1-1		not_possible				
752769_k204_MATtub_MAT1-2		not_possible				
752769_k467_MATtub_MAT1-1		not_possible				
42068_ru7_PM_combined	GCF_001477535.1	called	['M', 'P']	M	high	
4754_b80_PM_combined	GCF_001477545.1	called	['M', 'P']	M	medium	
28985_nrrl-y-1140_MATsc_HMLalpha	GCF_000002515.2	called	['MATalpha']	MATalpha	high	
28985_nrrl-y-1140_MATsc_MATa	GCF_000002515.2	called	['MATa']	MATa	high	
381046_cbs-6340_MATsc_HMLalpha	GCF_000142805.1	called	['MATalpha']	MATalpha	high	
4932_s288c_MATsc_HMRa	GCF_000146045.2	called	['MATa']	MATa	high	
4932_s288c_MATsc_MATalpha	GCF_000146045.2	called	['MATalpha']	MATalpha	medium	
4952_w29_MATyl_A	GCA_001307795.1	no_report				
4956_da2_MATsc_MATalpha		not_possible				
4959_cbs767_MTL_A	GCF_000006445.2	called	['A', 'alpha']	A	high	
4896_972h_mat1_M	GCF_000002945.2	called	['M']	M	high	
4896_h90_mat2_P		not_possible				
4899_yfs286_mat1_P	GCF_000150505.1	called	['P']	P	high	
36911_cl143_MTL_A		not_possible				
42374_d1558_MTL_alpha		not_possible				
4929_nrrl-y-2075_MTL_alpha		not_possible				
498019_b11205_MTL_A	GCA_016772135.1	called	['A']	A	high	
498019_b11221_MTL_alpha	GCF_002775015.1	missed	['alpha']			
498019_b11243_MTL_A	GCA_003014415.1	called	['A']	A	high	
5476_sc5314_MTL_A	GCF_000182965.3	no_report				
5476_sc5314_MTL_alpha	GCA_032688725.1	no_report				
5141_74-ors-a_MAT_MAT1-1		not_possible				
5141_unknown-1_MAT_MAT1-2		not_possible				
5011_unknown-1_PM_combined	GCA_005281805.1	withheld	['M', 'P']			modelled_gene_bar
107463_unknown-1_MAT_MAT1-2		not_possible				
115814_voucher-101_MAT_MAT1-2		not_possible				
1301501_voucher-215_MAT_MAT1-1		not_possible				
1301501_voucher-267_MAT_MAT1-2		not_possible				
2903220_liq80xsp_MAT_combined	GCA_023646395.1	called	['MAT1-1', 'MAT1-2']	MAT1-2	high	
2903222_liq146xsp_MAT_combined	GCA_023647215.1	called	['MAT1-1', 'MAT1-2']	MAT1-2	high	
192523_h97_HD_A1	GCF_000300575.1	called	['A1']	undetermined	high	
5334_h4-8_Aalpha_4	GCF_000143185.2	called	['4']	undetermined	high	
5334_h4-8_Balpha_3	GCF_000143185.2	called	['3']	undetermined	high	
5334_h4-8_Bbeta_2	GCF_000143185.2	called	['2']	undetermined	high	
5346_a43-b43-okayama-7_HD_A43	GCA_016772295.1	called	['A43']	undetermined	high	
5346_a43-b43-okayama-7_PR_B43	GCA_016772295.1	called	['B43']	undetermined	high	
90004_unknown_HD_A1		not_possible				
76777_atcc-42132_bLocus_b1	GCF_000349305.1	called	['b1']	undetermined	high	
76777_atcc-44340_bLocus_b2	GCA_001264715.1	no_report				
76777_m24_bLocus_b3		not_possible				
76777_unspecified-a1_aLocus_a1		not_possible				
2822231_sb25_HD_A1		not_possible				
5325_fp-101664-ss1_PR_B1	GCF_000271585.1	missed	['B1']			
5627_9006-11_PR_B1	GCA_001683735.1	no_report				
1165861_pst-78_rustHD_b1	GCA_001191645.1	no_report				
418459_crl-75-36-700-3_rustHD_b1	GCF_000149925.1	missed	['b1']			
630390_1-1-bbbd-race-1_rustHD_b2	GCA_000151525.2	no_report				
747676_98ag31_rustHD_b1	GCF_000204055.1	no_report				
2830151_kdtol00553_PR_B1	GCA_984573805.1	no_report				
984962_tc-32-1_PR_B1	GCF_000320585.1	missed	['B1']			
984962_um274_HD_A1		not_possible				
217517_cbs-9654_redPR_A2		not_possible				
29898_jj10-1_redPR_A2	GCA_026119225.1	no_report				
5003_cbs-491_redPR_A1		not_possible				
5003_cbs-499_redPR_A2		not_possible				
5005_cbs-483_redPR_A1		not_possible				
5005_cbs-490_redPR_A2		not_possible				
5286_cbs-14_redHD_B41	GCA_921037615.3	no_report				
5286_cbs-14_redPR_A1	GCA_921037615.3	no_report				
5286_nbrc-0880_redHD_B39	GCA_000988875.2	no_report				
5286_nbrc-0880_redPR_A2	GCA_000988875.2	no_report				
5535_cbs-20_redHD_B63	GCA_920103745.3	no_report				
5535_cbs-20_redPR_A1	GCA_920103745.3	no_report				
5537_jy1105_redHD_B8	GCA_024748845.1	no_report				
5537_jy1105_redPR_A1	GCA_024748845.1	no_report				
86836_cbs-4785_redPR_A2		not_possible				
86836_ls11_redHD_B74	GCA_002917965.1	no_report				
86836_pycc-4818_redPR_A1		not_possible				
86839_nrrl-y-7192_redPR_A2		not_possible				
40410_jec20_MAT_a	GCA_056621545.1	no_report				
40410_jec21_MAT_alpha	GCF_000091045.1	no_report				
117174_w66970_bLocus_b1	GCA_023213265.1	no_report				
120017_cbs131470_bLocus_b1	GCA_023212755.1	no_report				
120017_uh112_aLocus_a1		not_possible				
1392244_ghg001_bLocus_b1	GCF_000497045.1	no_report				
1652704_cbs-10937_aLocus_a1	GCA_023212685.1	no_report				
1652704_cbs-10937_bLocus_b1	GCA_023212685.1	no_report				
1882483_mca3645_bLocus_b1	GCA_003144125.1	no_report				
203535_cbs-10006_aLocus_a1	GCA_023212835.1	no_report				
203535_cbs-10006_bLocus_b1	GCA_023212835.1	no_report				
203536_cbs-10005_aLocus_a1	GCA_023212605.1	no_report				
203536_cbs-10005_bLocus_b1	GCA_023212605.1	no_report				
280036_cbs-10092_bLocus_b1	GCF_005498985.1	no_report				
327079_nbrc-105055_bLocus_b1	GCA_001736105.1	no_report				
327079_sy62_bLocus_b1	GCF_000403515.1	no_report				
349360_cbs-131475_aLocus_a1	GCA_023212725.1	no_report				
349360_cbs-131475_bLocus_b1	GCA_023212725.1	no_report				
394055_cbs-10428_aLocus_a1		not_possible				
394055_cbs-10428_bLocus_b1	GCA_023212645.1	no_report				
49012_cbs-131463_aLocus_a1	GCA_023212615.1	no_report				
49012_cbs-131463_bLocus_b1	GCA_023212615.1	no_report				
5270_521_aLocus_a1	GCF_000328475.2	called	['a1']	undetermined	high	
5270_521_bLocus_b1	GCF_000328475.2	called	['b1']	undetermined	high	
5483_nbrc-1940_bLocus_b1	GCA_001736125.1	no_report				
63387_cbs-10417_aLocus_a1	GCA_023212695.1	no_report				
63387_cbs-10417_bLocus_b1	GCA_023212695.1	no_report				
72559_srs1-h2-8_bLocus_b1	GCA_900162835.1	called	['b1']	undetermined	high	
84751_cbs-167882_aLocus_a1	GCA_023212635.2	no_report				
84751_cbs-167882_bLocus_b1	GCA_023212635.2	no_report				
84753_jcm-10317_bLocus_b1	GCF_000747765.1	no_report				
84754_dsm-70725_bLocus_b1	GCA_000517465.1	no_report				
1708542_exf-10342_wallMAT_v2	GCA_056320075.1	no_report				
671144_cbs-633-66_wallMAT_v1	GCF_000263375.1	no_report				
101103_nrrl1351_MAT_Plus	GCA_025093555.1	called	['Plus']	Plus	medium	
101119_atcc11807_MAT_Minus		not_possible				
101119_atcc11807_MAT_Plus		not_possible				
13706_nrrl-2496_MAT_Plus	GCA_002105135.1	called	['Plus']	Plus	medium	
29922_cbs109-16_MAT_Minus		not_possible				
3108396_ai-2023a_MAT_Plus		not_possible				
3231046_uomau377_MAT_Minus		not_possible				
3231046_uomd23-19_MAT_Plus		not_possible				
35722_atcc11077_MAT_Minus		not_possible				
36080_nrrl-3631_MAT_Plus		not_possible				
36080_r7b_MAT_Minus		not_possible				
4837_nrrl1555_MAT_Minus	GCF_001638985.1	no_report				
4837_ubc21_MAT_Plus	GCA_040209145.1	no_report				
4850_vkm-f-921_MAT_Minus		not_possible				
64495_cbs110-17_MAT_Minus		not_possible				
64495_cbs346-36_MAT_Plus		not_possible				
64632_nrrl-2978_MAT_combined	GCF_025528875.1	called	['Plus', 'Minus']	Plus	high	
64656_rsa-1403_MAT_Minus	GCF_025766255.1	called	['Minus']	Minus	medium	
86630_cbs357-93_MAT_Minus	GCA_003325435.1	no_report				
41833_gzumbrama1_MAT_Plus	GCA_977110945.1	called	['Plus']	Plus	high	
44442_wa0000051536_MAT_Minus	GCA_016758895.1	called	['Minus']	Minus	high	
1301609_fen-198_MAT_combined	GCA_964255735.1	missed	['MAT1-1', 'MAT1-2']			
