order	genomes	species	STE3_loci_per_genome_median	q1_q3	max	pct_ge5_loci	arrays_per_genome	pct_genomes_array_ge2	pct_genomes_flagged_array	flagged_arrays_per_genome	pct_genomes_with_PR_call
Agaricales	676	313	10.0	8-12	40	97.19 (95.31-98.62)	7.74 (7.11-8.33)	90.68 (85.19-94.76)	88.61 (81.62-93.36)	1.53 (1.34-1.72)	62.57 (48.99-74.33)
Boletales	182	143	7.0	6-9	27	96.70 (93.82-98.94)	6.60 (6.11-7.18)	87.91 (82.61-92.66)	48.90 (39.53-58.06)	0.75 (0.56-0.96)	26.92 (18.49-35.71)
Polyporales	175	107	8.0	7-10	23	96.57 (93.83-98.94)	5.51 (5.22-5.84)	96.00 (92.77-98.50)	92.57 (87.58-96.39)	1.30 (1.17-1.43)	88.57 (82.17-93.60)
Cantharellales	77	14	7.0	6-10	22	89.61 (61.11-100.00)	7.92 (6.19-11.97)	45.45 (24.00-79.41)	85.71 (67.39-93.88)	1.30 (0.83-1.50)	87.01 (67.74-95.08)
Russulales	76	60	9.0	6-11	136	90.79 (83.33-97.30)	9.42 (6.96-12.78)	71.05 (58.44-82.43)	56.58 (44.29-68.36)	0.86 (0.61-1.13)	34.21 (21.43-46.84)
Hymenochaetales	47	29	6.0	5-7	48	89.36 (76.00-100.00)	7.36 (5.93-9.36)	34.04 (17.07-50.00)	12.77 (4.08-25.71)	0.28 (0.08-0.61)	10.64 (2.56-23.68)
Auriculariales	14	8	6.0	5-8	9	78.57 (46.14-95.24)	4.57 (3.67-5.50)	85.71 (58.33-100.00)	85.71 (58.33-100.00)	0.93 (0.60-1.15)	85.71 (58.33-100.00)
other orders	40	31	8.0	7-11	29	90.00 (81.40-97.50)	7.58 (6.53-9.05)	82.50 (66.67-95.49)	72.50 (55.56-85.72)	1.10 (0.77-1.44)	72.50 (57.58-86.05)
ALL	1287	705	9.0	7-11	136	95.49 (93.73-96.92)	7.33 (6.91-7.76)	84.77 (80.22-88.90)	78.17 (72.79-82.39)	1.27 (1.15-1.41)	59.52 (51.67-66.82)
