gap_kb	order	loci	obs_frac_loci_in_arrays_ge2	null_mean	null_min	null_max
10	ALL	12518	0.303	0.124	0.12	0.128
10	Agaricales	7032	0.31	0.132	0.126	0.138
10	Boletales	1450	0.268	0.125	0.112	0.146
10	Polyporales	1473	0.407	0.129	0.116	0.142
10	Cantharellales	674	0.131	0.049	0.037	0.058
10	Russulales	993	0.319	0.15	0.137	0.168
10	Hymenochaetales	425	0.224	0.047	0.026	0.071
10	Auriculariales	85	0.247	0.025	0.0	0.047
50	ALL	12518	0.395	0.226	0.222	0.229
50	Agaricales	7032	0.42	0.239	0.234	0.244
50	Boletales	1450	0.313	0.202	0.192	0.214
50	Polyporales	1473	0.487	0.244	0.237	0.248
50	Cantharellales	674	0.166	0.107	0.091	0.123
50	Russulales	993	0.422	0.289	0.273	0.309
50	Hymenochaetales	425	0.292	0.149	0.129	0.169
50	Auriculariales	85	0.388	0.075	0.024	0.129
200	ALL	12518	0.439	0.338	0.33	0.341
200	Agaricales	7032	0.467	0.353	0.344	0.362
200	Boletales	1450	0.332	0.275	0.266	0.283
200	Polyporales	1473	0.501	0.378	0.358	0.396
200	Cantharellales	674	0.218	0.18	0.166	0.194
200	Russulales	993	0.465	0.401	0.384	0.428
200	Hymenochaetales	425	0.435	0.313	0.278	0.348
200	Auriculariales	85	0.4	0.168	0.106	0.247
