order	group	arrays	contig_len_median_Mb	same_contig	near_obs	near_pct	exp_genome_null	exp_pct_genome	obs_over_exp_genome	exp_same_contig_null
ALL	flagged	1630	0.23	7	0	0.0	13.5	0.8	0.0	1.2
ALL	unflagged	7782	0.32	75	11	0.1	56.4	0.7	0.2	9.7
Agaricales	flagged	1034	0.19	2	0	0.0	7.9	0.8	0.0	0.8
Agaricales	unflagged	4187	0.32	22	3	0.1	28.6	0.7	0.1	3.2
Boletales	flagged	134	0.18	1	0	0.0	1.1	0.8	0.0	0.1
Boletales	unflagged	1054	0.12	9	5	0.5	6.1	0.6	0.8	1.3
Polyporales	flagged	227	0.48	2	0	0.0	2.5	1.1	0.0	0.1
Polyporales	unflagged	737	0.62	11	3	0.4	6.9	0.9	0.4	1.6
Cantharellales	flagged	100	0.19	1	0	0.0	1.0	1.0	0.0	0.0
Cantharellales	unflagged	510	0.26	9	0	0.0	4.7	0.9	0.0	0.6
Russulales	flagged	65	0.38	0	0	0.0	0.5	0.8	0.0	0.0
Russulales	unflagged	651	0.39	6	0	0.0	4.3	0.7	0.0	0.6
Hymenochaetales	flagged	13	3.29	0	0	0.0	0.1	1.1	0.0	0.0
Hymenochaetales	unflagged	333	1.95	0	0	0.0	3.6	1.1	0.0	0.0
Auriculariales	flagged	13	3.3	0	0	0.0	0.1	0.8	0.0	0.0
Auriculariales	unflagged	51	1.76	10	0	0.0	0.4	0.7	0.0	1.2
other orders	flagged	44	0.21	1	0	0.0	0.4	0.9	0.0	0.1
other orders	unflagged	259	0.35	8	0	0.0	1.9	0.8	0.0	1.1
