genome	species	pr9_r4	umbelopsis_p1
GCA_000534915.1_ASM53491v1	Umbelopsis isabellina	Plus/high mat_locus input=None margin=48.0 BAVE01000001.1:119579-124056	Plus/high mat_locus input=None margin=76.7 BAVE01000001.1:119366-124056
GCA_000697415.1_UmbIsaB7317-1.0	Umbelopsis isabellina	Plus/low partial_locus input=None margin=92.2 JNEQ01000056.1:749075-753439	Plus/high mat_locus input=None margin=95.1 JNEQ01000056.1:748685-753439
GCA_016758895.1_ASM1675889v1	Umbelopsis vinacea	undetermined/low partial_locus input=None margin=13.7 JAEPRA010000016.1:141223-158571	Minus/high mat_locus input=None margin=99.5 JAEPRA010000016.1:121114-158571
GCA_016758905.1_ASM1675890v1	Umbelopsis isabellina	Plus/low partial_locus input=None margin=68.5 JAEPQZ010000017.1:412287-416732	Plus/medium mat_locus input=None margin=77.8 JAEPQZ010000017.1:346151-417047
GCA_021235465.1_Umbelo1	Umbelopsis sp. PMI_123	Plus/high mat_locus input=None margin=60.9 JAJSME010000005.1:1355538-1373528	Plus/high mat_locus input=None margin=140.8 JAJSME010000005.1:1355538-1373528
GCA_025677805.1_Umbsp_AD052_1	Umbelopsis sp. AD052	uncalled	uncalled
GCA_027595865.1_Umbelopsis_isabellina_MPG-14A_reass_enz	Umbelopsis isabellina	Plus/low partial_locus input=None margin=92.2 JANJFK010000028.1:163721-168087	Plus/high mat_locus input=None margin=95.1 JANJFK010000028.1:163331-168087
GCA_037039815.1_ASM3703981v1	Umbelopsis sp. M5902	Plus/low partial_locus input=None margin=75.8 JAXQGL010000038.1:439445-444075	Plus/high mat_locus input=None margin=81.3 JAXQGL010000038.1:387521-444201
GCA_053572175.1_ASM5357217v1	Umbelopsis sp. WA50703	undetermined/low partial_locus input=None margin=16.8 JAYKKX010000013.1:106814-110949	Minus/high mat_locus input=None margin=37.2 JAYKKX010000013.1:106697-110949
GCA_054906655.1_Umbelopsis_nana_v._1.0	Umbelopsis nana	uncalled	Minus/high mat_locus input=None margin=31.9 BAAHSD010000001.1:143205-160100
GCA_964291815.1_UMBE_WA70503	Umbelopsis sp. WA50703	undetermined/low partial_locus input=None margin=16.8 CAXYTU010000169.1:106865-111000	Minus/high mat_locus input=None margin=37.2 CAXYTU010000169.1:106748-111000
GCA_977110945.1_gzUmbRama1	Umbelopsis ramanniana	Plus/high mat_locus input=None margin=56.1 CDSBDH010000020.1:157103-193735	Plus/high mat_locus input=None margin=135.3 CDSBDH010000020.1:128528-193735
GCA_977110975.1_gzUmbVina2	Umbelopsis vinacea	undetermined/low partial_locus input=None margin=9.4 CDSBDG010000016.1:219389-223444	Minus/high mat_locus input=None margin=36.5 CDSBDG010000016.1:165230-223444
GCF_025399195.1_Umbra1	Umbelopsis ramanniana	Plus/high mat_locus input=None margin=51.0 NW_026252087.1:139483-157423	Plus/high mat_locus input=None margin=125.7 NW_026252087.1:113844-157423
