GCA_016098155.1_UCR_MambBC1055_1.0	1343610
GCA_015502565.1_UCR_MambBC1291	1343610
GCA_015849275.1_UCR_MambNRRL28271_1.0	1343610
GCA_016098105.1_UCR_MwolfiiNRRL6351_1.0	90253
GCA_016098135.1_UCR_MwolfiiNRRL66265_1.0	90253
GCA_033807495.1_MorAD185_1_1	2810443
GCA_057980025.1_ASM5798002v1	3436244
GCA_016097885.1_UCR_MgloAD054_1.0	979702
GCA_016097935.1_UCR_MglobuREB-010B_1.0	979702
GCA_025201705.1_Disorn1	979620
GCA_015499975.1_UCR_DornN22417_1.0	979620
GCA_015679585.1_UCR_MbelKOD1040_1.0	979673
GCA_015849335.1_UCR_MchalAD033_1.0	101097
GCA_015852335.1_UCR_MchalNRRL2769_1.0	101097
GCA_015500005.1_UCR_HligNRRL2525_1.0	979712
GCA_963573315.1_gzEntParv1.1	205924
GCA_020891255.1_Epvsp_1.0	205924
GCA_016098015.1_UCR_MmultNRRL6456_1.0	101098
GCF_025024155.1_Mormul1	101098
GCA_015852425.1_UCR_Mcyst1230_1.0	979690
GCA_015500155.1_UCR_MorNRRLA12553_1.0	1897645
GCA_015499985.1_UCR_McamNRRL2610_1.0	2779863
GCA_015529505.1_UCR_HspNRRLA10739_1.0	1897648
GCA_015529795.1_UCR_MspNRRL3175_1.0	1897644
GCA_015529515.1_UCR_MspNRRLA10996_1.0	1897647
GCA_023091675.1_ASM2309167v1	743927
GCA_033807475.1_MoeAD073_1	310910
GCA_001651415.1_Mortierella_elongata_AG-77_v2.0	1314771
GCA_015679425.1_UCR_MelonGBA34_1.0	310910
GCA_015852415.1_UCR_MelonGBA40_1.0	310910
GCA_057543055.1_JCM_30264_assembly_v001	310910
GCA_020744185.1_Morel_U14_1	310910
GCA_015852395.1_UCR_MelonNVP5_1.0	310910
GCA_036320915.1_MoeNVP64_1	310910
GCA_015679495.1_UCR_MelonNVP71_1.0	310910
GCA_979029665.1_LinspUZ2_10	310910
GCA_016097895.1_UCR_MexiNRRL28262_1.0	604196
GCA_977013585.1_ggMorFluv1.1	1910964
GCA_016097855.1_UCR_MgamAD045_1.0	64522
GCA_033807515.1_Morgam1	64522
GCA_016097865.1_UCR_MgamNVP60_1.0	64522
GCA_019671135.1_ASM1967113v1	64524
GCA_029449235.1_ASM2944923v1	64567
GCA_015502505.1_UCR_MschNRRL6426_1.0	64567
GCA_015847235.1_UCR_MzychaeNRRL2592_1.0	979765
GCA_015847195.1_UCR_MzychaePUSTF9C_1.0	979765
GCF_002105155.1_Lobtra1	64571
GCA_015847225.1_UCR_Ltran_NRRL5525_1.0	64571
GCA_015680635.1_UCR_MselenKOD1015_1.0	979761
GCA_015849295.1_UCR_MrenMES-2147_1.0	1440133
GCA_977091265.1_gzMorAlpi1	64518
GCA_015847185.1_UCR_MalpAD071_1.0	64518
GCA_015679415.1_UCR_MalpAD072_1.0	64518
GCA_023925345.1_FSU_Malpina_v1	64518
GCA_000507065.1_B6842	1357686
GCA_001021685.1_ASM102168v1	64518
GCA_029449245.1_ASM2944924v1	64518
GCA_015849305.1_UCR_MalpCK1249_1.0	64518
GCA_015849285.1_UCR_Malp_GBA31_1.0	64518
GCA_059919325.1_ASM5991932v1	64518
GCA_019788775.1_ASM1978877v1	64518
GCA_058969005.1_ASM5896900v1	64518
GCA_015680655.1_UCR_MalpinaNRRL66262_1.0	64518
GCA_015679405.1_UCR_MspKOD1030_1.0	979670
GCA_015849325.1_UCR_MspKOD1229_1.0	979670
GCA_014973025.1_ASM1497302v1	979670
GCA_022750515.1_UCR_MspNRRL2760_1.0	1343614
GCA_015680625.1_UCR_MhylaNRRL2591_1.0	979708
GCA_016098165.1_UCR_MpolyKOD948_1.0	41804
GCA_015502465.1_UCR_Msp14UC_1.0	1896178
GCA_015502575.1_UCR_MspAD010_1.0	1896179
GCA_015679695.1_UCR_MspAD011_1.0	1896180
GCA_015502475.1_UCR_MspAD031_1.0	1896182
GCA_016098025.1_UCR_MspAD032_1.0	1896183
GCA_015679545.1_UCR_MspAD094_1.0	1896185
GCA_015502455.1_UCR_MspAM989	1896186
GCA_011634665.1_ASM1163466v1	2613877
GCA_016098035.1_UCR_MspGBA30_1.0	1896187
GCA_015502445.1_UCR_MspGBA35_1.0	1896188
GCA_015502485.1_UCR_MspGBA39_1.0	1896189
GCA_016098045.1_UCR_MspGBA43_1.0	1896190
GCA_025330735.1_MorGBAus27b_1	1954212
GCA_016098085.1_UCR_MspNVP41_1.0	1896192
GCA_015679515.1_UCR_MspNVP85_1.0	1896193
GCA_015852385.1_UCR_MclonAM1000_1.0	979688
GCA_015852375.1_UCR_MclonKOD947_1.0	979688
GCA_015852435.1_UCR_MepiAD058	979697
GCA_015852495.1_UCR_MepiKOD1059_1.0	979697
GCA_015679605.1_UCR_MepigNRRL5512_1.0	979699
GCA_016097925.1_UCR_MhortAD009_1.0	311239
GCA_015679535.1_UCR_MhortCK413_1.0	311239
GCA_016097945.1_UCR_MhumKOD1050_1.0	64523
GCA_025677895.1_Morhum1	64523
GCA_016098005.1_UCR_MminAD069_1.0	64525
GCA_015679485.1_UCR_MminNVP1_1.0	64525
GCA_015679595.1_UCR_MvertAD079_1.0	78898
GCA_025603085.1_LANL_1351_123_1.0	78898
GCA_000739165.1_Mort_vert_NRRL_6337_V1	1069443
GCA_015679645.1_UCR_MvertTTC192_1.0	78898
GCA_015529785.1_UCR_MvertNRRL2611_1.0	78898
