sample	reads
20a	/rhome/nicolel/bigdata/Fola/05_Pre-Processing/20a_R1_trimmed.fastq.gz,/rhome/nicolel/bigdata/Fola/05_Pre-Processing/20a_R2_trimmed.fastq.gz
45a	/rhome/nicolel/bigdata/Fola/05_Pre-Processing/45a_R1_trimmed.fastq.gz,/rhome/nicolel/bigdata/Fola/05_Pre-Processing/45a_R2_trimmed.fastq.gz
50a	/rhome/nicolel/bigdata/Fola/05_Pre-Processing/50a_R1_trimmed.fastq.gz,/rhome/nicolel/bigdata/Fola/05_Pre-Processing/50a_R2_trimmed.fastq.gz
52a	/rhome/nicolel/bigdata/Fola/05_Pre-Processing/52a_R1_trimmed.fastq.gz,/rhome/nicolel/bigdata/Fola/05_Pre-Processing/52a_R2_trimmed.fastq.gz
53a	/rhome/nicolel/bigdata/Fola/05_Pre-Processing/53a_R1_trimmed.fastq.gz,/rhome/nicolel/bigdata/Fola/05_Pre-Processing/53a_R2_trimmed.fastq.gz
58a	/rhome/nicolel/bigdata/Fola/05_Pre-Processing/58a_R1_trimmed.fastq.gz,/rhome/nicolel/bigdata/Fola/05_Pre-Processing/58a_R2_trimmed.fastq.gz
6-14	/rhome/nicolel/bigdata/Fola/05_Pre-Processing/6-14_R1_trimmed.fastq.gz,/rhome/nicolel/bigdata/Fola/05_Pre-Processing/6-14_R2_trimmed.fastq.gz
7-14	/rhome/nicolel/bigdata/Fola/05_Pre-Processing/7-14_R1_trimmed.fastq.gz,/rhome/nicolel/bigdata/Fola/05_Pre-Processing/7-14_R2_trimmed.fastq.gz
74a	/rhome/nicolel/bigdata/Fola/05_Pre-Processing/74a_R1_trimmed.fastq.gz,/rhome/nicolel/bigdata/Fola/05_Pre-Processing/74a_R2_trimmed.fastq.gz
AC013	/rhome/nicolel/bigdata/Fola/05_Pre-Processing/AC013_R1_trimmed.fastq.gz,/rhome/nicolel/bigdata/Fola/05_Pre-Processing/AC013_R2_trimmed.fastq.gz
AL010	/rhome/nicolel/bigdata/Fola/05_Pre-Processing/AL010_R1_trimmed.fastq.gz,/rhome/nicolel/bigdata/Fola/05_Pre-Processing/AL010_R2_trimmed.fastq.gz
AL127	/rhome/nicolel/bigdata/Fola/05_Pre-Processing/AL127_R1_trimmed.fastq.gz,/rhome/nicolel/bigdata/Fola/05_Pre-Processing/AL127_R2_trimmed.fastq.gz
AL185	/rhome/nicolel/bigdata/Fola/05_Pre-Processing/AL185_R1_trimmed.fastq.gz,/rhome/nicolel/bigdata/Fola/05_Pre-Processing/AL185_R2_trimmed.fastq.gz
AM020	/rhome/nicolel/bigdata/Fola/05_Pre-Processing/AM020_R1_trimmed.fastq.gz,/rhome/nicolel/bigdata/Fola/05_Pre-Processing/AM020_R2_trimmed.fastq.gz
AM163	/rhome/nicolel/bigdata/Fola/05_Pre-Processing/AM163_R1_trimmed.fastq.gz,/rhome/nicolel/bigdata/Fola/05_Pre-Processing/AM163_R2_trimmed.fastq.gz
AN072	/rhome/nicolel/bigdata/Fola/05_Pre-Processing/AN072_R1_trimmed.fastq.gz,/rhome/nicolel/bigdata/Fola/05_Pre-Processing/AN072_R2_trimmed.fastq.gz
AP004	/rhome/nicolel/bigdata/Fola/05_Pre-Processing/AP004_R1_trimmed.fastq.gz,/rhome/nicolel/bigdata/Fola/05_Pre-Processing/AP004_R2_trimmed.fastq.gz
AP057	/rhome/nicolel/bigdata/Fola/05_Pre-Processing/AP057_R1_trimmed.fastq.gz,/rhome/nicolel/bigdata/Fola/05_Pre-Processing/AP057_R2_trimmed.fastq.gz
AP068	/rhome/nicolel/bigdata/Fola/05_Pre-Processing/AP068_R1_trimmed.fastq.gz,/rhome/nicolel/bigdata/Fola/05_Pre-Processing/AP068_R2_trimmed.fastq.gz
AP114	/rhome/nicolel/bigdata/Fola/05_Pre-Processing/AP114_R1_trimmed.fastq.gz,/rhome/nicolel/bigdata/Fola/05_Pre-Processing/AP114_R2_trimmed.fastq.gz
AS147	/rhome/nicolel/bigdata/Fola/05_Pre-Processing/AS147_R1_trimmed.fastq.gz,/rhome/nicolel/bigdata/Fola/05_Pre-Processing/AS147_R2_trimmed.fastq.gz
AT142	/rhome/nicolel/bigdata/Fola/05_Pre-Processing/AT142_R1_trimmed.fastq.gz,/rhome/nicolel/bigdata/Fola/05_Pre-Processing/AT142_R2_trimmed.fastq.gz
AU069	/rhome/nicolel/bigdata/Fola/05_Pre-Processing/AU069_R1_trimmed.fastq.gz,/rhome/nicolel/bigdata/Fola/05_Pre-Processing/AU069_R2_trimmed.fastq.gz
AU078	/rhome/nicolel/bigdata/Fola/05_Pre-Processing/AU078_R1_trimmed.fastq.gz,/rhome/nicolel/bigdata/Fola/05_Pre-Processing/AU078_R2_trimmed.fastq.gz
AU122	/rhome/nicolel/bigdata/Fola/05_Pre-Processing/AU122_R1_trimmed.fastq.gz,/rhome/nicolel/bigdata/Fola/05_Pre-Processing/AU122_R2_trimmed.fastq.gz
F9501	/rhome/nicolel/bigdata/Fola/05_Pre-Processing/F9501_R1_trimmed.fastq.gz,/rhome/nicolel/bigdata/Fola/05_Pre-Processing/F9501_R2_trimmed.fastq.gz
FLK1001	/rhome/nicolel/bigdata/Fola/05_Pre-Processing/FLK1001_R1_trimmed.fastq.gz,/rhome/nicolel/bigdata/Fola/05_Pre-Processing/FLK1001_R2_trimmed.fastq.gz
Fol321	/rhome/nicolel/bigdata/Fola/05_Pre-Processing/Fol321_R1_trimmed.fastq.gz,/rhome/nicolel/bigdata/Fola/05_Pre-Processing/Fol321_R2_trimmed.fastq.gz
Fol621	/rhome/nicolel/bigdata/Fola/05_Pre-Processing/Fol621_R1_trimmed.fastq.gz,/rhome/nicolel/bigdata/Fola/05_Pre-Processing/Fol621_R2_trimmed.fastq.gz
Fol621s	/rhome/nicolel/bigdata/Fola/05_Pre-Processing/Fol621s_R1_trimmed.fastq.gz,/rhome/nicolel/bigdata/Fola/05_Pre-Processing/Fol621s_R2_trimmed.fastq.gz
GL1546	/rhome/nicolel/bigdata/Fola/05_Pre-Processing/GL1546_R1_trimmed.fastq.gz,/rhome/nicolel/bigdata/Fola/05_Pre-Processing/GL1546_R2_trimmed.fastq.gz
GL1692	/rhome/nicolel/bigdata/Fola/05_Pre-Processing/GL1692_R1_trimmed.fastq.gz,/rhome/nicolel/bigdata/Fola/05_Pre-Processing/GL1692_R2_trimmed.fastq.gz
GL1693	/rhome/nicolel/bigdata/Fola/05_Pre-Processing/GL1693_R1_trimmed.fastq.gz,/rhome/nicolel/bigdata/Fola/05_Pre-Processing/GL1693_R2_trimmed.fastq.gz
GL1815	/rhome/nicolel/bigdata/Fola/05_Pre-Processing/GL1815_R1_trimmed.fastq.gz,/rhome/nicolel/bigdata/Fola/05_Pre-Processing/GL1815_R2_trimmed.fastq.gz
JCP024	/rhome/nicolel/bigdata/Fola/05_Pre-Processing/JCP024_R1_trimmed.fastq.gz,/rhome/nicolel/bigdata/Fola/05_Pre-Processing/JCP024_R2_trimmed.fastq.gz
JCP053	/rhome/nicolel/bigdata/Fola/05_Pre-Processing/JCP053_R1_trimmed.fastq.gz,/rhome/nicolel/bigdata/Fola/05_Pre-Processing/JCP053_R2_trimmed.fastq.gz
JCP293	/rhome/nicolel/bigdata/Fola/05_Pre-Processing/JCP293_R1_trimmed.fastq.gz,/rhome/nicolel/bigdata/Fola/05_Pre-Processing/JCP293_R2_trimmed.fastq.gz
JCP360	/rhome/nicolel/bigdata/Fola/05_Pre-Processing/JCP360_R1_trimmed.fastq.gz,/rhome/nicolel/bigdata/Fola/05_Pre-Processing/JCP360_R2_trimmed.fastq.gz
JCP381	/rhome/nicolel/bigdata/Fola/05_Pre-Processing/JCP381_R1_trimmed.fastq.gz,/rhome/nicolel/bigdata/Fola/05_Pre-Processing/JCP381_R2_trimmed.fastq.gz
Mya	/rhome/nicolel/bigdata/Fola/05_Pre-Processing/Mya_R1_trimmed.fastq.gz,/rhome/nicolel/bigdata/Fola/05_Pre-Processing/Mya_R2_trimmed.fastq.gz
SB1-1	/rhome/nicolel/bigdata/Fola/05_Pre-Processing/SB1-1_R1_trimmed.fastq.gz,/rhome/nicolel/bigdata/Fola/05_Pre-Processing/SB1-1_R2_trimmed.fastq.gz
VSP-0723	/rhome/nicolel/bigdata/Fola/05_Pre-Processing/VSP-0723_R1_trimmed.fastq.gz,/rhome/nicolel/bigdata/Fola/05_Pre-Processing/VSP-0723_R2_trimmed.fastq.gz
VSP-0765	/rhome/nicolel/bigdata/Fola/05_Pre-Processing/VSP-0765_R1_trimmed.fastq.gz,/rhome/nicolel/bigdata/Fola/05_Pre-Processing/VSP-0765_R2_trimmed.fastq.gz
VSP-0777	/rhome/nicolel/bigdata/Fola/05_Pre-Processing/VSP-0777_R1_trimmed.fastq.gz,/rhome/nicolel/bigdata/Fola/05_Pre-Processing/VSP-0777_R2_trimmed.fastq.gz
VSP-0782	/rhome/nicolel/bigdata/Fola/05_Pre-Processing/VSP-0782_R1_trimmed.fastq.gz,/rhome/nicolel/bigdata/Fola/05_Pre-Processing/VSP-0782_R2_trimmed.fastq.gz
VSP-0787	/rhome/nicolel/bigdata/Fola/05_Pre-Processing/VSP-0787_R1_trimmed.fastq.gz,/rhome/nicolel/bigdata/Fola/05_Pre-Processing/VSP-0787_R2_trimmed.fastq.gz
VSP-0788	/rhome/nicolel/bigdata/Fola/05_Pre-Processing/VSP-0788_R1_trimmed.fastq.gz,/rhome/nicolel/bigdata/Fola/05_Pre-Processing/VSP-0788_R2_trimmed.fastq.gz
VSP-0789	/rhome/nicolel/bigdata/Fola/05_Pre-Processing/VSP-0789_R1_trimmed.fastq.gz,/rhome/nicolel/bigdata/Fola/05_Pre-Processing/VSP-0789_R2_trimmed.fastq.gz
VSP-0790	/rhome/nicolel/bigdata/Fola/05_Pre-Processing/VSP-0790_R1_trimmed.fastq.gz,/rhome/nicolel/bigdata/Fola/05_Pre-Processing/VSP-0790_R2_trimmed.fastq.gz
VSP-0791	/rhome/nicolel/bigdata/Fola/05_Pre-Processing/VSP-0791_R1_trimmed.fastq.gz,/rhome/nicolel/bigdata/Fola/05_Pre-Processing/VSP-0791_R2_trimmed.fastq.gz
VSP-0792	/rhome/nicolel/bigdata/Fola/05_Pre-Processing/VSP-0792_R1_trimmed.fastq.gz,/rhome/nicolel/bigdata/Fola/05_Pre-Processing/VSP-0792_R2_trimmed.fastq.gz
VSP-0794	/rhome/nicolel/bigdata/Fola/05_Pre-Processing/VSP-0794_R1_trimmed.fastq.gz,/rhome/nicolel/bigdata/Fola/05_Pre-Processing/VSP-0794_R2_trimmed.fastq.gz
VSP-0795	/rhome/nicolel/bigdata/Fola/05_Pre-Processing/VSP-0795_R1_trimmed.fastq.gz,/rhome/nicolel/bigdata/Fola/05_Pre-Processing/VSP-0795_R2_trimmed.fastq.gz
VSP-0796	/rhome/nicolel/bigdata/Fola/05_Pre-Processing/VSP-0796_R1_trimmed.fastq.gz,/rhome/nicolel/bigdata/Fola/05_Pre-Processing/VSP-0796_R2_trimmed.fastq.gz
VSP-0797	/rhome/nicolel/bigdata/Fola/05_Pre-Processing/VSP-0797_R1_trimmed.fastq.gz,/rhome/nicolel/bigdata/Fola/05_Pre-Processing/VSP-0797_R2_trimmed.fastq.gz
VSP-0798	/rhome/nicolel/bigdata/Fola/05_Pre-Processing/VSP-0798_R1_trimmed.fastq.gz,/rhome/nicolel/bigdata/Fola/05_Pre-Processing/VSP-0798_R2_trimmed.fastq.gz
VSP-0799	/rhome/nicolel/bigdata/Fola/05_Pre-Processing/VSP-0799_R1_trimmed.fastq.gz,/rhome/nicolel/bigdata/Fola/05_Pre-Processing/VSP-0799_R2_trimmed.fastq.gz
VSP-0800	/rhome/nicolel/bigdata/Fola/05_Pre-Processing/VSP-0800_R1_trimmed.fastq.gz,/rhome/nicolel/bigdata/Fola/05_Pre-Processing/VSP-0800_R2_trimmed.fastq.gz
VSP-0803	/rhome/nicolel/bigdata/Fola/05_Pre-Processing/VSP-0803_R1_trimmed.fastq.gz,/rhome/nicolel/bigdata/Fola/05_Pre-Processing/VSP-0803_R2_trimmed.fastq.gz
VSP-0813	/rhome/nicolel/bigdata/Fola/05_Pre-Processing/VSP-0813_R1_trimmed.fastq.gz,/rhome/nicolel/bigdata/Fola/05_Pre-Processing/VSP-0813_R2_trimmed.fastq.gz
VSP-0815	/rhome/nicolel/bigdata/Fola/05_Pre-Processing/VSP-0815_R1_trimmed.fastq.gz,/rhome/nicolel/bigdata/Fola/05_Pre-Processing/VSP-0815_R2_trimmed.fastq.gz
VSP-0831	/rhome/nicolel/bigdata/Fola/05_Pre-Processing/VSP-0831_R1_trimmed.fastq.gz,/rhome/nicolel/bigdata/Fola/05_Pre-Processing/VSP-0831_R2_trimmed.fastq.gz
VSP-0840	/rhome/nicolel/bigdata/Fola/05_Pre-Processing/VSP-0840_R1_trimmed.fastq.gz,/rhome/nicolel/bigdata/Fola/05_Pre-Processing/VSP-0840_R2_trimmed.fastq.gz
VSP-0841	/rhome/nicolel/bigdata/Fola/05_Pre-Processing/VSP-0841_R1_trimmed.fastq.gz,/rhome/nicolel/bigdata/Fola/05_Pre-Processing/VSP-0841_R2_trimmed.fastq.gz
VSP-0845	/rhome/nicolel/bigdata/Fola/05_Pre-Processing/VSP-0845_R1_trimmed.fastq.gz,/rhome/nicolel/bigdata/Fola/05_Pre-Processing/VSP-0845_R2_trimmed.fastq.gz
VSP-0857	/rhome/nicolel/bigdata/Fola/05_Pre-Processing/VSP-0857_R1_trimmed.fastq.gz,/rhome/nicolel/bigdata/Fola/05_Pre-Processing/VSP-0857_R2_trimmed.fastq.gz
VSP-0860	/rhome/nicolel/bigdata/Fola/05_Pre-Processing/VSP-0860_R1_trimmed.fastq.gz,/rhome/nicolel/bigdata/Fola/05_Pre-Processing/VSP-0860_R2_trimmed.fastq.gz
VSP-0902	/rhome/nicolel/bigdata/Fola/05_Pre-Processing/VSP-0902_R1_trimmed.fastq.gz,/rhome/nicolel/bigdata/Fola/05_Pre-Processing/VSP-0902_R2_trimmed.fastq.gz
VSP-0916	/rhome/nicolel/bigdata/Fola/05_Pre-Processing/VSP-0916_R1_trimmed.fastq.gz,/rhome/nicolel/bigdata/Fola/05_Pre-Processing/VSP-0916_R2_trimmed.fastq.gz
VSP-0918	/rhome/nicolel/bigdata/Fola/05_Pre-Processing/VSP-0918_R1_trimmed.fastq.gz,/rhome/nicolel/bigdata/Fola/05_Pre-Processing/VSP-0918_R2_trimmed.fastq.gz
VSP-0919	/rhome/nicolel/bigdata/Fola/05_Pre-Processing/VSP-0919_R1_trimmed.fastq.gz,/rhome/nicolel/bigdata/Fola/05_Pre-Processing/VSP-0919_R2_trimmed.fastq.gz
VSP-0921	/rhome/nicolel/bigdata/Fola/05_Pre-Processing/VSP-0921_R1_trimmed.fastq.gz,/rhome/nicolel/bigdata/Fola/05_Pre-Processing/VSP-0921_R2_trimmed.fastq.gz
VSP-0927	/rhome/nicolel/bigdata/Fola/05_Pre-Processing/VSP-0927_R1_trimmed.fastq.gz,/rhome/nicolel/bigdata/Fola/05_Pre-Processing/VSP-0927_R2_trimmed.fastq.gz
VSP-0929	/rhome/nicolel/bigdata/Fola/05_Pre-Processing/VSP-0929_R1_trimmed.fastq.gz,/rhome/nicolel/bigdata/Fola/05_Pre-Processing/VSP-0929_R2_trimmed.fastq.gz
VSP-0931	/rhome/nicolel/bigdata/Fola/05_Pre-Processing/VSP-0931_R1_trimmed.fastq.gz,/rhome/nicolel/bigdata/Fola/05_Pre-Processing/VSP-0931_R2_trimmed.fastq.gz
VSP-0933	/rhome/nicolel/bigdata/Fola/05_Pre-Processing/VSP-0933_R1_trimmed.fastq.gz,/rhome/nicolel/bigdata/Fola/05_Pre-Processing/VSP-0933_R2_trimmed.fastq.gz
VSP-0941	/rhome/nicolel/bigdata/Fola/05_Pre-Processing/VSP-0941_R1_trimmed.fastq.gz,/rhome/nicolel/bigdata/Fola/05_Pre-Processing/VSP-0941_R2_trimmed.fastq.gz
VSP-0947	/rhome/nicolel/bigdata/Fola/05_Pre-Processing/VSP-0947_R1_trimmed.fastq.gz,/rhome/nicolel/bigdata/Fola/05_Pre-Processing/VSP-0947_R2_trimmed.fastq.gz
VSP-0955	/rhome/nicolel/bigdata/Fola/05_Pre-Processing/VSP-0955_R1_trimmed.fastq.gz,/rhome/nicolel/bigdata/Fola/05_Pre-Processing/VSP-0955_R2_trimmed.fastq.gz
VSP-0959	/rhome/nicolel/bigdata/Fola/05_Pre-Processing/VSP-0959_R1_trimmed.fastq.gz,/rhome/nicolel/bigdata/Fola/05_Pre-Processing/VSP-0959_R2_trimmed.fastq.gz
VSP-0961	/rhome/nicolel/bigdata/Fola/05_Pre-Processing/VSP-0961_R1_trimmed.fastq.gz,/rhome/nicolel/bigdata/Fola/05_Pre-Processing/VSP-0961_R2_trimmed.fastq.gz
VSP-0962	/rhome/nicolel/bigdata/Fola/05_Pre-Processing/VSP-0962_R1_trimmed.fastq.gz,/rhome/nicolel/bigdata/Fola/05_Pre-Processing/VSP-0962_R2_trimmed.fastq.gz
VSP-0965	/rhome/nicolel/bigdata/Fola/05_Pre-Processing/VSP-0965_R1_trimmed.fastq.gz,/rhome/nicolel/bigdata/Fola/05_Pre-Processing/VSP-0965_R2_trimmed.fastq.gz
VSP-0966	/rhome/nicolel/bigdata/Fola/05_Pre-Processing/VSP-0966_R1_trimmed.fastq.gz,/rhome/nicolel/bigdata/Fola/05_Pre-Processing/VSP-0966_R2_trimmed.fastq.gz
VSP-0968	/rhome/nicolel/bigdata/Fola/05_Pre-Processing/VSP-0968_R1_trimmed.fastq.gz,/rhome/nicolel/bigdata/Fola/05_Pre-Processing/VSP-0968_R2_trimmed.fastq.gz
VSP-0971	/rhome/nicolel/bigdata/Fola/05_Pre-Processing/VSP-0971_R1_trimmed.fastq.gz,/rhome/nicolel/bigdata/Fola/05_Pre-Processing/VSP-0971_R2_trimmed.fastq.gz
VSP-0974	/rhome/nicolel/bigdata/Fola/05_Pre-Processing/VSP-0974_R1_trimmed.fastq.gz,/rhome/nicolel/bigdata/Fola/05_Pre-Processing/VSP-0974_R2_trimmed.fastq.gz
VSP-0975	/rhome/nicolel/bigdata/Fola/05_Pre-Processing/VSP-0975_R1_trimmed.fastq.gz,/rhome/nicolel/bigdata/Fola/05_Pre-Processing/VSP-0975_R2_trimmed.fastq.gz
VSP-0980	/rhome/nicolel/bigdata/Fola/05_Pre-Processing/VSP-0980_R1_trimmed.fastq.gz,/rhome/nicolel/bigdata/Fola/05_Pre-Processing/VSP-0980_R2_trimmed.fastq.gz
VSP-0983	/rhome/nicolel/bigdata/Fola/05_Pre-Processing/VSP-0983_R1_trimmed.fastq.gz,/rhome/nicolel/bigdata/Fola/05_Pre-Processing/VSP-0983_R2_trimmed.fastq.gz
VSP-0986	/rhome/nicolel/bigdata/Fola/05_Pre-Processing/VSP-0986_R1_trimmed.fastq.gz,/rhome/nicolel/bigdata/Fola/05_Pre-Processing/VSP-0986_R2_trimmed.fastq.gz
VSP-0991	/rhome/nicolel/bigdata/Fola/05_Pre-Processing/VSP-0991_R1_trimmed.fastq.gz,/rhome/nicolel/bigdata/Fola/05_Pre-Processing/VSP-0991_R2_trimmed.fastq.gz
VSP-0992	/rhome/nicolel/bigdata/Fola/05_Pre-Processing/VSP-0992_R1_trimmed.fastq.gz,/rhome/nicolel/bigdata/Fola/05_Pre-Processing/VSP-0992_R2_trimmed.fastq.gz
VSP-0995	/rhome/nicolel/bigdata/Fola/05_Pre-Processing/VSP-0995_R1_trimmed.fastq.gz,/rhome/nicolel/bigdata/Fola/05_Pre-Processing/VSP-0995_R2_trimmed.fastq.gz
VSP-0996	/rhome/nicolel/bigdata/Fola/05_Pre-Processing/VSP-0996_R1_trimmed.fastq.gz,/rhome/nicolel/bigdata/Fola/05_Pre-Processing/VSP-0996_R2_trimmed.fastq.gz
VSP-0997	/rhome/nicolel/bigdata/Fola/05_Pre-Processing/VSP-0997_R1_trimmed.fastq.gz,/rhome/nicolel/bigdata/Fola/05_Pre-Processing/VSP-0997_R2_trimmed.fastq.gz
VSP-0998	/rhome/nicolel/bigdata/Fola/05_Pre-Processing/VSP-0998_R1_trimmed.fastq.gz,/rhome/nicolel/bigdata/Fola/05_Pre-Processing/VSP-0998_R2_trimmed.fastq.gz
VSP-1001	/rhome/nicolel/bigdata/Fola/05_Pre-Processing/VSP-1001_R1_trimmed.fastq.gz,/rhome/nicolel/bigdata/Fola/05_Pre-Processing/VSP-1001_R2_trimmed.fastq.gz
VSP-1007	/rhome/nicolel/bigdata/Fola/05_Pre-Processing/VSP-1007_R1_trimmed.fastq.gz,/rhome/nicolel/bigdata/Fola/05_Pre-Processing/VSP-1007_R2_trimmed.fastq.gz
VSP-1023	/rhome/nicolel/bigdata/Fola/05_Pre-Processing/VSP-1023_R1_trimmed.fastq.gz,/rhome/nicolel/bigdata/Fola/05_Pre-Processing/VSP-1023_R2_trimmed.fastq.gz
VSP-1031	/rhome/nicolel/bigdata/Fola/05_Pre-Processing/VSP-1031_R1_trimmed.fastq.gz,/rhome/nicolel/bigdata/Fola/05_Pre-Processing/VSP-1031_R2_trimmed.fastq.gz
VSP-1042	/rhome/nicolel/bigdata/Fola/05_Pre-Processing/VSP-1042_R1_trimmed.fastq.gz,/rhome/nicolel/bigdata/Fola/05_Pre-Processing/VSP-1042_R2_trimmed.fastq.gz
VSP-1056	/rhome/nicolel/bigdata/Fola/05_Pre-Processing/VSP-1056_R1_trimmed.fastq.gz,/rhome/nicolel/bigdata/Fola/05_Pre-Processing/VSP-1056_R2_trimmed.fastq.gz
VSP-1057	/rhome/nicolel/bigdata/Fola/05_Pre-Processing/VSP-1057_R1_trimmed.fastq.gz,/rhome/nicolel/bigdata/Fola/05_Pre-Processing/VSP-1057_R2_trimmed.fastq.gz
VSP-1058	/rhome/nicolel/bigdata/Fola/05_Pre-Processing/VSP-1058_R1_trimmed.fastq.gz,/rhome/nicolel/bigdata/Fola/05_Pre-Processing/VSP-1058_R2_trimmed.fastq.gz
VSP-1059	/rhome/nicolel/bigdata/Fola/05_Pre-Processing/VSP-1059_R1_trimmed.fastq.gz,/rhome/nicolel/bigdata/Fola/05_Pre-Processing/VSP-1059_R2_trimmed.fastq.gz
VSP-1068	/rhome/nicolel/bigdata/Fola/05_Pre-Processing/VSP-1068_R1_trimmed.fastq.gz,/rhome/nicolel/bigdata/Fola/05_Pre-Processing/VSP-1068_R2_trimmed.fastq.gz
VSP-1074	/rhome/nicolel/bigdata/Fola/05_Pre-Processing/VSP-1074_R1_trimmed.fastq.gz,/rhome/nicolel/bigdata/Fola/05_Pre-Processing/VSP-1074_R2_trimmed.fastq.gz
VSP-1078	/rhome/nicolel/bigdata/Fola/05_Pre-Processing/VSP-1078_R1_trimmed.fastq.gz,/rhome/nicolel/bigdata/Fola/05_Pre-Processing/VSP-1078_R2_trimmed.fastq.gz
VSP-1082	/rhome/nicolel/bigdata/Fola/05_Pre-Processing/VSP-1082_R1_trimmed.fastq.gz,/rhome/nicolel/bigdata/Fola/05_Pre-Processing/VSP-1082_R2_trimmed.fastq.gz
VSP-1087	/rhome/nicolel/bigdata/Fola/05_Pre-Processing/VSP-1087_R1_trimmed.fastq.gz,/rhome/nicolel/bigdata/Fola/05_Pre-Processing/VSP-1087_R2_trimmed.fastq.gz
VSP-1092	/rhome/nicolel/bigdata/Fola/05_Pre-Processing/VSP-1092_R1_trimmed.fastq.gz,/rhome/nicolel/bigdata/Fola/05_Pre-Processing/VSP-1092_R2_trimmed.fastq.gz
VSP-1093	/rhome/nicolel/bigdata/Fola/05_Pre-Processing/VSP-1093_R1_trimmed.fastq.gz,/rhome/nicolel/bigdata/Fola/05_Pre-Processing/VSP-1093_R2_trimmed.fastq.gz
VSP-1097	/rhome/nicolel/bigdata/Fola/05_Pre-Processing/VSP-1097_R1_trimmed.fastq.gz,/rhome/nicolel/bigdata/Fola/05_Pre-Processing/VSP-1097_R2_trimmed.fastq.gz
VSP-1120	/rhome/nicolel/bigdata/Fola/05_Pre-Processing/VSP-1120_R1_trimmed.fastq.gz,/rhome/nicolel/bigdata/Fola/05_Pre-Processing/VSP-1120_R2_trimmed.fastq.gz
VSP-1128	/rhome/nicolel/bigdata/Fola/05_Pre-Processing/VSP-1128_R1_trimmed.fastq.gz,/rhome/nicolel/bigdata/Fola/05_Pre-Processing/VSP-1128_R2_trimmed.fastq.gz
VSP-1133	/rhome/nicolel/bigdata/Fola/05_Pre-Processing/VSP-1133_R1_trimmed.fastq.gz,/rhome/nicolel/bigdata/Fola/05_Pre-Processing/VSP-1133_R2_trimmed.fastq.gz
VSP-1150	/rhome/nicolel/bigdata/Fola/05_Pre-Processing/VSP-1150_R1_trimmed.fastq.gz,/rhome/nicolel/bigdata/Fola/05_Pre-Processing/VSP-1150_R2_trimmed.fastq.gz
VSP-1218	/rhome/nicolel/bigdata/Fola/05_Pre-Processing/VSP-1218_R1_trimmed.fastq.gz,/rhome/nicolel/bigdata/Fola/05_Pre-Processing/VSP-1218_R2_trimmed.fastq.gz
VSP-1229	/rhome/nicolel/bigdata/Fola/05_Pre-Processing/VSP-1229_R1_trimmed.fastq.gz,/rhome/nicolel/bigdata/Fola/05_Pre-Processing/VSP-1229_R2_trimmed.fastq.gz
VSP-1235	/rhome/nicolel/bigdata/Fola/05_Pre-Processing/VSP-1235_R1_trimmed.fastq.gz,/rhome/nicolel/bigdata/Fola/05_Pre-Processing/VSP-1235_R2_trimmed.fastq.gz
VSP-1371	/rhome/nicolel/bigdata/Fola/05_Pre-Processing/VSP-1371_R1_trimmed.fastq.gz,/rhome/nicolel/bigdata/Fola/05_Pre-Processing/VSP-1371_R2_trimmed.fastq.gz
VSP-1419	/rhome/nicolel/bigdata/Fola/05_Pre-Processing/VSP-1419_R1_trimmed.fastq.gz,/rhome/nicolel/bigdata/Fola/05_Pre-Processing/VSP-1419_R2_trimmed.fastq.gz
VSP-1426	/rhome/nicolel/bigdata/Fola/05_Pre-Processing/VSP-1426_R1_trimmed.fastq.gz,/rhome/nicolel/bigdata/Fola/05_Pre-Processing/VSP-1426_R2_trimmed.fastq.gz
VSP-1446	/rhome/nicolel/bigdata/Fola/05_Pre-Processing/VSP-1446_R1_trimmed.fastq.gz,/rhome/nicolel/bigdata/Fola/05_Pre-Processing/VSP-1446_R2_trimmed.fastq.gz
VSP-1507	/rhome/nicolel/bigdata/Fola/05_Pre-Processing/VSP-1507_R1_trimmed.fastq.gz,/rhome/nicolel/bigdata/Fola/05_Pre-Processing/VSP-1507_R2_trimmed.fastq.gz
VSP-1517	/rhome/nicolel/bigdata/Fola/05_Pre-Processing/VSP-1517_R1_trimmed.fastq.gz,/rhome/nicolel/bigdata/Fola/05_Pre-Processing/VSP-1517_R2_trimmed.fastq.gz
VSP-1522	/rhome/nicolel/bigdata/Fola/05_Pre-Processing/VSP-1522_R1_trimmed.fastq.gz,/rhome/nicolel/bigdata/Fola/05_Pre-Processing/VSP-1522_R2_trimmed.fastq.gz
VSP-1564	/rhome/nicolel/bigdata/Fola/05_Pre-Processing/VSP-1564_R1_trimmed.fastq.gz,/rhome/nicolel/bigdata/Fola/05_Pre-Processing/VSP-1564_R2_trimmed.fastq.gz
VSP-1725	/rhome/nicolel/bigdata/Fola/05_Pre-Processing/VSP-1725_R1_trimmed.fastq.gz,/rhome/nicolel/bigdata/Fola/05_Pre-Processing/VSP-1725_R2_trimmed.fastq.gz
VSP-1728	/rhome/nicolel/bigdata/Fola/05_Pre-Processing/VSP-1728_R1_trimmed.fastq.gz,/rhome/nicolel/bigdata/Fola/05_Pre-Processing/VSP-1728_R2_trimmed.fastq.gz
VSP-1735	/rhome/nicolel/bigdata/Fola/05_Pre-Processing/VSP-1735_R1_trimmed.fastq.gz,/rhome/nicolel/bigdata/Fola/05_Pre-Processing/VSP-1735_R2_trimmed.fastq.gz
VSP-1754	/rhome/nicolel/bigdata/Fola/05_Pre-Processing/VSP-1754_R1_trimmed.fastq.gz,/rhome/nicolel/bigdata/Fola/05_Pre-Processing/VSP-1754_R2_trimmed.fastq.gz
VSP-1758	/rhome/nicolel/bigdata/Fola/05_Pre-Processing/VSP-1758_R1_trimmed.fastq.gz,/rhome/nicolel/bigdata/Fola/05_Pre-Processing/VSP-1758_R2_trimmed.fastq.gz
VSP-1761	/rhome/nicolel/bigdata/Fola/05_Pre-Processing/VSP-1761_R1_trimmed.fastq.gz,/rhome/nicolel/bigdata/Fola/05_Pre-Processing/VSP-1761_R2_trimmed.fastq.gz
VSP-1850	/rhome/nicolel/bigdata/Fola/05_Pre-Processing/VSP-1850_R1_trimmed.fastq.gz,/rhome/nicolel/bigdata/Fola/05_Pre-Processing/VSP-1850_R2_trimmed.fastq.gz
VSP-1858	/rhome/nicolel/bigdata/Fola/05_Pre-Processing/VSP-1858_R1_trimmed.fastq.gz,/rhome/nicolel/bigdata/Fola/05_Pre-Processing/VSP-1858_R2_trimmed.fastq.gz
VSP-1860	/rhome/nicolel/bigdata/Fola/05_Pre-Processing/VSP-1860_R1_trimmed.fastq.gz,/rhome/nicolel/bigdata/Fola/05_Pre-Processing/VSP-1860_R2_trimmed.fastq.gz
VSP-1873	/rhome/nicolel/bigdata/Fola/05_Pre-Processing/VSP-1873_R1_trimmed.fastq.gz,/rhome/nicolel/bigdata/Fola/05_Pre-Processing/VSP-1873_R2_trimmed.fastq.gz
VSP-1889	/rhome/nicolel/bigdata/Fola/05_Pre-Processing/VSP-1889_R1_trimmed.fastq.gz,/rhome/nicolel/bigdata/Fola/05_Pre-Processing/VSP-1889_R2_trimmed.fastq.gz
VSP-1942	/rhome/nicolel/bigdata/Fola/05_Pre-Processing/VSP-1942_R1_trimmed.fastq.gz,/rhome/nicolel/bigdata/Fola/05_Pre-Processing/VSP-1942_R2_trimmed.fastq.gz
VSP-1958	/rhome/nicolel/bigdata/Fola/05_Pre-Processing/VSP-1958_R1_trimmed.fastq.gz,/rhome/nicolel/bigdata/Fola/05_Pre-Processing/VSP-1958_R2_trimmed.fastq.gz
VSP-1976	/rhome/nicolel/bigdata/Fola/05_Pre-Processing/VSP-1976_R1_trimmed.fastq.gz,/rhome/nicolel/bigdata/Fola/05_Pre-Processing/VSP-1976_R2_trimmed.fastq.gz
VSP-1986	/rhome/nicolel/bigdata/Fola/05_Pre-Processing/VSP-1986_R1_trimmed.fastq.gz,/rhome/nicolel/bigdata/Fola/05_Pre-Processing/VSP-1986_R2_trimmed.fastq.gz
VSP-1990	/rhome/nicolel/bigdata/Fola/05_Pre-Processing/VSP-1990_R1_trimmed.fastq.gz,/rhome/nicolel/bigdata/Fola/05_Pre-Processing/VSP-1990_R2_trimmed.fastq.gz
VSP-2017	/rhome/nicolel/bigdata/Fola/05_Pre-Processing/VSP-2017_R1_trimmed.fastq.gz,/rhome/nicolel/bigdata/Fola/05_Pre-Processing/VSP-2017_R2_trimmed.fastq.gz
VSP-2032	/rhome/nicolel/bigdata/Fola/05_Pre-Processing/VSP-2032_R1_trimmed.fastq.gz,/rhome/nicolel/bigdata/Fola/05_Pre-Processing/VSP-2032_R2_trimmed.fastq.gz
VSP-2044	/rhome/nicolel/bigdata/Fola/05_Pre-Processing/VSP-2044_R1_trimmed.fastq.gz,/rhome/nicolel/bigdata/Fola/05_Pre-Processing/VSP-2044_R2_trimmed.fastq.gz
