asmid	taxid	class	order	species	size_bp
GCA_001600815.1_JCM_7604_assembly_v001	54196	Alloascoideomycetes	Alloascoideales	Alloascoidea hylecoeti	24750437
GCA_030555715.1_ASM3055571v1	54196	Alloascoideomycetes	Alloascoideales	Alloascoidea hylecoeti	22809375
GCA_030581615.1_ASM3058161v1	27309	Alloascoideomycetes	Alloascoideales	Alloascoidea africana	23700382
GCA_964256665.1_public_SRR13685140_metabat2_bin.1	2488734	Arthoniomycetes	Arthoniales	Arthonia susa	22898054
GCA_049996255.1_ASM4999625v1	3127899	Arthoniomycetes		Arthoniomycetes sp. BF10	33096606
GCA_056506435.1_ASM5650643v1	3384825	Arthoniomycetes	Lichenostigmatales	Phaeococcomyces sp. EXF-18165	22020119
GCA_026023805.1_ASM2602380v1	460853	Candelariomycetes	Candelariales	Candelina mexicana	33725466
GCA_026026765.1_ASM2602676v1	1453791	Candelariomycetes	Candelariales	Pycnora praestabilis	24516431
GCA_026023795.1_ASM2602379v1	460854	Candelariomycetes	Candelariales	Candelina submexicana	22500995
GCA_026025825.1_ASM2602582v1	2939403	Coniocybomycetes	Coniocybales	Sclerophora amabilis	25042950
GCA_026023695.1_ASM2602369v1	164576	Coniocybomycetes	Coniocybales	Chaenotheca gracillima	22136836
GCA_030580325.1_ASM3058032v1	2866356	Dipodascomycetes	Dipodascales	Sugiyamaella sp. yHKS617	15988976
GCA_054122835.1_ASM5412283v1	1173061	Dipodascomycetes	Dipodascales	Geotrichum candidum	21601052
GCA_059623445.1_CSHL_YarrowiaLipolytica_E122_MATA	4952	Dipodascomycetes	Dipodascales	Yarrowia lipolytica	21019611
GCA_029531965.1_YarliY64008_1	4952	Dipodascomycetes	Dipodascales	Yarrowia lipolytica	20503409
GCA_035927325.1_ASM3592732v1	574655	Dothideomycetes	Mycosphaerellales	Elasticomyces elasticus	32446143
GCA_054600415.1_NU234_1.0	92988	Dothideomycetes	Neophaeothecales	Neophaeotheca triangularis	27690793
GCA_025541475.1_ASM2554147v1	45151	Dothideomycetes	Pleosporales	Pyrenophora tritici-repentis	32705571
GCA_021014315.1_SQU_Amang_1.1	2895399	Dothideomycetes	Dothideales	Aureobasidium mangrovei	23816183
GCA_047842025.1_ASM4784202v1	35725	Dothideomycetes	Botryosphaeriales	Macrophomina phaseolina	46664323
GCA_021030925.1_ASM2103092v1	364715	Dothideomycetes	Trypetheliales	Trypethelium eluteriae	30961167
GCA_017309325.2_ASM1730932v2	2601811	Dothideomycetes	Myriangiales	Elsinoe batatas	26493939
GCA_001692915.1_Glonium_stellatum_CBS_207.34_v1.0	574774	Dothideomycetes	Gloniales	Glonium stellatum	39972969
GCA_052324185.1_ASM5232418v1	1970646	Dothideomycetes	Cladosporiales	Cladosporium anthropophilum	30799545
GCA_003689225.1_ASM368922v1	5025	Dothideomycetes	Venturiales	Venturia inaequalis	72584607
GCA_003012245.1_Microcyclospora_tardicrescens_HJS1936_MTARD_contigs	766056	Dothideomycetes	Capnodiales	Microcyclospora tardicrescens	23646397
GCA_054600455.1_NU459_1.0	3468517	Dothideomycetes		Dothideomycetes sp. NU459	24488201
GCA_975972555.1_XD_vamb_bin3231_ASM_v1	3049356	Dothideomycetes	Tubeufiales	Tubeufia hainanensis	86093
GCA_010093515.1_Linrh1	578093	Dothideomycetes	Lineolatales	Lineolata rhizophorae	31128814
GCA_010093605.1_Lopmy1	390894	Dothideomycetes	Mytilinidiales	Lophium mytilinum	43389642
GCA_010015705.1_Aulhe2	1176131	Dothideomycetes	Aulographales	Aulographum hederae	31949272
GCA_000467715.1_ASM46771v1	1136866	Dothideomycetes	Hysteriales	Hysterium pulicare	38059238
GCA_019775845.1_ASM1977584v1	2791105	Dothideomycetes	Valsariales	Myrmaecium sp. VS I D KN 1	25814444
GCA_010405405.1_Micmi1	703497	Dothideomycetes	Microthyriales	Microthyrium microscopicum	37084685
GCF_010015585.1_Erebi1	1392243	Dothideomycetes	Eremomycetales	Eremomyces bilateralis	26849174
GCA_021030975.1_ASM2103097v1	1263500	Dothideomycetes	Lichenotheliales	Lichenothelia convexa	35557024
GCF_010093815.1_Psehy1	470096	Dothideomycetes	Acrospermales	Pseudovirgaria hyperparasitica	35411613
GCA_010093705.1_Patat1	1346257	Dothideomycetes	Patellariales	Patellaria atrata	28646471
GCA_010356995.1_Tribi1	703511	Dothideomycetes	Phaeotrichales	Trichodelitschia bisporula	25775798
GCA_030553175.1_ASM3055317v1	329885	Dothideomycetes	Mycosphaerellales	Friedmanniomyces endolithicus	45642619
GCA_054600435.1_NU230_1.0	92988	Dothideomycetes	Neophaeothecales	Neophaeotheca triangularis	25390007
GCA_011032825.1_Masph1	100035	Dothideomycetes	Pleosporales	Massariosphaeria phaeospora	42105601
GCA_004917425.1_ASM491742v1	5580	Dothideomycetes	Dothideales	Aureobasidium pullulans	27459728
GCA_022814505.1_ASM2281450v1	1295094	Eurotiomycetes	Eurotiales	Talaromyces liani	35392166
GCA_059571115.1_NRL_VPCI_TI51	2739387	Eurotiomycetes	Onygenales	Trichophyton indotineae	21977608
GCF_000836435.1_Fons_mult_CBS_102226_V1	1442371	Eurotiomycetes	Chaetothyriales	Fonsecaea multimorphosa	33444270
GCA_049996195.1_ASM4999619v1	3127905	Eurotiomycetes	Verrucariales	cf. Muellerella sp. BF14	28015147
GCA_964254495.1_public_SRR14722135_metabat2_bin.8	124099	Eurotiomycetes	Mycocaliciales	Mycocalicium subtile	20236142
GCA_002916945.1_ASM291694v1	1709936	Eurotiomycetes		Eurotiomycetes sp.	36606824
GCA_041228665.1_ASM4122866v1	2726395	Eurotiomycetes	Coryneliales	Pewenomyces kutranfy	29551015
GCA_001006345.1_UCRPA7V1.0	158046	Eurotiomycetes	Phaeomoniellales	Phaeomoniella chlamydospora	27213907
GCA_051942085.1_KEW_Pyoc	2977754	Eurotiomycetes	Pyrenulales	Pyrenula ochraceoflavens	33408781
GCA_015585755.1_ASM1558575v1	5075	Eurotiomycetes	Eurotiales	Penicillium camemberti	36377189
GCA_022829995.1_ASM2282999v1	1387563	Eurotiomycetes	Onygenales	Ophidiomyces ophidiicola	21376700
GCA_010883545.1_ASM1088354v1	5970	Eurotiomycetes	Chaetothyriales	Exophiala dermatitidis	26877490
GCA_000611755.1_Endpu1.0	364733	Eurotiomycetes	Verrucariales	Endocarpon pusillum	37173200
GCA_002917005.1_ASM291700v1	1709936	Eurotiomycetes		Eurotiomycetes sp.	24981230
GCA_041228645.1_ASM4122864v1	2996544	Eurotiomycetes	Coryneliales	Pewenomyces tapulicola	29737345
GCA_003868215.1_ASM386821v1	1671306	Eurotiomycetes	Phaeomoniellales	Pseudophaeomoniella oleicola	26293068
GCA_021030905.1_ASM2103090v1	1229178	Eurotiomycetes	Pyrenulales	Pyrenula massariospora	37857653
GCA_009687785.1_AsojTK84_1.0	41058	Eurotiomycetes	Eurotiales	Aspergillus sojae	40009296
GCA_057381085.1_ASM5738108v1	2739387	Eurotiomycetes	Onygenales	Trichophyton indotineae	22260331
GCA_016109975.1_ASM1610997v1	1851006	Eurotiomycetes	Chaetothyriales	Phialophora macrospora	32187870
GCA_964256245.1_public_SRR14722176_concoct_bin.30	1955123	Eurotiomycetes	Verrucariales	Verrucariales sp.	19199543
GCA_002917015.1_ASM291701v1	1709936	Eurotiomycetes		Eurotiomycetes sp.	22303598
GCA_041260115.1_ASM4126011v1	2996543	Eurotiomycetes	Coryneliales	Pewenomyces lalenivora	29957871
GCA_000590965.1_pch_scV1	1437857	Eurotiomycetes	Phaeomoniellales	Phaeomoniella chlamydospora	26588953
GCA_052059035.1_KEW_Pysp1	3060298	Eurotiomycetes	Pyrenulales	Pyrenula sp. 1 TL-2023	33851342
GCA_030035635.1_ASM3003563v1	70113	Eurotiomycetes	Eurotiales	Penicillium parvum	25766470
GCA_022831565.1_ASM2283156v1	1387563	Eurotiomycetes	Onygenales	Ophidiomyces ophidiicola	21562065
GCA_035928255.1_ASM3592825v1	2901252	Eurotiomycetes	Chaetothyriales	Exophiala sp. CCFEE 6169	29862917
GCA_964255345.1_public_SRR14722308_metabat2_bin.6	1484642	Eurotiomycetes	Verrucariales	Willeya diffractella	24619376
GCA_049996155.1_ASM4999615v1	3127904	Eurotiomycetes		Paracladophialophora sp. BF16	27450912
GCA_041228635.1_ASM4122863v1	2996543	Eurotiomycetes	Coryneliales	Pewenomyces lalenivora	29548823
GCA_021030945.1_ASM2103094v1	427130	Eurotiomycetes	Pyrenulales	Pyrenula aspistea	38974185
GCA_047663515.1_ASM4766351v1	3380382	Eurotiomycetes	Eurotiales	Penicillium sp. INA 01369	33696870
GCA_054684335.1_Sglo_1.0	315203	Geoglossomycetes	Geoglossales	Sarcoleotia globosa	30196838
GCA_022345685.2_ASM2234568v2	1167255	Geoglossomycetes		Nothomitra cinnamomea	45956743
GCA_026026815.1_ASM2602681v1	265104	Geoglossomycetes	Geoglossales	Trichoglossum hirsutum	35872256
GCA_009733715.1_ASM973371v1	1749284	Laboulbeniomycetes	Herpomycetales	Herpomyces periplanetae	14707478
GCA_052058935.1_KEW_Prru	258902	Lecanoromycetes	Lecanorales	Protoblastenia rupestris	23216232
GCA_964254685.1_public_SRR1531517_concoct_bin.16	83478	Lecanoromycetes	Pertusariales	Dibaeis baeomyces	33745127
GCA_964256945.1_public_SRR14722323_concoct_merged.0	2575987	Lecanoromycetes	Ostropales	Nadvornikia sorediata	29408163
GCA_023184575.1_ASM2318457v1	136370	Lecanoromycetes	Umbilicariales	Lasallia pustulata	18630287
GCA_051941785.1_KEW_Sevi	671929	Lecanoromycetes	Teloschistales	Seirophora villosa	22209528
GCA_039834615.1_ASM3983461v1	5180	Leotiomycetes	Helotiales	Sclerotinia sclerotiorum	38871158
GCA_000750745.1_DG6	1420906	Leotiomycetes	Thelebolales	Pseudogymnoascus sp. VKM F-4281 FW-2241	24818293
GCA_937863395.1_SRR6425773_bin.116_CONCOCT_v1.1_MAG	997665	Leotiomycetes		uncultured Pseudogymnoascus	22816130
GCA_037179295.1_NZFS_809	64355	Leotiomycetes	Marthamycetales	Cyclaneusma minus	35325423
GCA_964255385.1_public_SRR14722086_metabat2_bin.14	2691128	Lichinomycetes	Lichinales	Lichinales sp.	20387402
GCA_026054655.1_ASM2605465v1	174425	Lichinomycetes	Lichinales	Lichina confinis	25172334
GCA_026025055.1_ASM2602505v1	2796175	Lichinomycetes	Lichinales	Watsoniomyces obsoletus	23571943
GCA_030564845.1_ASM3056484v1	34357	Lipomycetes	Lipomycetales	Lipomyces kononenkoae	18079971
GCA_038497805.1_Lipmes1	56874	Lipomycetes	Lipomycetales	Lipomyces mesembrius	16707559
GCA_030571165.1_ASM3057116v1	54550	Lipomycetes	Lipomycetales	Myxozyma melibiosi	14775782
GCA_022457085.1_ASM2245708v1	2898426	NA		Saccharomycotina sp. CBS 16003	52158747
GCA_026055935.1_ASM2605593v1	2939405	NA	Vezdaeales	Vezdaea aestivalis	21448137
GCA_001599915.1_JCM_9740_assembly_v001	40220	NA	Symbiotaphrinales	Symbiotaphrina buchneri	23671200
GCA_001929475.1_NeoIirr1.0	1198029	Neolectomycetes	Neolectales	Neolecta irregularis	12298854
GCA_016906335.1_ASM1690633v1	2605921	Novakomycetes	Novakomycetales	Novakomyces olei	14339745
GCA_036872755.1_ASM3687275v1	1796055	Orbiliomycetes	Orbiliales	Orbilia blumenaviensis	42458278
GCA_012184315.1_ASM1218431v1	321852	Orbiliomycetes	Orbiliales	Arthrobotrys entomopaga	38279404
GCA_036971225.1_ASM3697122v1	314116	Orbiliomycetes	Orbiliales	Arthrobotrys sinensis	40621685
GCA_040803115.1_ASM4080311v1	2936820	Pezizomycetes	Pezizales	Neogyromitra grandis	27695754
GCA_056512565.1_Morhis1	2382056	Pezizomycetes	Pezizales	Morchella hispaniolensis	62728251
GCA_050495735.1_Tpan_genome	1263265	Pezizomycetes	Pezizales	Tuber panzhihuanense	118847597
GCA_030556455.1_ASM3055645v1	261282	Pichiomycetes	Serinales	Metschnikowia pimensis	17976633
GCA_030564055.1_ASM3056405v1	1185379	Pichiomycetes	Pichiales	Ogataea mattraensis	10477308
GCA_030567655.1_ASM3056765v1	1538178	Pichiomycetes	Alaninales	Nakazawaea ernobii	13097348
GCA_002105455.1_ASM210545v1	1699422	Pichiomycetes	Serinales	Hemisphaericaspora xylofermentans	15023458
GCA_023014605.1_ASM2301460v1	460519	Pichiomycetes	Pichiales	Komagataella phaffii	9312510
GCA_030704985.1_ASM3070498v1	1538180	Pichiomycetes	Alaninales	Nakazawaea laoshanensis	9159029
GCA_002370645.1_ASM237064v1	1807683	Pichiomycetes	Serinales	Metschnikowia sp. 00-154.1	20228080
GCA_023013225.1_ASM2301322v1	460519	Pichiomycetes	Pichiales	Komagataella phaffii	9339285
GCA_030567635.1_ASM3056763v1	1538186	Pichiomycetes	Alaninales	Nakazawaea wickerhamii	10777488
GCA_056149625.1_EIMB_Dhan_Wch_1.0	4959	Pichiomycetes	Serinales	Debaryomyces hansenii	12828623
GCA_023013355.1_ASM2301335v1	460519	Pichiomycetes	Pichiales	Komagataella phaffii	9323612
GCA_030557235.1_ASM3055723v1	1538184	Pichiomycetes	Alaninales	Nakazawaea populi	13519274
GCA_049637775.1_ASM4963777v1	498019	Pichiomycetes	Serinales	Candidozyma auris	12417915
GCA_030573155.1_ASM3057315v1	641392	Pichiomycetes	Pichiales	Ogataea xyloterini	8712537
GCA_003706265.2_ASM370626v2	36025	Pichiomycetes	Alaninales	Nakazawaea holstii	13334336
GCA_008275145.1_ASM827514v1	498019	Pichiomycetes	Serinales	Candidozyma auris	12431639
GCA_023012985.1_ASM2301298v1	460519	Pichiomycetes	Pichiales	Komagataella phaffii	9329283
GCA_024271865.1_ASM2427186v1	2518133	Pichiomycetes	Alaninales	Nakazawaea ambrosiae	13578893
GCA_002370495.1_ASM237049v1	1150643	Pichiomycetes	Serinales	Metschnikowia proteae	12250640
GCA_023013505.1_ASM2301350v1	460519	Pichiomycetes	Pichiales	Komagataella phaffii	9314435
GCA_030567735.1_ASM3056773v1	1538182	Pichiomycetes	Alaninales	Nakazawaea peltata	11220532
GCA_053901225.1_ASM5390122v1	3475846	Pichiomycetes	Serinales	Metschnikowia sp. DMKU-FF11	15944791
GCA_023015005.1_ASM2301500v1	460519	Pichiomycetes	Pichiales	Komagataella phaffii	9307279
GCA_030567755.1_ASM3056775v1	1538183	Pichiomycetes	Alaninales	Nakazawaea pomicola	12649574
GCA_030566535.1_ASM3056653v1	73518	Pichiomycetes	Serinales	Metschnikowia borealis	19305413
GCA_023012785.1_ASM2301278v1	460519	Pichiomycetes	Pichiales	Komagataella phaffii	9316035
GCA_001661245.1_Pacta1_2	669874	Pichiomycetes	Alaninales	Pachysolen tannophilus	12442232
GCA_056151655.1_ASM5615165v1	5476	Pichiomycetes	Serinales	Candida albicans	13588071
GCA_032359565.1_ASM3235956v1	4909	Pichiomycetes	Pichiales	Pichia kudriavzevii	9192135
GCA_030571255.1_ASM3057125v1	2866348	Pichiomycetes	Alaninales	Nakazawaea sp. yHDR128	11610158
GCA_057661865.1_ASM5766186v1	498019	Pichiomycetes	Serinales	Candidozyma auris	12238531
GCA_018127085.1_P2C.v1.0	2698480	Pneumocystomycetes	Pneumocystales	Pneumocystis sp. macacae	8274841
GCF_001477545.1_Pneu_cari_B80_V3	1408658	Pneumocystomycetes	Pneumocystales	Pneumocystis carinii	7660331
GCA_017788925.1_ASM1778892v1	2698477	Pneumocystomycetes	Pneumocystales	Pneumocystis canis	7382644
GCF_000243375.1_ASM24337v1	4950	Saccharomycetes	Saccharomycetales	Torulaspora delbrueckii	9220678
GCA_019321675.1_ASM1932167v1	4927	Saccharomycetes	Phaffomycetales	Hansenula anomala	13671194
GCA_031125665.1_ASM3112566v1	36036	Saccharomycetes	Ascoideales	Saccharomycopsis capsularis	17272959
GCA_037041795.1_ASM3704179v1	332229	Saccharomycetes	Saccharomycodales	Hanseniaspora pseudoguilliermondii	8514287
GCA_057557315.1_ASM5755731v1	1917782	Saccharomycetes		Saccharomycetes sp.	24061050
GCA_043790665.1_ASM4379066v1	5478	Saccharomycetes	Saccharomycetales	Nakaseomyces glabratus	12227677
GCA_003708265.3_ASM370826v3	51918	Saccharomycetes	Phaffomycetales	Williopsis vartiovaarae	11163664
GCA_031124825.1_ASM3112482v1	44085	Saccharomycetes	Ascoideales	Saccharomycopsis vini	17184976
GCA_937857875.1_SRR3017095_bin.66_CONCOCT_v1.1_MAG	29833	Saccharomycetes	Saccharomycodales	Hanseniaspora uvarum	8191410
GCA_937898345.1_SRR3997477_bin.88_CONCOCT_v1.1_MAG	362224	Saccharomycetes		uncultured Saccharomycetales	11947125
GCA_000167115.1_ASM16711v1	4914	Saccharomycetes	Saccharomycetales	Lachancea waltii	10506323
GCA_034641345.1_ASM3464134v1	4927	Saccharomycetes	Phaffomycetales	Hansenula anomala	17705764
GCA_030572175.1_ASM3057217v1	1301101	Saccharomycetes	Ascoideales	Ascoidea asiatica	19445172
GCA_900119595.1_version_1	56406	Saccharomycetes	Saccharomycodales	Hanseniaspora guilliermondii	9011817
GCA_003274465.1_ASM327446v1	4932	Saccharomycetes	Saccharomycetales	Saccharomyces cerevisiae	11601902
GCA_037041225.1_ASM3704122v1	4903	Saccharomycetes	Phaffomycetales	Williopsis jadinii	3182516
GCA_010994365.1_ASM1099436v1	44080	Saccharomycetes	Ascoideales	Saccharomycopsis schoenii	13778943
GCA_030570655.1_ASM3057065v1	36035	Saccharomycetes	Saccharomycodales	Saccharomycodes ludwigii	11270076
GCA_020313125.3_ASM2031312v3	51915	Saccharomycetes	Saccharomycetales	Maudiozyma humilis	19113864
GCA_003709245.3_ASM370924v3	907340	Saccharomycetes	Phaffomycetales	Williopsis saturnus	12643121
GCA_031126355.1_ASM3112635v1	43959	Saccharomycetes	Ascoideales	Saccharomycopsis crataegensis	14065555
GCA_004919925.1_ASM491992v1	29833	Saccharomycetes	Saccharomycodales	Hanseniaspora uvarum	8719135
GCA_001740115.1_ASM174011v1	4932	Saccharomycetes	Saccharomycetales	Saccharomyces cerevisiae	12029073
GCA_030557985.1_ASM3055798v1	1176389	Saccharomycetes	Phaffomycetales	Millerago ficus	12807387
GCA_030562025.1_ASM3056202v1	53486	Saccharomycetes	Ascoideales	Saccharomycopsis fermentans	13982044
GCA_000968475.1_Huva2.0	1246595	Saccharomycetes	Saccharomycodales	Hanseniaspora uvarum	9332563
GCA_947345275.1_NCYC3515	4932	Saccharomycetes	Saccharomycetales	Saccharomyces cerevisiae	11864061
GCA_051599425.1_Sai_col_YB2330_v1	1099800	Saitoellomycetes	Saitoellales	Saitoella coloradoensis	14066465
GCF_001661265.1_Saico1	698492	Saitoellomycetes	Saitoellales	Saitoella complicata	14136186
GCA_026026165.1_ASM2602616v1	273283	Sareomycetes	Sareales	Sarea resinae	25517000
GCA_006386355.1_EBC119_JB939_v01_pb	4896	Schizosaccharomycetes	Schizosaccharomycetales	Schizosaccharomyces pombe	12629480
GCA_036558985.1_ASM3655898v1	4896	Schizosaccharomycetes	Schizosaccharomycetales	Schizosaccharomyces pombe	12521788
GCF_000002945.2_ASM294v3	4896	Schizosaccharomycetes	Schizosaccharomycetales	Schizosaccharomyces pombe	12591253
GCA_019693695.1_ASM1969369v1	717645	Sordariomycetes	Glomerellales	Colletotrichum horii	74324508
GCA_011034805.1_ASM1103480v1	5507	Sordariomycetes	Hypocreales	Fusarium oxysporum	51722916
GCA_002276285.1_Lprolificans_pilon	41688	Sordariomycetes	Microascales	Lomentospora prolificans	37014131
GCA_050706855.1_ASM5070685v1	3385123	Sordariomycetes	Sordariales	Schizothecium sp. GE-2024h	31326138
GCA_965644035.1_DD_AS111_GENOME	148313	Sordariomycetes	Diaporthales	Discula destructiva	46887432
GCA_022432515.1_HyNC0597_1	2614607	Sordariomycetes	Xylariales	Hypoxylon sp. NC0597	35918646
GCA_016758845.1_ASM1675884v1	335854	Sordariomycetes	Amphisphaeriales	Nigrospora oryzae	43214190
GCA_002218475.1_P-0028	318829	Sordariomycetes	Magnaporthales	Pyricularia oryzae	42647548
GCA_007388145.1_STR0027598	2546457	Sordariomycetes	Coniochaetales	Coniochaeta endophytica	32222360
GCA_042257725.1_ASM4225772v1	5173	Sordariomycetes	Ophiostomatales	Sporothrix stenoceras	39555238
GCA_022813145.1_ASM2281314v1	1629402	Sordariomycetes	Barbatosphaeriales	Barbatosphaeria neglecta	35864453
GCA_027569505.1_ASM2756950v1	1095343	Sordariomycetes	Chaetosphaeriales	Chloridium humicola	29557501
GCA_022664585.2_ASM2266458v2	339359	Sordariomycetes	Lulworthiales	Zalerion maritima	58006480
GCA_025802115.2_ASM2580211v2	306125	Sordariomycetes	Coronophorales	Bertia moriformis	67845818
GCA_022376275.1_XylFL2044	2614609	Sordariomycetes		Xylariomycetidae sp. FL2044	47512185
GCA_011801745.1_ASM1180174v1	1825666	Sordariomycetes	Phyllachorales	Phyllachora maydis	39574251
GCA_051996615.1_ASM5199661v1	3414298	Sordariomycetes	Pleurotheciales	Echinodenticula allantospora	38337600
GCA_030052745.1_ASM3005274v1	41990	Sordariomycetes	Calosphaeriales	Pleurostoma richardsiae	39770934
GCF_000392275.1_UCRPA7V03	1286976	Sordariomycetes	Togniniales	Phaeoacremonium minimum	47265398
GCF_004353045.1_ASM435304v1	1093900	Sordariomycetes	Thyridiales	Thyridium curvatum	40287264
GCA_042366435.1_Acrth1	223376	Sordariomycetes	Cephalothecales	Phialemonium thermophilum	27000150
GCA_027942835.1_ASM2794283v1	912113	Sordariomycetes	Glomerellales	Colletotrichum tropicale	54377799
GCA_902827195.2_C_rosea_IK726	1349383	Sordariomycetes	Hypocreales	Clonostachys rosea	70713398
GCA_000712455.1_CMang1.0	929235	Sordariomycetes	Microascales	Ceratocystis manginecans	31519301
GCA_009804945.1_ASM980494v1	2306345	Sordariomycetes	Sordariales	Neurospora sp. FGSC 26633	38049934
GCA_014850475.1_ASM1485047v1	1208917	Sordariomycetes	Diaporthales	Cryphonectria naterciae	39362501
GCA_022695755.1_Annsty1	326628	Sordariomycetes	Xylariales	Annulohypoxylon stygium	38479214
GCA_038362815.1_ASM3836281v1	335852	Sordariomycetes	Amphisphaeriales	Apiospora arundinis	46925143
GCA_052857635.1_ASM5285763v1	318829	Sordariomycetes	Magnaporthales	Pyricularia oryzae	35905128
GCA_021432605.1_ConPMI546	1450552	Sordariomycetes	Coniochaetales	Coniochaeta sp. PMI_546	33498791
GCA_002917075.1_HLIG_V1.0	431200	Sordariomycetes	Ophiostomatales	Hawksworthiomyces lignivorus	43808781
GCA_046056245.1_ASM4605624v1	3252759	Sordariomycetes	Barbatosphaeriales	Ceratostomella melanospora	38724185
GCA_021432635.1_ThoPMI491_1	1506992	Sordariomycetes	Chaetosphaeriales	Thozetella sp. PMI_491	72843475
GCA_026745395.1_ASM2674539v1	714525	Sordariomycetes	Coronophorales	Tympanopsis confertula	72254590
GCA_060154425.1_ASM6015442v1	3126265	Sordariomycetes		Sordariomycetes sp. QZ-2024a	34001457
GCA_057190395.1_ASM5719039v1	1276059	Sordariomycetes	Phyllachorales	Polystigma amygdalinum	238746389
GCA_051820765.1_ASM5182076v1	3414288	Sordariomycetes	Pleurotheciales	Phaeoisaria parallela	37045013
GCA_018873225.1_ASM1887322v1	2796495	Sordariomycetes	Thyridiales	Phialemoniopsis sp. UDSM-2020	44188476
GCA_037044075.1_ASM3704407v1	1093899	Sordariomycetes	Cephalothecales	Phialemonium inflatum	29400544
GCA_056956795.1_ASM5695679v1	3020403	Sordariomycetes	Glomerellales	Colletotrichum nanhuaense	59987375
GCA_013435705.1_ASM1343570v1	40601	Sordariomycetes	Hypocreales	Claviceps paspali	29089460
GCA_003671435.1_ASM367143v1	124036	Sordariomycetes	Microascales	Berkeleyomyces basicola	25417793
GCA_050709455.2_ASM5070945v2	3415311	Sordariomycetes	Sordariales	Schizothecium sp. PSN970A-sp2	35687214
GCA_040285485.1_ASM4028548v1	83184	Sordariomycetes	Diaporthales	Diaporthe eres	60151756
GCA_022385655.1_Xylint1	492091	Sordariomycetes	Xylariales	Xylaria intraflava	35798242
GCA_038362885.1_ASM3836288v1	335849	Sordariomycetes	Amphisphaeriales	Apiospora marii	50281590
GCA_052858355.1_ASM5285835v1	318829	Sordariomycetes	Magnaporthales	Pyricularia oryzae	35799147
GCA_030052785.1_ASM3005278v1	91930	Sordariomycetes	Coniochaetales	Coniochaeta hoffmannii	32658771
GCA_059058605.1_ASM5905860v1	108461	Sordariomycetes	Ophiostomatales	Ophiostoma quercus	32022510
GCA_046056215.1_ASM4605621v1	3252758	Sordariomycetes	Barbatosphaeriales	Ceratostomella crypta	48105284
GCA_051168795.1_ASM5116879v1	3139272	Sordariomycetes	Chaetosphaeriales	Menisporopsis sp. LCM1078	58243791
GCA_011319215.2_ASM1131921v2	714430	Sordariomycetes	Coronophorales	Scortechinia acanthostroma	43281960
GCA_029295075.1_ASM2929507v1	1709940	Sordariomycetes		Sordariomycetes sp.	36884636
GCA_029339225.1_ASM2933922v1	1825666	Sordariomycetes	Phyllachorales	Phyllachora maydis	64389245
GCA_051996655.1_ASM5199665v1	3414986	Sordariomycetes	Pleurotheciales	Pleurotheciella sp. MK-2025a	40970148
GCF_030411735.1_Phiatr1	1093897	Sordariomycetes	Cephalothecales	Phialemonium atrogriseum	33590013
GCA_054182925.1_ASM5418292v1	27337	Sordariomycetes	Glomerellales	Verticillium dahliae	36126899
GCA_002894005.2_ASM289400v2	48490	Sordariomycetes	Hypocreales	Fusarium circinatum	44493481
GCA_038382865.1_ASM3838286v1	2019550	Sordariomycetes	Microascales	Ceratocystis lukuohia	27561287
GCA_009803145.1_ASM980314v1	94610	Sordariomycetes	Sordariales	Neurospora tetraspora	43679019
GCA_014851215.1_ASM1485121v1	5116	Sordariomycetes	Diaporthales	Cryphonectria parasitica	43362820
GCA_022578765.1_XylFL0933	2614584	Sordariomycetes	Xylariales	Xylaria sp. FL0933	46337947
GCA_030579615.1_ASM3057961v1	54094	Sporopachydermiomycetes	Sporopachydermiales	Sporopachydermia quercuum	16382354
GCA_001599295.1_JCM_9486_assembly_v001	54094	Sporopachydermiomycetes	Sporopachydermiales	Sporopachydermia quercuum	16409928
GCA_030579575.1_ASM3057957v1	45794	Sporopachydermiomycetes	Sporopachydermiales	Sporopachydermia lactativora	15833813
GCA_008802775.1_ASM880277v1	203079	Taphrinomycetes	Taphrinales	Taphrina betulina	12463877
GCA_003717175.1_ASM371717v1	48147	Taphrinomycetes	Taphrinales	Protomyces macrosporus	13016267
GCA_051599415.1_Sav_pha_PYCC9005_v1	3025216	Taphrinomycetes	Taphrinales	Savitreella phatthalungensis	12735194
GCA_030462865.1_ASM3046286v1	1326894	Trigonopsidomycetes	Trigonopsidales	Tortispora agaves	8648348
GCA_030582095.1_ASM3058209v1	45603	Trigonopsidomycetes	Trigonopsidales	Trigonopsis vinaria	11143200
GCA_030570615.1_ASM3057061v1	1326892	Trigonopsidomycetes	Trigonopsidales	Tortispora mauiana	9160456
GCA_026023565.1_ASM2602356v1	1130053	Xylobotryomycetes	Xylobotryales	Cirrosporium novae-zelandiae	31391333
GCF_001619985.1_Xylona_heveae_TC161_v1.0	1328760	Xylonomycetes	Xylonales	Xylona heveae	24335196
