set	id	shipped_Plus	shipped_Minus	cand_Plus	cand_Minus	delta_best	delta_margin
training	REF|101119_atcc11807_MAT_Minus|gene0|sexM	67.9	228.3	68.6	230.5	2.2	-1.5
training	REF|101119_atcc11807_MAT_Plus|gene0|sexP	293.0	66.6	293.0	67.4	0.0	-0.8
training	REF|29922_cbs109-16_MAT_Minus|gene1|sexM	65.6	247.0	64.5	248.1	1.1	-2.2
training	REF|3108396_ai-2023a_MAT_Plus|gene2|sexP	314.4	65.8	317.5	66.2	3.2	2.8
training	REF|3231046_uomau377_MAT_Minus|gene1|sexM	46.3	186.0	47.0	187.4	1.4	-0.7
training	REF|3231046_uomd23-19_MAT_Plus|gene1|sexP	277.1	58.4	275.8	58.6	-1.4	-1.5
training	REF|35722_atcc11077_MAT_Minus|gene0|sexM	44.0	191.1	43.6	191.2	0.1	-0.5
training	REF|36080_nrrl-3631_MAT_Plus|gene1|sexP	364.2	54.4	370.7	54.2	6.5	6.7
training	REF|36080_r7b_MAT_Minus|gene1|sexM	45.5	172.1	46.1	171.5	-0.6	1.1
training	REF|4837_nrrl1555_MAT_Minus|gene1|sexM	72.7	248.6	72.1	249.4	0.8	-1.4
training	REF|4837_ubc21_MAT_Plus|gene1|sexP	309.8	71.7	313.7	72.4	3.9	3.2
training	REF|4850_vkm-f-921_MAT_Minus|gene0|sexM	68.1	227.4	65.2	227.4	0.0	-2.9
training	REF|64495_cbs110-17_MAT_Minus|gene1|sexM	70.6	240.3	71.2	245.4	5.1	-4.5
training	REF|64495_cbs346-36_MAT_Plus|gene2|sexP	362.3	59.5	353.6	59.9	-8.7	-9.1
training	REF|86630_cbs357-93_MAT_Minus|gene0|sexM	69.3	216.1	69.7	216.6	0.5	-0.1
training	GCA_000401635.1_Muco_sp_1006Ph_V1:c0:m0|sexP|genus=Mucor	380.6	52.5	387.9	52.8	7.3	7.0
training	GCA_000534915.1_ASM53491v1:c0:t0|sexP|genus=Umbelopsis	94.5	45.3	95.1	43.7	0.6	2.2
training	GCA_000696935.1_MucCirB8987-1.0:c0:m0|sexP|genus=Mucor	379.4	52.3	386.5	52.7	7.1	6.7
training	GCA_000697035.1_RhiStoB9770-1.0:c0:m0|sexP|genus=Rhizopus	329.2	54.3	329.3	54.8	0.2	-0.3
training	GCA_000697095.1_RhiDel18148-1.0:c0:m0|sexP|genus=Rhizopus	366.1	60.4	359.0	60.9	-7.0	-7.5
training	GCA_000697115.1_RhiOry21396-1.0:c0:m0|sexP|genus=Rhizopus	365.5	59.9	358.5	60.2	-7.0	-7.2
training	GCA_000697135.1_RhiOry99-133-1.0:c0:m0|sexP|genus=Rhizopus	366.5	60.6	359.4	60.8	-7.0	-7.2
training	GCA_000697215.1_CunBer175-1.0:c0:m0|sexP|genus=Cunninghamella	268.2	57.6	265.8	58.0	-2.5	-2.8
training	GCA_000697255.1_MucRacB9645-1.0:c1:m0|sexP|genus=Mucor	331.1	61.0	330.5	60.6	-0.6	-0.3
training	GCA_000697415.1_UmbIsaB7317-1.0:c0:t0|sexP|genus=Umbelopsis	92.7	25.3	89.3	25.2	-3.4	-3.3
training	GCA_000738565.1_RhiAzyB7455-1.0:c0:m0|sexP|genus=Rhizopus	332.5	65.6	332.6	65.7	0.0	-0.0
training	GCA_000738595.1_RhiDel21447-1.0:c0:m0|sexP|genus=Rhizopus	360.0	62.6	354.8	63.5	-5.2	-6.2
training	GCA_000787465.1_ASM78746v1:h5:m0|sexP|genus=Thermomucor	264.9	63.7	265.6	63.8	0.7	0.6
training	GCA_000825725.1_Rmicro_CBS_344.29_Allpaths-LG:c1:m0|sexP|genus=Rhizopus	329.7	60.9	330.1	60.6	0.4	0.7
training	GCA_000938895.1_PP.v1:c0:m0|sexP|genus=Parasitella	361.5	55.5	365.9	56.0	4.4	3.9
training	GCA_000950595.1_ASM95059v1:c0:m0|sexP|genus=Mucor	371.4	55.2	376.4	55.1	5.1	5.2
training	GCA_001599635.1_JCM_22485_assembly_v001:c0:m0|sexP|genus=Actinomucor	336.6	56.2	339.5	56.3	2.8	2.7
training	GCA_001683725.1_ASM168372v1:c0:m0|sexP|genus=Choanephora	323.7	58.0	329.9	58.3	6.2	6.0
training	GCA_002105135.1_Synrac1:h10:t0|sexP|genus=Syncephalastrum	171.9	36.3	174.3	37.2	2.3	1.4
training	GCA_002105175.1_Absrep1:c0:m0|sexP|genus=Absidia	282.1	63.2	282.5	63.4	0.4	0.3
training	GCA_003325415.1_Rstol_CA:c1:m0|sexP|genus=Rhizopus	192.8	14.8	198.7	14.9	5.9	5.9
training	GCA_011763935.1_ASM1176393v1:c0:m0|sexP|genus=Rhizopus	365.4	59.8	358.4	60.0	-7.0	-7.2
training	GCA_011763975.1_ASM1176397v1:c0:m0|sexP|genus=Rhizopus	366.9	60.3	359.8	61.1	-7.0	-7.8
training	GCA_011950985.2_ASM1195098v2:c0:m0|sexP|genus=Rhizopus	365.8	60.3	358.8	60.2	-7.0	-6.9
training	GCA_014839865.1_ASM1483986v1:c0:m0|sexP|genus=Apophysomyces	199.3	62.2	198.6	62.3	-0.7	-0.8
training	GCA_016758905.1_ASM1675890v1:c1:t0|sexP|genus=Umbelopsis	73.0	18.4	73.6	18.4	0.7	0.7
training	GCA_016758935.1_ASM1675893v1:c0:m0|sexP|genus=Thamnidium	346.9	74.3	349.9	74.3	3.0	3.0
training	GCA_016758985.1_ASM1675898v1:c0:m0|sexP|genus=Mucor	370.9	72.1	374.2	71.6	3.3	3.8
training	GCA_017871115.1_ASM1787111v1:c0:m0|sexP|genus=Cunninghamella	276.2	73.2	275.7	72.9	-0.5	-0.3
training	GCA_021235465.1_Umbelo1:c0:t0|sexP|genus=Umbelopsis	154.0	25.1	153.2	25.1	-0.8	-0.8
training	GCA_022702545.1_SJTU-YXQ:w0:t15|sexP|genus=Phycomyces	53.2	11.1	53.9	11.0	0.7	0.7
training	GCA_023629835.1_ASM2362983v1:c0:m0|sexP|genus=Mucor	380.5	52.1	387.8	52.5	7.3	7.0
training	GCA_024139275.1_ASM2413927v1:w1:m0|sexP|genus=Backusella	312.1	67.6	310.8	67.7	-1.2	-1.3
training	GCA_024140155.1_ASM2414015v1:c0:m0|sexP|genus=Backusella	324.9	65.4	322.2	65.5	-2.7	-2.8
training	GCA_024140245.1_ASM2414024v1:c0:m0|sexP|genus=Backusella	324.4	67.9	324.5	68.1	0.1	-0.1
training	GCA_024294565.1_ASM2429456v1:c0:m0|sexP|genus=Gilbertella	324.5	53.8	332.0	53.7	7.5	7.6
training	GCA_025201675.1_Cunech1:c0:m0|sexP|genus=Cunninghamella	280.1	72.2	279.1	71.9	-1.0	-0.7
training	GCA_025330725.1_Chlpad1:c0:m0|sexP|genus=Chlamydoabsidia	273.7	64.1	275.1	64.3	1.5	1.4
training	GCA_025331435.1_Chocucu1:c0:m0|sexP|genus=Choanephora	324.2	59.7	330.1	60.0	5.9	5.6
training	GCA_025399235.1_Bacci1:c0:m0|sexP|genus=Backusella	307.3	65.3	305.8	65.4	-1.5	-1.6
training	GCA_025528865.1_Pilumb1:c0:m0|sexP|genus=Pilobolus	207.1	59.9	210.1	59.9	3.1	3.0
training	GCA_025529335.1_ASM2552933v1:c1:m0|sexP|genus=Rhizopus	327.9	55.3	327.3	54.9	-0.7	-0.2
training	GCA_025531835.1_PnitS608_1:c0:m0|sexP|genus=Phycomyces	306.0	71.1	308.3	71.3	2.3	2.1
training	GCA_025677825.1_Helpul1:c0:m0|sexP|genus=Helicostylum	360.6	69.1	362.6	68.1	2.0	3.1
training	GCA_025716815.1_Dicele1:h5:t1|sexP|genus=Dichotomocladium	184.6	44.1	183.6	43.9	-1.0	-0.8
training	GCA_025716855.1_Pilano1:c0:m0|sexP|genus=Pilaira	355.2	64.9	358.1	65.4	2.9	2.4
training	GCA_025766325.1_Benpoi1:h10:m0|sexP|genus=Benjaminiella	352.4	57.9	359.5	57.4	7.1	7.6
training	GCA_027595865.1_Umbelopsis_isabellina_MPG-14A_reass_enz:c0:t0|sexP|genus=Umbelopsis	96.7	28.6	100.3	28.5	3.6	3.7
training	GCA_040209145.1_PhyblU21_2:c0:m0|sexP|genus=Phycomyces	309.8	71.7	313.7	72.4	3.9	3.2
training	GCA_040366295.1_Hpulcur_1.0:c0:m0|sexP|genus=Helicostylum	362.5	69.2	364.5	68.2	2.0	3.1
training	GCA_040367835.1_Mfluvus_1.0:c0:m0|sexP|genus=Mucor	341.6	70.9	346.8	71.0	5.2	5.1
training	GCA_048772875.1_ASM4877287v1:c0:m0|sexP|genus=Mucor	382.4	53.4	389.5	53.4	7.1	7.1
training	GCA_049863895.1_ASM4986389v1:c0:m0|sexP|genus=Rhizopus	366.1	60.1	359.1	60.0	-7.0	-6.9
training	GCA_051307255.1_Mcir_PS15p_1.0:c0:m0|sexP|genus=Mucor	381.2	52.2	388.3	53.7	7.1	5.6
training	GCA_052058895.1_MBAN_PS3_1.0:c0:m0|sexP|genus=Mucor	367.4	58.4	375.0	58.4	7.6	7.5
training	GCA_054123175.1_ASM5412317v1:c0:m0|sexP|genus=Mucor	334.4	55.2	338.7	55.4	4.3	4.1
training	GCA_054130635.1_ASM5413063v1:c0:t0|sexP|genus=Cunninghamella	242.9	44.9	240.0	45.5	-2.9	-3.5
training	GCA_057662165.1_ASM5766216v1:c0:m0|sexP|genus=Rhizopus	359.4	64.1	354.1	64.6	-5.3	-5.8
training	GCA_060309255.1_CBS195.68v1:c0:m0|sexP|genus=Mucor	382.4	52.2	389.5	53.7	7.1	5.6
training	GCA_060309305.1_CBS205.68v1:c0:m0|sexP|genus=Mucor	367.9	53.6	372.8	53.4	4.9	5.1
training	GCA_900175165.2_FCH_5_7:h6:t0|sexP|genus=Rhizomucor	203.3	64.9	204.5	65.0	1.1	1.1
training	GCA_900175165.2_FCH_5_7:h1:t0|sexP|genus=Rhizomucor	197.5	66.1	198.6	66.2	1.0	0.9
training	GCA_900175165.2_FCH_5_7:h3:t0|sexP|genus=Rhizomucor	121.4	62.4	122.1	62.5	0.7	0.6
training	GCA_977110945.1_gzUmbRama1:c0:t2|sexP|genus=Umbelopsis	134.2	33.3	133.2	33.2	-0.9	-0.9
training	GCA_977110985.1_gzRhiStol1:c0:m0|sexP|genus=Rhizopus	335.4	50.4	333.2	50.4	-2.2	-2.2
training	GCF_002708625.1_Rhimi1_1:c0:m0|sexP|genus=Rhizopus	325.0	66.7	324.2	66.9	-0.8	-1.1
training	GCF_025094135.1_Mucmuc1:c0:m0|sexP|genus=Mucor	371.0	70.9	373.8	70.4	2.8	3.2
training	GCF_025118155.1_Cokrec1:w1:m0|sexP|genus=Cokeromyces	349.0	58.4	353.5	59.1	4.4	3.7
training	GCF_025331425.1_Radspe1:w0:m0|sexP|genus=Radiomyces	311.2	73.3	316.6	72.9	5.3	5.8
training	GCF_025528875.1_Mycafr1:c0:m0|sexP|genus=Mycotypha	290.6	56.9	293.2	57.0	2.6	2.6
zygo23_heldout	ZYGO|Absidia_cuneospora_RSA_623_Plus|Plus|FBU52_008426-T1	0.0	0.0	0.0	0.0	0.0	0.0
zygo23_heldout	ZYGO|Absidia_cuneospora_RSA_623_Plus|Plus|FBU52_008427-T1	0.0	0.0	0.0	0.0	0.0	0.0
zygo23_heldout	ZYGO|Absidia_cuneospora_RSA_623_Plus|Plus|FBU52_008428-T1	171.4	60.4	171.9	60.7	0.5	0.2
zygo23_heldout	ZYGO|Absidia_cuneospora_RSA_623_Plus|Plus|FBU52_008429-T1	0.0	0.0	0.0	0.0	0.0	0.0
zygo23_heldout	ZYGO|Absidia_cuneospora_RSA_623_Plus|Plus|FBU52_008430-T1	0.0	0.0	0.0	0.0	0.0	0.0
zygo23_heldout	ZYGO|Actinomucor_sp._NRRL_A-23671|Plus|FBU17_008420-T1	0.0	0.0	0.0	0.0	0.0	0.0
zygo23_heldout	ZYGO|Actinomucor_sp._NRRL_A-23671|Plus|FBU17_008421-T1	326.2	52.8	332.6	53.3	6.4	5.9
zygo23_heldout	ZYGO|Actinomucor_sp._NRRL_A-23671|Plus|FBU17_008422-T1	0.0	0.0	0.0	0.0	0.0	0.0
zygo23_heldout	ZYGO|Actinomucor_sp._NRRL_A-23671|Plus|FBU17_008423-T1	0.0	0.0	0.0	0.0	0.0	0.0
zygo23_heldout	ZYGO|Actinomucor_sp._NRRL_A-23671|Plus|FBU17_008424-T1	0.0	0.0	0.0	0.0	0.0	0.0
zygo23_heldout	ZYGO|Circinomucor_circinelloides_NRRL_22899|Plus|FB648_007761-T1	0.0	0.0	0.0	0.0	0.0	0.0
zygo23_heldout	ZYGO|Circinomucor_circinelloides_NRRL_22899|Plus|FB648_007762-T1	0.0	0.0	0.0	0.0	0.0	0.0
zygo23_heldout	ZYGO|Circinomucor_circinelloides_NRRL_22899|Plus|FB648_007763-T1	0.0	0.0	0.0	0.0	0.0	0.0
zygo23_heldout	ZYGO|Circinomucor_circinelloides_NRRL_22899|Plus|FB648_007764-T1	299.1	53.4	305.4	53.7	6.3	6.0
zygo23_heldout	ZYGO|Circinomucor_circinelloides_NRRL_22899|Plus|FB648_007765-T1	0.0	0.0	0.0	0.0	0.0	0.0
zygo23_heldout	ZYGO|Cunninghamella_echinulata_NRRL_1386|Plus|FB638_007187-T1	0.0	0.0	0.0	0.0	0.0	0.0
zygo23_heldout	ZYGO|Cunninghamella_echinulata_NRRL_1386|Plus|FB638_007188-T1	0.1	0.0	0.0	0.0	-0.1	-0.1
zygo23_heldout	ZYGO|Cunninghamella_echinulata_NRRL_1386|Plus|FB638_007189-T1	190.7	74.0	191.6	73.9	0.8	0.9
zygo23_heldout	ZYGO|Cunninghamella_echinulata_NRRL_1386|Plus|FB638_007190-T1	0.0	0.0	0.0	0.0	0.0	0.0
zygo23_heldout	ZYGO|Cunninghamella_echinulata_NRRL_1386|Plus|FB638_007191-T1	0.0	0.0	0.0	0.0	0.0	0.0
zygo23_heldout	ZYGO|Cunninghamella_echinulata_RSA_2017_Plus|Plus|FBN38_004306-T1	0.0	0.0	0.0	0.0	0.0	0.0
zygo23_heldout	ZYGO|Cunninghamella_echinulata_RSA_2017_Plus|Plus|FBN38_004307-T1	0.0	0.0	0.0	0.0	0.0	0.0
zygo23_heldout	ZYGO|Cunninghamella_echinulata_RSA_2017_Plus|Plus|FBN38_004308-T1	206.7	70.5	208.2	70.4	1.5	1.6
zygo23_heldout	ZYGO|Cunninghamella_echinulata_RSA_2017_Plus|Plus|FBN38_004309-T1	0.0	1.0	0.1	1.5	0.5	-0.4
zygo23_heldout	ZYGO|Cunninghamella_echinulata_RSA_2017_Plus|Plus|FBN38_004310-T1	0.0	0.0	0.0	0.0	0.0	0.0
zygo23_heldout	ZYGO|Cunninghamella_japonica_NRRL_2463|Plus|H4W96_006997-T1	0.0	0.0	0.0	0.0	0.0	0.0
zygo23_heldout	ZYGO|Cunninghamella_japonica_NRRL_2463|Plus|H4W96_006998-T1	0.0	0.6	0.0	0.7	0.0	0.0
zygo23_heldout	ZYGO|Cunninghamella_japonica_NRRL_2463|Plus|H4W96_006999-T1	188.0	72.7	189.4	72.7	1.4	1.4
zygo23_heldout	ZYGO|Cunninghamella_japonica_NRRL_2463|Plus|H4W96_007000-T1	0.7	0.0	0.0	0.0	-0.7	-0.7
zygo23_heldout	ZYGO|Cunninghamella_japonica_NRRL_2463|Plus|H4W96_007001-T1	0.0	0.0	0.0	0.0	0.0	0.0
zygo23_heldout	ZYGO|Mucor_alternans_NRRL_A-15142|Plus|FBW89_008964-T1	0.0	0.0	0.0	0.0	0.0	0.0
zygo23_heldout	ZYGO|Mucor_alternans_NRRL_A-15142|Plus|FBW89_008965-T1	324.6	53.1	331.1	53.8	6.6	5.8
zygo23_heldout	ZYGO|Mucor_alternans_NRRL_A-15142|Plus|FBW89_008966-T1	0.0	0.0	0.0	0.0	0.0	0.0
zygo23_heldout	ZYGO|Mucor_alternans_NRRL_A-15142|Plus|FBW89_008967-T1	0.0	0.0	0.0	0.0	0.0	0.0
zygo23_heldout	ZYGO|Mucor_alternans_NRRL_A-15142|Plus|FBW89_008968-T1	0.0	0.0	0.0	0.0	0.0	0.0
zygo23_heldout	ZYGO|Mucor_circinelloides_var._griseocyanus_NRRL_1416|Plus|IWY18_008080-T1	0.0	0.0	0.0	0.0	0.0	0.0
zygo23_heldout	ZYGO|Mucor_circinelloides_var._griseocyanus_NRRL_1416|Plus|IWY18_008081-T1	0.0	0.0	0.0	0.0	0.0	0.0
zygo23_heldout	ZYGO|Mucor_circinelloides_var._griseocyanus_NRRL_1416|Plus|IWY18_008082-T1	370.0	56.1	375.1	56.4	5.1	4.9
zygo23_heldout	ZYGO|Mucor_circinelloides_var._griseocyanus_NRRL_1416|Plus|IWY18_008083-T1	0.0	0.0	0.0	0.0	0.0	0.0
zygo23_heldout	ZYGO|Mucor_sp._NRRL_A-14906|Plus|FBX37_009000-T1	0.0	0.0	0.0	0.0	0.0	0.0
zygo23_heldout	ZYGO|Mucor_sp._NRRL_A-14906|Plus|FBX37_009001-T1	324.6	53.1	331.1	53.8	6.6	5.8
zygo23_heldout	ZYGO|Mucor_sp._NRRL_A-14906|Plus|FBX37_009002-T1	0.0	0.0	0.0	0.0	0.0	0.0
zygo23_heldout	ZYGO|Mucor_sp._NRRL_A-14906|Plus|FBX37_009003-T1	0.0	0.0	0.0	0.0	0.0	0.0
zygo23_heldout	ZYGO|Mucor_sp._NRRL_A-14906|Plus|FBX37_009004-T1	0.0	0.0	0.0	0.0	0.0	0.0
zygo23_heldout	ZYGO|Mucor_sp._NRRL_A-21230|Plus|FBX41_008788-T1	0.0	0.0	0.0	0.0	0.0	0.0
zygo23_heldout	ZYGO|Mucor_sp._NRRL_A-21230|Plus|FBX41_008789-T1	324.6	53.1	331.1	53.8	6.6	5.8
zygo23_heldout	ZYGO|Mucor_sp._NRRL_A-21230|Plus|FBX41_008790-T1	0.0	0.0	0.0	0.0	0.0	0.0
zygo23_heldout	ZYGO|Mucor_sp._NRRL_A-21230|Plus|FBX41_008791-T1	0.0	0.0	0.0	0.0	0.0	0.0
zygo23_heldout	ZYGO|Mucor_sp._NRRL_A-21230|Plus|FBX41_008792-T1	0.0	0.0	0.0	0.0	0.0	0.0
zygo23_heldout	ZYGO|Mucor_sp._NRRL_A-21232|Plus|FBX42_008738-T1	0.0	0.0	0.0	0.0	0.0	0.0
zygo23_heldout	ZYGO|Mucor_sp._NRRL_A-21232|Plus|FBX42_008739-T1	0.0	0.0	0.0	0.0	0.0	0.0
zygo23_heldout	ZYGO|Mucor_sp._NRRL_A-21232|Plus|FBX42_008740-T1	0.0	0.0	0.0	0.0	0.0	0.0
zygo23_heldout	ZYGO|Mucor_sp._NRRL_A-21232|Plus|FBX42_008741-T1	324.6	53.1	331.1	53.8	6.6	5.8
zygo23_heldout	ZYGO|Mucor_sp._NRRL_A-21232|Plus|FBX42_008742-T1	0.0	0.0	0.0	0.0	0.0	0.0
zygo23_heldout	ZYGO|Mucor_sp._NRRL_A-21236|Plus|FBX43_008686-T1	0.0	0.0	0.0	0.0	0.0	0.0
zygo23_heldout	ZYGO|Mucor_sp._NRRL_A-21236|Plus|FBX43_008687-T1	298.9	53.0	305.2	53.3	6.3	6.0
zygo23_heldout	ZYGO|Mucor_sp._NRRL_A-21236|Plus|FBX43_008688-T1	0.0	0.0	0.0	0.0	0.0	0.0
zygo23_heldout	ZYGO|Mucor_sp._NRRL_A-21236|Plus|FBX43_008689-T1	0.0	0.0	0.0	0.0	0.0	0.0
zygo23_heldout	ZYGO|Mucor_sp._NRRL_A-21236|Plus|FBX43_008690-T1	0.0	0.0	0.0	0.0	0.0	0.0
zygo23_heldout	ZYGO|Mucor_sp._NRRL_A-25970|Plus|FBX49_008467-T1	0.0	0.0	0.0	0.0	0.0	0.0
zygo23_heldout	ZYGO|Mucor_sp._NRRL_A-25970|Plus|FBX49_008468-T1	0.0	0.0	0.0	0.0	0.0	0.0
zygo23_heldout	ZYGO|Mucor_sp._NRRL_A-25970|Plus|FBX49_008469-T1	0.0	0.0	0.0	0.0	0.0	0.0
zygo23_heldout	ZYGO|Mucor_sp._NRRL_A-25970|Plus|FBX49_008470-T1	299.1	53.4	305.4	53.7	6.3	6.0
zygo23_heldout	ZYGO|Mucor_sp._NRRL_A-25970|Plus|FBX49_008471-T1	0.0	0.0	0.0	0.0	0.0	0.0
zygo23_heldout	ZYGO|Phycomyces_blakesleeanus_Burgeff_NRRL_1465|Plus|FBX89_005442-T1	0.0	0.0	0.0	0.0	0.0	0.0
zygo23_heldout	ZYGO|Phycomyces_blakesleeanus_Burgeff_NRRL_1465|Plus|FBX89_005443-T1	0.0	0.0	0.0	0.0	0.0	0.0
zygo23_heldout	ZYGO|Phycomyces_blakesleeanus_Burgeff_NRRL_1465|Plus|FBX89_005444-T1	241.7	73.3	245.3	74.0	3.6	2.9
zygo23_heldout	ZYGO|Phycomyces_blakesleeanus_Burgeff_NRRL_1465|Plus|FBX89_005445-T1	0.0	0.0	0.0	0.0	0.0	0.0
zygo23_heldout	ZYGO|Phycomyces_blakesleeanus_Burgeff_NRRL_1465|Plus|FBX89_005446-T1	0.0	0.0	0.0	0.0	0.0	0.0
zygo23_heldout	ZYGO|Phycomyces_blakesleeanus_Burgeff_var._piloboloides_NRRL_2566|Plus|FB643_006859-T1	0.0	0.0	0.0	0.0	0.0	0.0
zygo23_heldout	ZYGO|Phycomyces_blakesleeanus_Burgeff_var._piloboloides_NRRL_2566|Plus|FB643_006860-T1	278.4	71.9	279.0	72.6	0.6	-0.1
zygo23_heldout	ZYGO|Phycomyces_blakesleeanus_Burgeff_var._piloboloides_NRRL_2566|Plus|FB643_006861-T1	0.0	0.0	0.0	0.0	0.0	0.0
zygo23_heldout	ZYGO|Phycomyces_blakesleeanus_Burgeff_var._piloboloides_NRRL_2566|Plus|FB643_006862-T1	0.0	0.0	0.0	0.0	0.0	0.0
zygo23_heldout	ZYGO|Phycomyces_blakesleeanus_NRRL_1554|Plus|H4W68_004105-T1	0.0	0.0	0.0	0.0	0.0	0.0
zygo23_heldout	ZYGO|Phycomyces_blakesleeanus_NRRL_1554|Plus|H4W68_004106-T1	0.0	0.0	0.0	0.0	0.0	0.0
zygo23_heldout	ZYGO|Phycomyces_blakesleeanus_NRRL_1554|Plus|H4W68_004107-T1	310.6	71.9	314.6	72.6	4.0	3.3
zygo23_heldout	ZYGO|Phycomyces_blakesleeanus_NRRL_1554|Plus|H4W68_004108-T1	0.0	0.0	0.0	0.0	0.0	0.0
zygo23_heldout	ZYGO|Phycomyces_blakesleeanus_NRRL_1554|Plus|H4W68_004109-T1	0.0	0.0	0.0	0.0	0.0	0.0
zygo23_heldout	ZYGO|Chaetocladium_brefeldii_RSA_1136-|Minus|FBW75_008545-T1	1.2	0.0	0.0	0.0	-1.2	-1.2
zygo23_heldout	ZYGO|Chaetocladium_brefeldii_RSA_1136-|Minus|FBW75_008546-T1	58.7	113.4	61.0	114.1	0.7	1.6
zygo23_heldout	ZYGO|Chaetocladium_brefeldii_RSA_1136-|Minus|FBW75_008547-T1	0.0	0.0	0.0	0.0	0.0	0.0
zygo23_heldout	ZYGO|Chaetocladium_brefeldii_RSA_1136-|Minus|FBW75_008548-T1	0.0	0.0	0.0	0.0	0.0	0.0
zygo23_heldout	ZYGO|Cunninghamella_bertholletiae_NRRL_1376|Minus|FBU18_003360-T1	2.5	0.6	1.4	0.6	-1.1	-1.1
zygo23_heldout	ZYGO|Cunninghamella_bertholletiae_NRRL_1376|Minus|FBU18_003361-T1	0.0	0.5	0.0	0.2	-0.3	0.3
zygo23_heldout	ZYGO|Cunninghamella_bertholletiae_NRRL_1376|Minus|FBU18_003362-T1	56.8	120.8	56.8	120.3	-0.5	0.5
zygo23_heldout	ZYGO|Cunninghamella_bertholletiae_NRRL_1376|Minus|FBU18_003363-T1	0.0	0.3	0.0	0.3	-0.1	0.1
zygo23_heldout	ZYGO|Cunninghamella_bertholletiae_NRRL_1376|Minus|FBU18_003364-T1	0.0	0.0	0.0	0.0	0.0	0.0
zygo23_heldout	ZYGO|Cunninghamella_bertholletiae_NRRL_1380|Minus|FBU20_004165-T1	0.0	0.0	1.0	0.0	1.0	1.0
zygo23_heldout	ZYGO|Cunninghamella_bertholletiae_NRRL_1380|Minus|FBU20_004166-T1	0.0	0.0	0.0	0.0	0.0	0.0
zygo23_heldout	ZYGO|Cunninghamella_bertholletiae_NRRL_1380|Minus|FBU20_004167-T1	41.9	96.0	42.0	96.4	0.5	-0.3
zygo23_heldout	ZYGO|Cunninghamella_bertholletiae_NRRL_1380|Minus|FBU20_004168-T1	0.0	0.1	0.0	0.0	-0.1	0.1
zygo23_heldout	ZYGO|Cunninghamella_bertholletiae_NRRL_1380|Minus|FBU20_004169-T1	0.0	0.0	0.0	0.0	0.0	0.0
zygo23_heldout	ZYGO|Cunninghamella_elegans_NRRL_1390|Minus|FBX09_000591-T1	0.0	0.0	0.0	0.0	0.0	0.0
zygo23_heldout	ZYGO|Cunninghamella_elegans_NRRL_1390|Minus|FBX09_000592-T1	0.0	0.0	0.0	0.0	0.0	0.0
zygo23_heldout	ZYGO|Cunninghamella_elegans_NRRL_1390|Minus|FBX09_000593-T1	61.9	120.2	62.1	120.3	0.1	0.1
zygo23_heldout	ZYGO|Cunninghamella_elegans_NRRL_1390|Minus|FBX09_000594-T1	0.0	0.0	0.0	0.0	0.0	0.0
zygo23_heldout	ZYGO|Cunninghamella_elegans_NRRL_1390|Minus|FBX09_000595-T1	0.0	0.0	0.0	0.0	0.0	0.0
zygo23_heldout	ZYGO|Cunninghamella_elegans_NRRL_1393|Minus|FBX12_005904-T1	0.0	0.0	0.0	0.0	0.0	0.0
zygo23_heldout	ZYGO|Cunninghamella_elegans_NRRL_1393|Minus|FBX12_005905-T1	0.0	0.0	0.0	0.0	0.0	0.0
zygo23_heldout	ZYGO|Cunninghamella_elegans_NRRL_1393|Minus|FBX12_005906-T1	44.4	91.9	43.9	91.8	-0.0	-0.5
zygo23_heldout	ZYGO|Cunninghamella_elegans_NRRL_1393|Minus|FBX12_005907-T1	0.0	0.0	0.0	0.0	0.0	0.0
zygo23_heldout	ZYGO|Cunninghamella_elegans_NRRL_1393|Minus|FBX12_005908-T1	0.0	0.0	0.0	0.0	0.0	0.0
zygo23_heldout	ZYGO|Cunninghamella_elegans_NRRL_2310|Minus|H4X38_005047-T1	0.0	0.0	0.0	0.0	0.0	0.0
zygo23_heldout	ZYGO|Cunninghamella_elegans_NRRL_2310|Minus|H4X38_005048-T1	0.0	0.0	0.0	0.0	0.0	0.0
zygo23_heldout	ZYGO|Cunninghamella_elegans_NRRL_2310|Minus|H4X38_005049-T1	61.9	119.8	62.1	119.9	0.1	0.1
zygo23_heldout	ZYGO|Cunninghamella_elegans_NRRL_2310|Minus|H4X38_005050-T1	0.0	0.0	0.0	0.0	0.0	0.0
zygo23_heldout	ZYGO|Cunninghamella_elegans_NRRL_2310|Minus|H4X38_005051-T1	0.0	0.0	0.0	0.0	0.0	0.0
zygo23_heldout	ZYGO|Cunninghamella_polymorpha_NRRL_1395|Minus|IWR46_001993-T1	0.0	0.0	0.0	0.0	0.0	0.0
zygo23_heldout	ZYGO|Cunninghamella_polymorpha_NRRL_1395|Minus|IWR46_001994-T1	0.0	1.5	0.6	1.1	-0.3	0.9
zygo23_heldout	ZYGO|Cunninghamella_polymorpha_NRRL_1395|Minus|IWR46_001995-T1	55.9	115.5	59.8	116.2	0.7	3.2
zygo23_heldout	ZYGO|Cunninghamella_polymorpha_NRRL_1395|Minus|IWR46_001996-T1	0.0	0.0	0.0	0.0	0.0	0.0
zygo23_heldout	ZYGO|Cunninghamella_polymorpha_NRRL_1395|Minus|IWR46_001997-T1	0.0	0.4	0.0	0.0	-0.4	0.4
paralog_negatives	GCA_000697295.1_MucIndB7402-1.0|h2|t0	48.4	63.9	48.6	64.0	0.1	0.1
paralog_negatives	GCA_000697295.1_MucIndB7402-1.0|h3|t0	51.3	83.7	52.0	83.8	0.1	0.6
paralog_negatives	GCA_000697295.1_MucIndB7402-1.0|h9|t0	47.5	69.0	47.9	69.1	0.1	0.4
paralog_negatives	GCA_000697495.1_SakOblB3353-1.0|h2|t0	43.9	47.8	43.2	47.9	0.0	-0.7
paralog_negatives	GCA_000697495.1_SakOblB3353-1.0|h3|t0	34.1	52.0	34.5	52.2	0.1	0.3
paralog_negatives	GCA_000697495.1_SakOblB3353-1.0|h4|t0	55.5	53.4	57.4	53.6	1.9	1.7
paralog_negatives	GCA_000787465.1_ASM78746v1|h2|t0	71.4	88.8	73.9	88.4	-0.3	2.9
paralog_negatives	GCA_000938895.1_PP.v1|h12|t0	29.1	19.9	28.7	19.8	-0.4	-0.2
paralog_negatives	GCA_000938895.1_PP.v1|h5|t1	40.3	51.9	40.1	51.9	0.1	-0.2
paralog_negatives	GCA_000938895.1_PP.v1|h6|t1	47.9	48.0	47.5	48.0	-0.0	-0.4
paralog_negatives	GCA_001650995.1_ASM165099v1|h1|t0	60.5	88.9	60.8	89.1	0.2	0.1
paralog_negatives	GCA_001650995.1_ASM165099v1|h3|t1	51.3	66.2	54.1	66.3	0.1	2.6
paralog_negatives	GCA_001650995.1_ASM165099v1|h4|t0	59.7	65.6	62.1	65.6	0.0	2.3
paralog_negatives	GCA_001661515.1_ASM166151v1|h1|t0	75.5	86.8	76.1	90.5	3.7	-3.2
paralog_negatives	GCA_001661515.1_ASM166151v1|h2|t0	42.6	46.8	42.6	47.0	0.2	-0.2
paralog_negatives	GCA_001661515.1_ASM166151v1|h5|t0	42.0	50.7	41.9	50.7	0.1	-0.1
paralog_negatives	GCA_002104935.1_Hesve2|h2|t0	67.6	83.5	67.2	83.7	0.2	-0.6
paralog_negatives	GCA_002104935.1_Hesve2|h4|t0	45.9	49.5	45.7	49.1	-0.4	0.2
paralog_negatives	GCA_002104935.1_Hesve2|h7|t0	33.7	18.3	32.8	18.1	-0.9	-0.8
paralog_negatives	GCA_002105135.1_Synrac1|h1|t1	65.3	100.8	65.9	101.2	0.4	0.2
paralog_negatives	GCA_002105135.1_Synrac1|h6|t0	63.4	79.3	64.0	79.4	0.1	0.4
paralog_negatives	GCA_002261195.1_ASM226119v1|h2|t0	56.1	89.6	56.2	89.8	0.2	-0.1
paralog_negatives	GCA_002261195.1_ASM226119v1|h3|t0	78.3	88.2	78.1	88.3	0.1	-0.3
paralog_negatives	GCA_002261195.1_ASM226119v1|h4|t0	58.9	80.0	59.1	80.2	0.2	-0.0
paralog_negatives	GCA_002749535.1_ASM274953v1|h2|t1	40.9	61.4	40.7	61.5	0.1	-0.2
paralog_negatives	GCA_002749535.1_ASM274953v1|h7|t0	52.4	48.7	51.7	48.7	-0.7	-0.6
paralog_negatives	GCA_002749535.1_ASM274953v1|h8|t0	64.6	74.8	63.9	74.9	0.1	-0.8
paralog_negatives	GCA_003086725.1_ASM308672v1|h1|t1	80.2	105.0	80.6	105.4	0.4	0.0
paralog_negatives	GCA_003086725.1_ASM308672v1|h2|t0	77.9	97.9	78.7	98.3	0.3	0.5
paralog_negatives	GCA_003086725.1_ASM308672v1|h3|t0	84.2	106.4	83.3	106.7	0.3	-1.3
paralog_negatives	GCA_003990765.1_Jimfl_AD_1|h2|t0	70.9	95.0	71.5	95.2	0.2	0.3
paralog_negatives	GCA_003990785.1_Endsp1|h1|m0	75.5	93.3	76.0	93.0	-0.3	0.7
paralog_negatives	GCA_003990785.1_Endsp1|h2|t0	110.4	81.9	110.3	82.3	-0.1	-0.5
paralog_negatives	GCA_003990785.1_Endsp1|h3|t0	46.9	69.1	47.4	69.2	0.1	0.4
paralog_negatives	GCA_011634665.1_ASM1163466v1|h1|t0	35.3	80.1	35.2	80.4	0.3	-0.3
paralog_negatives	GCA_011634665.1_ASM1163466v1|h3|t0	21.8	63.3	22.6	63.3	-0.0	0.8
paralog_negatives	GCA_011764225.1_ASM1176422v1|h1|t0	48.6	63.8	48.7	63.9	0.1	0.0
paralog_negatives	GCA_011764225.1_ASM1176422v1|h2|t0	43.4	64.1	42.0	64.3	0.1	-1.5
paralog_negatives	GCA_011764225.1_ASM1176422v1|h7|t0	40.3	23.8	40.5	23.7	0.2	0.3
paralog_negatives	GCA_015499975.1_UCR_DornN22417_1.0|h2|t0	44.5	64.2	43.9	64.3	0.1	-0.7
paralog_negatives	GCA_015499975.1_UCR_DornN22417_1.0|h3|t0	33.9	64.6	34.0	64.7	0.1	0.0
paralog_negatives	GCA_015499975.1_UCR_DornN22417_1.0|h4|t0	49.3	48.1	48.6	48.2	-0.7	-0.8
paralog_negatives	GCA_015502565.1_UCR_MambBC1291|h1|m0	48.6	72.7	49.2	72.8	0.2	0.4
paralog_negatives	GCA_015502565.1_UCR_MambBC1291|h2|t0	42.1	69.2	42.7	69.4	0.2	0.4
paralog_negatives	GCA_015502565.1_UCR_MambBC1291|h4|t0	61.5	73.7	60.7	74.0	0.2	-1.1
paralog_negatives	GCA_015529795.1_UCR_MspNRRL3175_1.0|h1|t0	39.1	71.5	38.9	71.7	0.2	-0.4
paralog_negatives	GCA_015529795.1_UCR_MspNRRL3175_1.0|h2|t0	29.5	63.0	28.6	63.2	0.1	-1.0
paralog_negatives	GCA_015529795.1_UCR_MspNRRL3175_1.0|h3|t0	45.1	72.2	45.3	72.4	0.2	0.0
paralog_negatives	GCA_015680635.1_UCR_MselenKOD1015_1.0|h1|t0	35.8	79.5	36.1	79.6	0.2	0.1
paralog_negatives	GCA_015680635.1_UCR_MselenKOD1015_1.0|h2|t0	22.7	55.2	22.7	55.1	-0.0	0.1
paralog_negatives	GCA_015680635.1_UCR_MselenKOD1015_1.0|h4|t0	36.1	40.6	37.2	40.5	-0.1	1.2
paralog_negatives	GCA_015849295.1_UCR_MrenMES-2147_1.0|h1|t0	46.7	78.1	47.1	78.3	0.2	0.2
paralog_negatives	GCA_015849295.1_UCR_MrenMES-2147_1.0|h3|t0	36.9	43.2	37.2	43.3	0.1	0.3
paralog_negatives	GCA_015849295.1_UCR_MrenMES-2147_1.0|h6|t0	38.9	32.6	38.9	32.6	-0.1	-0.0
paralog_negatives	GCA_015852425.1_UCR_Mcyst1230_1.0|h2|t0	36.7	57.1	37.3	57.1	0.0	0.6
paralog_negatives	GCA_015852425.1_UCR_Mcyst1230_1.0|h3|t0	28.5	68.0	28.6	68.1	0.1	0.0
paralog_negatives	GCA_015852425.1_UCR_Mcyst1230_1.0|h5|t0	56.0	66.9	55.8	67.1	0.2	-0.3
paralog_negatives	GCA_016758965.1_ASM1675896v1|h1|t0	67.0	86.7	67.1	87.0	0.3	-0.1
paralog_negatives	GCA_016758965.1_ASM1675896v1|h4|t0	64.9	53.4	64.3	52.9	-0.7	-0.2
paralog_negatives	GCA_016758965.1_ASM1675896v1|h6|t0	111.9	29.8	111.2	29.8	-0.7	-0.7
paralog_negatives	GCA_020891255.1_Epvsp_1.0|h1|t0	29.6	65.0	30.3	65.0	0.1	0.6
paralog_negatives	GCA_020891255.1_Epvsp_1.0|h3|t0	38.2	73.8	38.5	74.0	0.2	0.1
paralog_negatives	GCA_020891255.1_Epvsp_1.0|h6|t0	28.3	61.5	28.6	61.5	0.0	0.3
paralog_negatives	GCA_022702545.1_SJTU-YXQ|h4|t0	24.0	12.8	24.0	12.8	0.0	0.0
paralog_negatives	GCA_022702545.1_SJTU-YXQ|h5|t1	58.2	74.1	60.7	74.2	0.1	2.4
paralog_negatives	GCA_022702545.1_SJTU-YXQ|h9|t0	55.1	45.6	55.4	45.7	0.3	0.2
paralog_negatives	GCA_024139275.1_ASM2413927v1|h3|t0	62.8	79.2	65.2	79.3	0.2	2.2
paralog_negatives	GCA_024139275.1_ASM2413927v1|h5|t0	52.2	68.6	52.7	68.8	0.2	0.4
paralog_negatives	GCA_024139275.1_ASM2413927v1|h9|t0	40.0	26.3	40.0	26.3	-0.1	-0.1
paralog_negatives	GCA_025094145.1_Spifus1|h1|t0	31.7	54.1	31.6	54.2	0.1	-0.2
paralog_negatives	GCA_025094145.1_Spifus1|h2|t0	38.4	48.3	38.2	48.4	0.1	-0.2
paralog_negatives	GCA_025094145.1_Spifus1|h7|t1	40.5	36.4	41.0	36.4	0.5	0.5
paralog_negatives	GCA_025201845.1_Marpt1|h6|t0	47.0	54.8	46.2	54.1	-0.7	-0.1
paralog_negatives	GCA_025201845.1_Marpt1|h7|t0	46.3	44.9	46.2	45.0	-0.1	-0.2
paralog_negatives	GCA_025201845.1_Marpt1|h8|t0	43.8	20.0	43.9	19.9	0.1	0.2
paralog_negatives	GCA_025201865.1_Rambr1|h1|t0	49.4	61.4	48.9	61.6	0.1	-0.6
paralog_negatives	GCA_025201865.1_Rambr1|h2|t0	38.7	40.6	38.5	40.7	0.1	-0.3
paralog_negatives	GCA_025201865.1_Rambr1|h3|t0	36.7	45.8	36.7	46.0	0.1	-0.1
paralog_negatives	GCA_025266875.1_Fenlin1|h2|t0	41.5	60.1	40.8	60.2	0.1	-0.8
paralog_negatives	GCA_025266875.1_Fenlin1|h6|t0	60.1	54.4	60.4	54.4	0.3	0.3
paralog_negatives	GCA_025330725.1_Chlpad1|h1|t0	65.8	86.2	66.6	86.3	0.1	0.7
paralog_negatives	GCA_025330725.1_Chlpad1|h3|t0	41.2	53.4	39.4	53.6	0.3	-2.0
paralog_negatives	GCA_025330725.1_Chlpad1|h6|t0	50.8	38.0	50.4	38.0	-0.4	-0.4
paralog_negatives	GCA_025331445.1_Blatri1|h1|t0	65.5	72.0	65.5	72.9	0.8	-0.8
paralog_negatives	GCA_025331445.1_Blatri1|h2|t0	43.7	67.7	43.7	67.8	0.1	-0.1
paralog_negatives	GCA_025331445.1_Blatri1|h4|t0	61.9	68.7	62.0	68.7	0.1	0.0
paralog_negatives	GCA_025528865.1_Pilumb1|h2|t1	50.1	69.2	49.7	69.7	0.5	-0.9
paralog_negatives	GCA_025528865.1_Pilumb1|h3|t0	56.2	82.6	55.8	82.7	0.1	-0.5
paralog_negatives	GCA_025528865.1_Pilumb1|h5|t0	19.3	50.9	21.3	50.6	-0.2	2.2
paralog_negatives	GCA_025603085.1_LANL_1351_123_1.0|h1|t0	29.8	78.6	31.0	78.9	0.3	0.8
paralog_negatives	GCA_025603085.1_LANL_1351_123_1.0|h3|t0	31.4	77.7	30.9	77.7	0.0	-0.5
paralog_negatives	GCA_025603085.1_LANL_1351_123_1.0|h4|t0	57.3	78.8	56.3	79.1	0.4	-1.4
paralog_negatives	GCA_025677815.1_Phaart1|h1|t0	48.5	72.8	48.8	73.0	0.2	0.1
paralog_negatives	GCA_025677815.1_Phaart1|h2|m0	71.0	86.4	71.6	86.6	0.2	0.4
paralog_negatives	GCA_025677815.1_Phaart1|h4|t0	61.3	56.2	62.1	56.1	0.8	0.8
paralog_negatives	GCA_025677825.1_Helpul1|h1|t0	55.7	82.6	56.1	82.8	0.1	0.3
paralog_negatives	GCA_025677825.1_Helpul1|h2|t0	51.3	62.8	50.9	63.6	0.8	-1.2
paralog_negatives	GCA_025677825.1_Helpul1|h9|t0	61.7	46.8	61.9	46.8	0.2	0.2
paralog_negatives	GCA_025677835.1_Spoumb1|h1|t0	46.1	53.1	45.9	53.2	0.1	-0.3
paralog_negatives	GCA_025677835.1_Spoumb1|h2|t0	50.1	75.4	50.1	75.3	-0.1	0.1
paralog_negatives	GCA_025677835.1_Spoumb1|h9|t0	28.8	16.2	27.9	16.0	-0.9	-0.7
paralog_negatives	GCA_025716815.1_Dicele1|h1|t1	54.3	65.2	54.5	65.3	0.1	0.0
paralog_negatives	GCA_025716815.1_Dicele1|h5|t1	184.6	44.1	183.6	43.9	-1.0	-0.8
paralog_negatives	GCA_025716815.1_Dicele1|h9|t1	56.5	51.7	56.9	51.8	0.4	0.3
paralog_negatives	GCA_025716855.1_Pilano1|h1|t1	32.5	58.1	32.7	58.2	0.1	0.1
paralog_negatives	GCA_025716855.1_Pilano1|h2|t0	54.4	73.4	52.0	73.5	0.1	-2.5
paralog_negatives	GCA_025716855.1_Pilano1|h3|t0	59.1	42.4	60.0	42.4	0.8	0.9
paralog_negatives	GCA_025766325.1_Benpoi1|h2|t0	43.1	43.2	41.7	43.3	0.0	-1.5
paralog_negatives	GCA_025766325.1_Benpoi1|h8|t0	14.3	6.9	14.1	6.8	-0.2	-0.1
paralog_negatives	GCA_026027325.1_ASM2602732v1|h2|m0	52.2	74.8	52.6	74.9	0.1	0.3
paralog_negatives	GCA_026027325.1_ASM2602732v1|h6|t0	63.4	79.2	64.3	79.4	0.2	0.7
paralog_negatives	GCA_026027325.1_ASM2602732v1|h8|t0	40.6	21.9	40.4	21.8	-0.2	-0.1
paralog_negatives	GCA_027478255.1_UCR_DsimpRSA1455_1.1|h1|t0	61.0	75.5	61.3	75.6	0.1	0.2
paralog_negatives	GCA_027478255.1_UCR_DsimpRSA1455_1.1|h4|t0	57.0	39.4	56.1	39.4	-0.8	-0.7
paralog_negatives	GCA_027478255.1_UCR_DsimpRSA1455_1.1|h5|t0	41.0	25.6	40.4	25.5	-0.6	-0.4
paralog_negatives	GCA_027478575.1_UCR_SaspiralisRSA2271_1.0|h1|t0	82.0	89.5	82.6	89.8	0.3	0.3
paralog_negatives	GCA_027478575.1_UCR_SaspiralisRSA2271_1.0|h2|m0	50.7	76.3	50.5	76.5	0.2	-0.3
paralog_negatives	GCA_027478575.1_UCR_SaspiralisRSA2271_1.0|h9|t0	60.1	53.0	59.8	53.1	-0.3	-0.4
paralog_negatives	GCA_027575665.1_UCR_KalabBenny63K_1.0|h1|t0	79.2	86.3	79.7	86.5	0.2	0.3
paralog_negatives	GCA_027575665.1_UCR_KalabBenny63K_1.0|h6|t0	39.3	68.8	40.0	68.9	0.1	0.6
paralog_negatives	GCA_027575765.1_UCR_TipaRSA861_1.0|h1|t1	79.5	95.9	79.7	96.1	0.3	-0.1
paralog_negatives	GCA_027575765.1_UCR_TipaRSA861_1.0|h2|t1	68.8	80.9	69.0	81.1	0.2	-0.0
paralog_negatives	GCA_027575765.1_UCR_TipaRSA861_1.0|h3|m0	71.7	99.9	72.1	100.3	0.3	0.1
paralog_negatives	GCA_027575805.1_UCR_MyscNBRC100468_1.0|h3|t0	35.8	58.3	35.7	58.5	0.2	-0.2
paralog_negatives	GCA_027575805.1_UCR_MyscNBRC100468_1.0|h4|t0	40.5	59.4	40.6	59.6	0.1	-0.1
paralog_negatives	GCA_027575805.1_UCR_MyscNBRC100468_1.0|h7|t1	44.5	54.0	44.5	54.2	0.2	-0.2
paralog_negatives	GCA_027575855.1_UCR_LimaNRRL5244_1.0|h1|t0	44.6	74.9	44.3	75.0	0.1	-0.5
paralog_negatives	GCA_027575855.1_UCR_LimaNRRL5244_1.0|h3|t0	31.4	39.8	31.0	39.7	-0.0	-0.3
paralog_negatives	GCA_027575855.1_UCR_LimaNRRL5244_1.0|h5|t0	24.4	25.7	24.3	25.6	-0.0	-0.1
paralog_negatives	GCA_027576915.1_UCR_DiacNRRL2925_1.0|h3|t0	47.1	48.3	46.6	48.4	0.1	-0.6
paralog_negatives	GCA_027576915.1_UCR_DiacNRRL2925_1.0|h4|t0	48.9	47.6	48.8	47.7	-0.1	-0.2
paralog_negatives	GCA_027576915.1_UCR_DiacNRRL2925_1.0|h8|t0	47.4	25.6	47.5	25.6	0.1	0.1
paralog_negatives	GCA_027576935.1_UCR_DiveRSA567_1.0|h1|t0	75.9	103.9	76.3	104.3	0.3	0.0
paralog_negatives	GCA_027576935.1_UCR_DiveRSA567_1.0|h2|t0	85.6	93.8	85.7	94.0	0.2	-0.1
paralog_negatives	GCA_027576935.1_UCR_DiveRSA567_1.0|h3|t0	13.6	31.9	12.5	31.8	-0.0	-1.1
paralog_negatives	GCA_027579785.1_UCR_CoacCBS516.66_1.0|h5|t0	42.0	52.2	41.8	51.7	-0.5	0.4
paralog_negatives	GCA_027579785.1_UCR_CoacCBS516.66_1.0|h6|t0	40.6	41.2	40.8	41.2	0.0	0.1
paralog_negatives	GCA_027579785.1_UCR_CoacCBS516.66_1.0|h8|t0	40.3	38.1	40.7	38.2	0.4	0.4
paralog_negatives	GCA_033807495.1_MorAD185_1_1|h1|t0	34.2	77.4	34.8	77.8	0.4	0.1
paralog_negatives	GCA_033807495.1_MorAD185_1_1|h2|t0	52.2	78.7	52.9	78.5	-0.1	0.8
paralog_negatives	GCA_033807495.1_MorAD185_1_1|h3|t0	55.9	66.9	56.6	67.0	0.1	0.5
paralog_negatives	GCA_037041495.1_ASM3704149v1|h3|t0	32.4	55.8	32.0	55.8	0.0	-0.4
paralog_negatives	GCA_037041495.1_ASM3704149v1|h5|t0	46.0	58.9	46.1	58.9	0.1	0.1
paralog_negatives	GCA_045269135.1_ASM4526913v1|h1|t0	82.4	95.0	84.1	95.2	0.2	1.5
paralog_negatives	GCA_045269135.1_ASM4526913v1|h2|t1	83.5	97.4	84.1	97.7	0.3	0.4
paralog_negatives	GCA_045269135.1_ASM4526913v1|h7|t0	38.4	53.5	38.2	53.6	0.1	-0.3
paralog_negatives	GCA_049334105.2_ASM4933410v2|h1|t0	68.5	77.9	68.6	77.9	0.1	-0.0
paralog_negatives	GCA_049334105.2_ASM4933410v2|h2|t0	37.5	64.6	37.5	64.7	0.1	-0.2
paralog_negatives	GCA_049334105.2_ASM4933410v2|h4|t0	64.4	74.8	65.4	74.9	0.1	1.0
paralog_negatives	GCA_050656845.1_ASM5065684v1|h2|t1	73.2	89.1	73.4	89.5	0.4	-0.2
paralog_negatives	GCA_050656845.1_ASM5065684v1|h3|t0	61.3	77.0	61.8	76.0	-1.0	1.5
paralog_negatives	GCA_050656845.1_ASM5065684v1|h4|t0	33.7	44.8	33.3	44.8	0.0	-0.4
paralog_negatives	GCA_052426225.1_ASM5242622v1|h1|t0	78.9	91.9	79.3	92.1	0.2	0.2
paralog_negatives	GCA_052426225.1_ASM5242622v1|h3|t0	80.2	101.1	79.9	101.7	0.6	-1.0
paralog_negatives	GCA_052426225.1_ASM5242622v1|h4|t1	34.7	54.9	34.7	55.0	0.1	-0.1
paralog_negatives	GCA_054601915.1_FAM010_1.0|h2|t1	43.8	67.4	43.7	67.5	0.1	-0.2
paralog_negatives	GCA_054601915.1_FAM010_1.0|h3|t0	60.0	80.1	60.2	78.9	-1.2	1.4
paralog_negatives	GCA_054601915.1_FAM010_1.0|h9|t0	43.0	38.0	42.8	38.1	-0.2	-0.3
paralog_negatives	GCA_056882155.1_ASM5688215v1|h1|t0	36.6	58.6	36.5	58.6	0.1	-0.2
paralog_negatives	GCA_056882155.1_ASM5688215v1|h7|t0	40.5	47.8	39.9	47.8	-0.0	-0.6
paralog_negatives	GCA_056882155.1_ASM5688215v1|h9|t0	58.8	46.9	58.7	46.5	-0.1	0.3
paralog_negatives	GCA_977013585.1_ggMorFluv1.1|h1|t0	45.2	75.2	45.2	75.4	0.2	-0.2
paralog_negatives	GCA_977013585.1_ggMorFluv1.1|h2|t0	44.1	72.6	44.2	72.7	0.1	-0.0
paralog_negatives	GCA_977013585.1_ggMorFluv1.1|h5|t0	58.8	65.7	58.9	65.8	0.1	-0.0
paralog_negatives	GCA_977110925.1_gzCunBlak1|h1|t0	63.4	79.5	63.3	79.6	0.1	-0.2
paralog_negatives	GCA_977110925.1_gzCunBlak1|h2|t0	44.1	38.3	43.5	38.3	-0.7	-0.7
paralog_negatives	GCA_977110925.1_gzCunBlak1|h4|t0	48.6	52.8	48.7	52.9	0.1	0.1
paralog_negatives	GCA_977110945.1_gzUmbRama1|h10|t0	32.9	23.6	32.9	23.6	-0.0	-0.0
paralog_negatives	GCA_977110945.1_gzUmbRama1|h1|t1	56.6	53.6	57.4	53.6	0.8	0.7
paralog_negatives	GCA_977110945.1_gzUmbRama1|h5|t0	48.2	75.9	50.4	76.0	0.1	2.0
paralog_negatives	GCA_982397305.1_T17-F|h4|t0	33.1	54.1	33.3	54.2	0.1	0.2
paralog_negatives	GCA_982397305.1_T17-F|h8|t0	59.8	49.0	60.2	49.1	0.4	0.3
paralog_negatives	GCF_002105155.1_Lobtra1|h1|t1	41.5	76.6	41.6	76.8	0.2	-0.1
paralog_negatives	GCF_002105155.1_Lobtra1|h2|t0	31.3	68.3	31.3	68.8	0.5	-0.4
paralog_negatives	GCF_002105155.1_Lobtra1|h4|t1	57.1	72.3	56.5	72.4	0.2	-0.8
paralog_negatives	GCF_025024155.1_Mormul1|h1|t0	28.3	75.3	28.0	75.5	0.1	-0.4
paralog_negatives	GCF_025024155.1_Mormul1|h2|t0	40.2	74.7	39.3	74.8	0.2	-1.1
paralog_negatives	GCF_025024155.1_Mormul1|h4|t0	28.3	53.5	28.6	53.6	0.0	0.2
paralog_negatives	GCF_025118155.1_Cokrec1|h2|t0	45.1	56.4	40.8	56.5	0.1	-4.4
paralog_negatives	GCF_025118155.1_Cokrec1|h3|t0	51.3	77.2	52.1	77.3	0.1	0.7
paralog_negatives	GCF_025118155.1_Cokrec1|h9|t1	40.7	35.9	40.8	35.9	0.1	0.1
paralog_negatives	GCF_025201355.1_Halrad1|h4|t0	59.4	78.1	59.6	78.3	0.2	0.1
paralog_negatives	GCF_025201355.1_Halrad1|h5|t0	41.1	34.6	41.0	34.7	-0.1	-0.2
paralog_negatives	GCF_025201355.1_Halrad1|h9|t0	28.0	24.7	28.0	24.7	0.0	0.0
paralog_negatives	GCF_025331425.1_Radspe1|h4|t0	50.1	67.6	49.9	66.9	-0.7	0.6
paralog_negatives	GCF_025331425.1_Radspe1|h6|t1	43.0	52.1	41.0	52.2	0.1	-2.1
paralog_negatives	GCF_025528875.1_Mycafr1|h1|t0	66.9	116.1	67.1	116.1	-0.0	0.2
paralog_negatives	GCF_025528875.1_Mycafr1|h3|t0	50.0	53.4	49.4	53.4	0.1	-0.7
paralog_negatives	GCF_025528875.1_Mycafr1|h9|t0	63.9	43.0	64.6	43.0	0.7	0.6
