panel	genome	phylum	class	order	family_tax	species	mat_family	contig	start	end	confidence	locus_class	idiomorph	outcome	why	flank_lo	flank_hi	n_flank_genes	flank_genes	core_genes	max_core_dist_bp	polish_capped_cluster	core_detail	flank_detail	genes_best_here	genes_best_elsewhere	best_here_detail	verdict
cap6	GCA_001600575.1_JCM_8837_assembly_v001	Ascomycota	Sordariomycetes	Xylariales	Vamsapriyaceae	Didymobotryum rigidum	Ascomycota:MAT	BCKI01000011.1	1298709	1376537	medium	mat_locus	MAT1-1	withheld	core_outside_span	1298730	1314374	3	APN2,COX13,SLA2	MAT1-1-2,MAT1-1-3,MAT1-1-4,MAT1-2-1,MAT1-2-4	58939	False	MAT1-1-2:1303857-1304024:36.066:16.0:unpolished;MAT1-1-3:1308036-1308131:34.375:18.0:not_polish_candidate;MAT1-2-1:1308045-1308143:39.394:11.0:unpolished;MAT1-1-4:1353328-1353462:34.694:20.0:unpolished;MAT1-2-4:1376313-1376537:33.735:31.0:unpolished	SLA2:1298730-1302034:86.22:None:polished_agree;APN2:1310924-1313051:56.22:None:polished_disagree;COX13:1313629-1314374:66.67:None:polished_agree		MAT1-1-3,MAT1-2-1		best_hit_elsewhere
cap6	GCA_001602355.1_JCM_30695_assembly_v001	Ascomycota	Dipodascomycetes	Dipodascales		Yarrowia sp. JCM 30695	Ascomycota:MAT	BCLX01000007.1	270934	318629	medium	mat_locus	MAT1-1	withheld	core_outside_span	275752	284166	2	APN2,SLA2	MAT1-1-1,MAT1-1-2	19533	False	MAT1-1-2:270934-271077:33.333:12.0:unpolished;MAT1-1-1:306699-306788:36.667:8.0:unpolished	APN2:275752-276057:51.96:None:polished_disagree;SLA2:282427-284166:55.48:None:polished_disagree	MTLalpha1	MAT1-1-3,MAT1-2-1,Rsm22-like,mat1-Mc,matMc,matPi	MTLalpha1:47:32%:3e-06	best_hit_here
cap6	GCA_001939105.2_Sxyl_2.0	Ascomycota	Dipodascomycetes	Dipodascales	Trichomonascaceae	Sugiyamaella xylanicola	Ascomycota:MAT	MQSX02000010.1	173788	180995	medium	mat_locus	MAT1-2	low	inside	173815	180995	2	APN2,SLA2	MAT1-2-1	0	False	MAT1-2-1:178128-178238:39.474:11.0:unpolished	SLA2:173815-175758:57.1:None:polished_disagree;APN2:179913-180995:45.71:None:polished_disagree		MAT1-1-3,MAT1-2-1,MATALPHA2,Rsm22-like,mat1-Mc,mat1-Pi,matMc,matPi		best_hit_elsewhere
cap6	GCA_001939105.2_Sxyl_2.0	Ascomycota	Dipodascomycetes	Dipodascales	Trichomonascaceae	Sugiyamaella xylanicola	Ascomycota:MATyl	MQSX02000010.1	173788	180995	medium	mat_locus	A	low	inside	173815	180224	2	apn2,sla2	mata1	0	False	mata1:177079-177204:45.238:24.0:unpolished	sla2:173815-176952:57.92:None:polished_agree;apn2:179886-180224:52.29:None:polished_disagree		MAT1-1-3,MAT1-2-1,MATALPHA2,Rsm22-like,mat1-Mc,mat1-Pi,matMc,matPi		best_hit_elsewhere
cap6	GCA_003705735.3_ASM370573v3	Ascomycota	Dipodascomycetes	Dipodascales	Trichomonascaceae	Blastobotrys peoriensis	Ascomycota:MAT	PPJJ03000115.1	9423	32941	medium	partial_locus	MAT1-1	low	inside	26311	32941	2	APN2,SLA2	MAT1-1-3	0	False	MAT1-1-3:28258-28347:40.0:17.0:unpolished	APN2:26311-26931:46.12:None:polished_disagree;SLA2:29810-32941:57.84:None:polished_agree		MAT1-1-3,MAT1-2-1,MATALPHA2,Rsm22-like,mat1-Mc,mat1-Pi,matMc,matPi		best_hit_elsewhere
cap6	GCA_003705735.3_ASM370573v3	Ascomycota	Dipodascomycetes	Dipodascales	Trichomonascaceae	Blastobotrys peoriensis	Ascomycota:MATtub	PPJJ03000115.1	9423	32941	medium	mat_locus	MAT1-2	withheld	core_outside_span	26311	32635	2	APN2,SLA2	MAT1-2-1	13607	False	MAT1-2-1:9423-9704:25.49:48.0:unpolished	APN2:26311-26925:46.31:None:polished_single;SLA2:29798-32635:55.46:None:polished_disagree		MAT1-1-3,MAT1-2-1,MATALPHA2,Rsm22-like,mat1-Mc,mat1-Pi,matMc,matPi		best_hit_elsewhere
cap6	GCA_003707065.3_ASM370706v3	Ascomycota	Trigonopsidomycetes	Trigonopsidales	Trigonopsidaceae	Trigonopsis variabilis	Ascomycota:MAT	PPXM03000002.1	1171733	1206054	medium	mat_locus	MAT1-2	withheld	core_outside_span	1174899	1200089	2	APN2,SLA2	MAT1-1-3,MAT1-2-1	6	False	MAT1-2-1:1171795-1171893:48.485:10.0:unpolished;MAT1-1-3:1171883-1172134:37.209:41.0:not_polish_candidate	APN2:1174899-1175435:50.84:None:polished_single;SLA2:1196840-1200089:60.82:None:polished_agree	MAT1-1-3,matMc	MAT1-2-1,MATA2,MATALPHA2,MTLalpha2,Rsm22-like,mat1-Mc,matPi	MAT1-1-3:57:37%:4e-10;matMc:66:36%:1e-12	best_hit_here
cap6	GCA_003707065.3_ASM370706v3	Ascomycota	Trigonopsidomycetes	Trigonopsidales	Trigonopsidaceae	Trigonopsis variabilis	Ascomycota:MATtub	PPXM03000002.1	1171733	1206054	medium	mat_locus	MAT1-2	low	inside	1174761	1199717	2	APN2,SLA2	MAT1-2-1	0	False	MAT1-2-1:1171886-1172134:36.047:46.0:unpolished	APN2:1174761-1175435:48.89:None:polished_single;SLA2:1196834-1199717:59.18:None:polished_disagree	MAT1-1-3,matMc	MAT1-2-1,MATA2,MATALPHA2,MTLalpha2,Rsm22-like,mat1-Mc,matPi	MAT1-1-3:57:37%:4e-10;matMc:66:36%:1e-12	best_hit_here
cap6	GCA_003707485.3_ASM370748v3	Ascomycota	Dipodascomycetes	Dipodascales	Trichomonascaceae	Blastobotrys proliferans	Ascomycota:MAT	PPJI03000071.1	2066	18026	medium	mat_locus	MAT1-1	withheld	core_outside_span	11013	18020	2	APN2,SLA2	MAT1-1-1,MAT1-1-2	5807	False	MAT1-1-2:2066-2206:34.043:10.0:unpolished;MAT1-1-1:14643-14885:24.691:26.0:unpolished	SLA2:11013-12941:56.56:None:polished_disagree;APN2:17421-18020:50.51:None:polished_disagree	MTLalpha1	MAT1-1-3,MAT1-2-1,MATALPHA2,Rsm22-like,mat1-Mc,mat1-Pi,matMc,matPi	MTLalpha1:46:32%:4e-06	best_hit_here
cap6	GCA_003707485.3_ASM370748v3	Ascomycota	Dipodascomycetes	Dipodascales	Trichomonascaceae	Blastobotrys proliferans	Ascomycota:MAT	PPJI03000006.1	258089	274844	medium	mat_locus	MAT1-2	low	inside	258184	261877	2	APN2,SLA2	MAT1-2-1	0	False	MAT1-2-1:259958-260080:34.043:18.0:unpolished	APN2:258184-258714:42.42:None:polished_disagree;SLA2:261409-261877:62.18:None:polished_agree		MAT1-1-3,MAT1-2-1,MATALPHA2,MTLalpha1,Rsm22-like,mat1-Mc,mat1-Pi,matMc,matPi		best_hit_elsewhere
cap6	GCA_003708045.1_ASM370804v1	Ascomycota	Dipodascomycetes	Dipodascales		Yarrowia divulgata	Ascomycota:MAT	PPMY01000040.1	2767	10786	medium	mat_locus	MAT1-1	low	inside	2767	10777	2	APN2,SLA2	MAT1-1-1	0	False	MAT1-1-1:9830-9958:34.783:12.0:unpolished	APN2:2767-3072:50.98:None:polished_disagree;SLA2:9038-10777:55.3:None:polished_disagree		MAT1-1-3,MAT1-2-1,Rsm22-like,mat1-Mc,matMc,matPi		best_hit_elsewhere
cap6	GCA_004919795.1_ASM491979v1	Ascomycota	Saccharomycetes	Saccharomycodales	Saccharomycodaceae	Hanseniaspora sp. CRUB 1602	Ascomycota:MTL	SRHF01000012.1	60204	103430	medium	partial_locus	A	low	inside	60204	87150	3	OBP1,PAP1,PIK1	MTLA1	0	False	MTLA1:63362-63484:31.707:22.0:unpolished	PAP1:60204-61877:51.77:None:polished_single;OBP1:62883-64133:54.059999999999995:None:polished_single;PIK1:87004-87150:33.333:6.0:unpolished		MAT1-1-3,MAT1-2-1,MATALPHA2,Rsm22-like,mat1-Mc,mat1-Pi,matMc,matPi		best_hit_elsewhere
cap6	GCA_010015825.1_Lopnu1	Ascomycota	Dothideomycetes	Pleosporales	Lophiotremataceae	Lophiotrema nucula	Ascomycota:MAT	ML977371.1	108801	128984	medium	partial_locus	MAT1-1	withheld	core_outside_span	109539	111885	2	APN2,COX13	MAT1-1-4	13986	False	MAT1-1-4:128871-128984:37.778:18.0:unpolished	APN2:109539-110790:61.65:None:polished_disagree;COX13:111172-111885:56.06:None:polished_agree		MAT1-1-1,MAT1-1-3,MAT1-2-1		best_hit_elsewhere
cap6	GCA_011067015.1_ASM1106701v1	Ascomycota	Orbiliomycetes	Orbiliales	Orbiliaceae	Orbilia oligospora	Ascomycota:MAT	JAABLO010000001.1	878630	893700	medium	partial_locus	MAT1-1	withheld	core_outside_span	891533	893700	2	APN2,COX13	MAT1-1-2	9622	False	MAT1-1-2:878630-878911:27.523:22.0:unpolished	APN2:891533-892410:58.54:None:polished_disagree;COX13:893148-893700:73.91:None:polished_disagree		MAT1-2-1,MATA2,MATALPHA2,MTLalpha2,Rsm22-like,mat1-Mc,matMc,matPi		best_hit_elsewhere
cap6	GCA_011068445.1_ASM1106844v1	Ascomycota	Orbiliomycetes	Orbiliales	Orbiliaceae	Orbilia oligospora	Ascomycota:MAT	JAAGKP010000022.1	29726	50164	medium	mat_locus	MAT1-2	withheld	core_outside_span	46558	48752	2	APN2,COX13	MAT1-2-1	13692	False	MAT1-2-1:29726-29866:31.915:12.0:unpolished	COX13:46558-47110:73.91:None:polished_disagree;APN2:47871-48752:59.02:None:polished_disagree		MAT1-2-1,MATA2,MATALPHA2,MTLalpha2,Rsm22-like,mat1-Mc,mat1-Pi,matMc,matPi		best_hit_elsewhere
cap6	GCA_012184295.1_ASM1218429v1	Ascomycota	Orbiliomycetes	Orbiliales	Orbiliaceae	Dactylella cylindrospora	Ascomycota:MAT	LDUD01000016.1	314157	343862	medium	mat_locus	MAT1-2	withheld	core_outside_span	332203	334454	2	APN2,COX13	MAT1-2-1	6241	False	MAT1-2-1:343695-343805:40.541:10.0:unpolished	COX13:332203-332740:74.73:None:polished_disagree;APN2:333625-334454:62.5:None:polished_disagree		MAT1-2-1,Rsm22-like,mat1-Mc,matMc,matPi		best_hit_elsewhere
cap6	GCA_012184355.1_ASM1218435v1	Ascomycota	Orbiliomycetes	Orbiliales	Orbiliaceae	Dactylellina cionopaga	Ascomycota:MAT	LDUC01000161.1	295392	311206	medium	mat_locus	MAT1-1	withheld	core_outside_span	309238	311203	2	APN2,COX13	MAT1-1-1	2007	False	MAT1-1-1:304001-304231:33.766:15.0:unpolished	APN2:309238-310104:58.54:None:polished_disagree;COX13:310775-311203:75.0:None:polished_disagree		MAT1-2-1,Rsm22-like,mat1-Mc,matMc,matPi		best_hit_elsewhere
cap6	GCA_016162255.1_ASM1616225v1	Ascomycota	Dipodascomycetes	Dipodascales	Trichomonascaceae	Blastobotrys adeninivorans	Ascomycota:MAT	JACADK010000001.1	2159529	2205085	medium	mat_locus	MAT1-1	withheld	core_outside_span	2177803	2182539	2	APN2,SLA2	MAT1-1-1,MAT1-1-2,MAT1-1-3	14993	False	MAT1-1-2:2159529-2159810:27.66:19.0:unpolished;MAT1-1-1:2179107-2179307:29.412:19.0:unpolished;MAT1-1-3:2181312-2181473:29.63:29.0:unpolished	APN2:2177803-2178426:46.6:None:polished_disagree;SLA2:2179789-2182539:57.41:None:polished_disagree	MATALPHA1,MTLalpha1	MAT1-1-3,MAT1-2-1,MATALPHA2,Rsm22-like,mat1-Mc,mat1-Pi,matMc,matPi	MATALPHA1:49:39%:2e-07;MTLalpha1:52:28%:4e-08	best_hit_here
cap6	GCA_017635955.1_ASM1763595v1	Ascomycota	Dipodascomycetes	Dipodascales		Yarrowia sp. B02	Ascomycota:MAT	JAAQQV010000003.1	2172378	2180704	medium	mat_locus	MAT1-2	low	inside	2173389	2180701	2	APN2,SLA2	MAT1-1-1,MAT1-2-1	0	False	MAT1-1-1:2174208-2174336:34.783:12.0:unpolished;MAT1-2-1:2178133-2178360:25.641:30.0:unpolished	SLA2:2173389-2175128:54.87:None:polished_disagree;APN2:2180396-2180701:48.04:None:polished_disagree	MTLA1,mata1,mata2	MAT1-1-3,MAT1-2-1,MATALPHA2,Rsm22-like,mat1-Mc,matMc,matPi	MTLA1:56:47%:3e-09;mata1:155:70%:3e-44;mata2:360:67%:1e-113	best_hit_here
cap6	GCA_018804115.1_ASM1880411v1	Ascomycota	Lipomycetes	Lipomycetales	Lipomycetaceae	Lipomyces starkeyi	Ascomycota:MAT	JAGJTG010000006.1	412571	441228	medium	mat_locus	MAT1-1	low	inside	412571	433187	2	APN2,SLA2	MAT1-1-1,MAT1-1-3,MAT1-2-1	0	False	MAT1-1-3:415400-415510:48.649:23.0:not_polish_candidate;MAT1-2-1:415575-415694:51.22:13.0:not_polish_candidate;MAT1-1-1:425519-425641:41.463:11.0:unpolished	APN2:412571-413206:45.02:None:polished_disagree;SLA2:429835-433187:63.05:None:polished_disagree	MAT1-1-1,MAT1-1-3,MAT1-2-1,MTLalpha1,mat1-Mc,matMc	MATALPHA2,Rsm22-like,mat1-Pi,matPi	MAT1-1-1:53:32%:4e-07;MAT1-1-3:47:49%:1e-11;MAT1-2-1:61:29%:2e-10;MTLalpha1:62:43%:3e-11;mat1-Mc:50:30%:8e-08;matMc:55:26%:1e-08	best_hit_here
cap6	GCA_018804115.1_ASM1880411v1	Ascomycota	Lipomycetes	Lipomycetales	Lipomycetaceae	Lipomyces starkeyi	Ascomycota:MATyl	JAGJTG010000006.1	412571	441228	medium	mat_locus	A	low	inside	413285	430709	2	apn2,sla2	mata1	0	False	mata1:417420-417542:34.146:23.0:unpolished	apn2:413285-413559:57.97:None:polished_single;sla2:429850-430709:61.35:None:polished_disagree	MAT1-1-1,MAT1-1-3,MAT1-2-1,MTLalpha1,mat1-Mc,matMc	MATALPHA2,Rsm22-like,mat1-Pi,matPi	MAT1-1-1:53:32%:4e-07;MAT1-1-3:47:49%:1e-11;MAT1-2-1:61:29%:2e-10;MTLalpha1:62:43%:3e-11;mat1-Mc:50:30%:8e-08;matMc:55:26%:1e-08	best_hit_here
cap6	GCA_020064725.1_ASM2006472v1	Ascomycota	Orbiliomycetes	Orbiliales	Orbiliaceae	Drechslerella dactyloides	Ascomycota:MAT	JAGTWJ010000007.1	1520388	1535314	medium	mat_locus	MAT1-2	withheld	core_outside_span	1532555	1535311	2	APN2,COX13	MAT1-1-1,MAT1-2-1	8991	False	MAT1-2-1:1520439-1520564:42.857:12.0:unpolished;MAT1-1-1:1524475-1524612:36.957:12.0:unpolished	APN2:1532555-1533483:62.5:None:polished_disagree;COX13:1534907-1535311:82.05:None:polished_disagree		MAT1-2-1,Rsm22-like,mat1-Mc,matMc,matPi		best_hit_elsewhere
cap6	GCA_022577695.1_ASM2257769v1	Ascomycota	Dipodascomycetes	Dipodascales	Trichomonascaceae	Wickerhamiella spandovensis	Ascomycota:MAT	JAKIRT010000005.1	305568	481875	medium	mat_locus	MAT1-1	withheld	core_outside_span	324696	424184	3	APN2,COX13,SLA2	MAT1-1-1,MAT1-1-4,MAT1-1-5	54599	False	MAT1-1-5:353688-353822:39.13:12.0:unpolished;MAT1-1-4:401801-401890:36.667:12.0:unpolished;MAT1-1-1:481783-481875:38.71:8.0:unpolished	COX13:324696-324953:25.581:64.0:unpolished;APN2:418873-419712:40.0:None:polished_disagree;SLA2:422439-424184:51.2:None:polished_disagree	Rsm22-like	MAT1-1-3,MAT1-2-1,MATA1,MATA2,MATALPHA2,mat1-Mc,mat1-Pi,matMc,matPi	Rsm22-like:139:34%:6e-34	best_hit_here
cap6	GCA_022813965.1_ASM2281396v1	Ascomycota	Lecanoromycetes	Rhizocarpales	Sporastatiaceae	Toensbergia leucococca	Ascomycota:MAT	JALDZS010000198.1	2	14009	medium	partial_locus	MAT1-1	withheld	core_outside_span	2	1501	2	APN2,COX13	MAT1-1-3	9314	False	MAT1-1-3:13815-14009:30.769:18.0:unpolished	APN2:2-807:71.78:None:polished_agree;COX13:1097-1501:76.34:None:polished_disagree		MAT1-1-1,MAT1-2-1		best_hit_elsewhere
cap6	GCA_023628915.1_ASM2362891v1	Ascomycota	Dipodascomycetes	Dipodascales	Trichomonascaceae	Trichomonascaceae sp. Y4102	Ascomycota:MAT	JAMAJT010000002.1	199621	243754	medium	mat_locus	MAT1-2	low	inside	217269	225207	2	APN2,SLA2	MAT1-1-1,MAT1-2-1	0	False	MAT1-2-1:216706-216855:33.962:15.0:unpolished;MAT1-1-1:221336-221635:26.0:26.0:unpolished	APN2:217269-217937:43.52:None:polished_disagree;SLA2:223498-225207:55.48:None:polished_disagree	MTLalpha1	MAT1-1-3,MAT1-2-1,MATALPHA2,Rsm22-like,mat1-Mc,mat1-Pi,matMc,matPi	MTLalpha1:48:30%:3e-07	best_hit_here
cap6	GCA_028984885.1_ASM2898488v1	Ascomycota	Orbiliomycetes	Orbiliales	Orbiliaceae	Drechslerella dactyloides	Ascomycota:MAT	JAQGDS010000001.1	1320279	1335205	medium	mat_locus	MAT1-2	withheld	core_outside_span	1332446	1335202	2	APN2,COX13	MAT1-1-1,MAT1-2-1	8991	False	MAT1-2-1:1320330-1320455:42.857:12.0:unpolished;MAT1-1-1:1324366-1324503:36.957:12.0:unpolished	APN2:1332446-1333374:62.5:None:polished_disagree;COX13:1334798-1335202:82.05:None:polished_disagree		MAT1-2-1,Rsm22-like,mat1-Mc,matMc,matPi		best_hit_elsewhere
cap6	GCA_030407195.1_ASM3040719v1	Ascomycota	Dipodascomycetes	Dipodascales		Candida tunisiensis	Ascomycota:MATyl	JANJPH010000098.1	7586	32670	medium	mat_locus	A	low	inside	25265	32670	2	apn2,sla2	mata1	0	False	mata1:29209-29328:45.0:23.0:unpolished	apn2:25265-25468:65.15:None:polished_disagree;sla2:29578-32670:56.21:None:polished_disagree	MATA1,MTLA1,mata1	MAT1-1-3,MAT1-2-1,MATALPHA2,Rsm22-like,mat1-Mc,mat1-Pi,matMc,matPi	MATA1:50:43%:2e-08;MTLA1:48:43%:7e-07;mata1:45:45%:3e-06	best_hit_here
cap6	GCA_030407195.1_ASM3040719v1	Ascomycota	Dipodascomycetes	Dipodascales		Candida tunisiensis	Ascomycota:MAT	JANJPH010000098.1	7586	32670	medium	partial_locus	MAT1-1	low	inside	24500	32670	2	APN2,SLA2	MAT1-1-3	0	False	MAT1-1-3:26878-27087:37.5:39.0:unpolished	APN2:24500-25138:49.3:None:polished_disagree;SLA2:29584-32670:58.33:None:polished_agree	MATA1,MTLA1,mata1	MAT1-1-3,MAT1-2-1,MATALPHA2,Rsm22-like,mat1-Mc,mat1-Pi,matMc,matPi	MATA1:50:43%:2e-08;MTLA1:48:43%:7e-07;mata1:45:45%:3e-06	best_hit_here
cap6	GCA_030407195.1_ASM3040719v1	Ascomycota	Dipodascomycetes	Dipodascales		Candida tunisiensis	Ascomycota:MATtub	JANJPH010000098.1	7586	32670	medium	mat_locus	MAT1-2	low	inside	24500	32415	2	APN2,SLA2	MAT1-2-1	0	False	MAT1-2-1:26560-27204:28.636:61.0:unpolished	APN2:24500-25108:45.05:None:polished_single;SLA2:29578-32415:54.26:None:polished_disagree	MATA1,MTLA1,mata1	MAT1-1-3,MAT1-2-1,MATALPHA2,Rsm22-like,mat1-Mc,mat1-Pi,matMc,matPi	MATA1:50:43%:2e-08;MTLA1:48:43%:7e-07;mata1:45:45%:3e-06	best_hit_here
cap6	GCA_030407195.1_ASM3040719v1	Ascomycota	Dipodascomycetes	Dipodascales		Candida tunisiensis	Ascomycota:MTL	JANJPH010000085.1	18359	33969	medium	partial_locus	A	low	inside	18359	33969	2	OBP1,PAP1	MTLA2	0	False	MTLA2:22953-23219:28.09:42.0:unpolished	OBP1:18359-19642:56.089999999999996:None:polished_single;PAP1:32203-33969:60.47:None:polished_single		MAT1-1-3,MAT1-2-1,MATA1,MATALPHA2,MTLA1,Rsm22-like,mat1-Mc,mat1-Pi,matMc,matPi,mata1		best_hit_elsewhere
cap6	GCA_030412595.1_ASM3041259v1	Ascomycota	Sordariomycetes	Amphisphaeriales	Sporocadaceae	Pestalotiopsis neglecta	Ascomycota:MAT	JAQJCZ010000002.1	1784030	1805718	medium	mat_locus	MAT1-2	withheld	core_outside_span	1784033	1787401	2	APN2,COX13	MAT1-2-1	15150	False	MAT1-2-1:1805551-1805718:25.0:22.0:unpolished	COX13:1784033-1784759:69.64:None:polished_disagree;APN2:1785499-1787401:56.55:None:polished_agree		MAT1-1-3,MAT1-2-1		best_hit_elsewhere
cap6	GCA_030555625.1_ASM3055562v1	Ascomycota	Dipodascomycetes	Dipodascales	Trichomonascaceae	Blastobotrys adeninivorans	Ascomycota:MAT	JANIWH010000001.1	578960	633908	medium	mat_locus	MAT1-1	low	inside	582919	587628	2	APN2,SLA2	MAT1-1-1	0	False	MAT1-1-1:586630-586743:36.842:5.0:unpolished	APN2:582919-583521:51.26:None:polished_disagree;SLA2:584884-587628:57.65:None:polished_disagree	MATALPHA1,MTLalpha1	MAT1-1-3,MAT1-2-1,MATALPHA2,Rsm22-like,mat1-Mc,mat1-Pi,matMc,matPi	MATALPHA1:54:39%:7e-09;MTLalpha1:55:32%:3e-09	best_hit_here
cap6	GCA_030555625.1_ASM3055562v1	Ascomycota	Dipodascomycetes	Dipodascales	Trichomonascaceae	Blastobotrys adeninivorans	Ascomycota:MATtub	JANIWH010000001.1	578960	633908	medium	mat_locus	MAT1-1	low	inside	582907	587691	2	APN2,SLA2	MAT1-1-1	0	False	MAT1-1-1:584188-584379:29.688:36.0:unpolished	APN2:582907-583521:48.28:None:polished_disagree;SLA2:586159-587691:57.87:None:polished_disagree	MATALPHA1,MTLalpha1	MAT1-1-3,MAT1-2-1,MATALPHA2,Rsm22-like,mat1-Mc,mat1-Pi,matMc,matPi	MATALPHA1:54:39%:7e-09;MTLalpha1:55:32%:3e-09	best_hit_here
cap6	GCA_030556875.1_ASM3055687v1	Ascomycota	Dipodascomycetes	Dipodascales	Trichomonascaceae	Zygoascus biomembranicola	Ascomycota:MATyl	JAKTUV010000016.1	146587	180263	medium	mat_locus	A	low	inside	174343	180260	2	apn2,sla2	mata1	0	False	mata1:176916-177014:30.303:19.0:unpolished	apn2:174343-174552:54.29:None:polished_disagree;sla2:177165-180260:58.07:None:polished_agree		MAT1-1-3,MAT1-2-1,Rsm22-like,mat1-Mc,matMc		best_hit_elsewhere
cap6	GCA_030556875.1_ASM3055687v1	Ascomycota	Dipodascomycetes	Dipodascales	Trichomonascaceae	Zygoascus biomembranicola	Ascomycota:MAT	JAKTUV010000016.1	146587	180263	medium	mat_locus	MAT1-1	withheld	core_outside_span	173575	180263	2	APN2,SLA2	MAT1-1-3,MAT1-2-1	12798	False	MAT1-1-3:157514-157777:30.928:30.0:not_polish_candidate;MAT1-2-1:175660-175791:31.818:17.0:unpolished	APN2:173575-174543:42.07:None:polished_disagree;SLA2:178362-180263:57.78:None:polished_disagree		MAT1-1-3,MAT1-2-1,Rsm22-like,mat1-Mc,matMc		best_hit_elsewhere
cap6	GCA_030556875.1_ASM3055687v1	Ascomycota	Dipodascomycetes	Dipodascales	Trichomonascaceae	Zygoascus biomembranicola	Ascomycota:MATtub	JAKTUV010000016.1	146587	180263	medium	mat_locus	MAT1-2	low	inside	173572	179969	2	APN2,SLA2	MAT1-2-1	0	False	MAT1-2-1:175681-175803:31.818:25.0:unpolished	APN2:173572-174213:42.92:None:polished_disagree;SLA2:178383-179969:54.73:None:polished_disagree		MAT1-1-3,MAT1-2-1,Rsm22-like,mat1-Mc,matMc		best_hit_elsewhere
cap6	GCA_030558825.1_ASM3055882v1	Ascomycota	Dipodascomycetes	Dipodascales	Trichomonascaceae	Blastobotrys niveus	Ascomycota:MAT	JAKTQM010000007.1	4498	10793	medium	mat_locus	MAT1-2	low	inside	4498	10769	2	APN2,SLA2	MAT1-2-1	0	False	MAT1-2-1:6853-7035:27.143:23.0:unpolished	APN2:4498-5103:45.77:None:polished_disagree;SLA2:8871-10769:57.53:None:polished_disagree		MAT1-1-3,MAT1-2-1,MATALPHA2,MTLalpha2,Rsm22-like,mat1-Mc,mat1-Pi,matMc,matPi		best_hit_elsewhere
cap6	GCA_030558825.1_ASM3055882v1	Ascomycota	Dipodascomycetes	Dipodascales	Trichomonascaceae	Blastobotrys niveus	Ascomycota:MATtub	JAKTQM010000007.1	4498	10793	medium	mat_locus	MAT1-2	low	inside	4498	10481	2	APN2,SLA2	MAT1-2-1	0	False	MAT1-2-1:6841-7035:22.222:22.0:unpolished	APN2:4498-5115:45.32:None:polished_single;SLA2:8871-10481:56.72:None:polished_disagree		MAT1-1-3,MAT1-2-1,MATALPHA2,MTLalpha2,Rsm22-like,mat1-Mc,mat1-Pi,matMc,matPi		best_hit_elsewhere
cap6	GCA_030560625.1_ASM3056062v1	Ascomycota	Dipodascomycetes	Dipodascales		Yarrowia yakushimensis	Ascomycota:MAT	JAKTVP010000079.1	15781	27922	medium	mat_locus	MAT1-1	low	inside	19974	27505	2	APN2,SLA2	MAT1-1-1	0	False	MAT1-1-1:23669-23884:29.333:19.0:unpolished	SLA2:19974-21761:55.14:None:polished_disagree;APN2:26912-27505:42.31:None:polished_disagree		MAT1-1-3,MAT1-2-1,Rsm22-like,mat1-Mc,mat1-Pi,matMc,matPi		best_hit_elsewhere
cap6	GCA_030564325.1_ASM3056432v1	Ascomycota	Dipodascomycetes	Dipodascales	Trichomonascaceae	Blastobotrys capitulatus	Ascomycota:MAT	JAJLUL010000195.1	4418	14859	medium	mat_locus	MAT1-1	low	inside	4418	14838	2	APN2,SLA2	MAT1-1-1	0	False	MAT1-1-1:10862-11173:26.316:31.0:unpolished	APN2:4418-5029:41.18:None:polished_disagree;SLA2:13024-14838:58.35:None:polished_disagree		MAT1-1-3,MAT1-2-1,Rsm22-like,mat1-Mc,mat1-Pi,matMc,matPi		best_hit_elsewhere
cap6	GCA_030564385.1_ASM3056438v1	Ascomycota	Dipodascomycetes	Dipodascales	Trichomonascaceae	Blastobotrys robertii	Ascomycota:MAT	JAJLUQ010000034.1	26340	36447	medium	mat_locus	MAT1-1	withheld	core_outside_span	29468	36405	2	APN2,SLA2	MAT1-1-1	0	False	MAT1-1-1:26340-26525:29.412:19.0:unpolished	APN2:29468-30469:42.09:None:polished_single;SLA2:33331-36405:58.26:None:polished_agree	MATALPHA1,MTLalpha1	MAT1-1-3,MAT1-2-1,MATA1,MATALPHA2,Rsm22-like,mat1-Mc,mat1-Pi,matMc,matPi	MATALPHA1:48:34%:1e-06;MTLalpha1:46:27%:3e-06	best_hit_here
cap6	GCA_030564385.1_ASM3056438v1	Ascomycota	Dipodascomycetes	Dipodascales	Trichomonascaceae	Blastobotrys robertii	Ascomycota:MATtub	JAJLUQ010000034.1	26340	36447	medium	mat_locus	MAT1-1	low	inside	29426	36102	2	APN2,SLA2	MAT1-1-1	0	False	MAT1-1-1:32617-32769:27.451:15.0:unpolished	APN2:29426-30142:47.55:None:polished_single;SLA2:34720-36102:60.3:None:polished_disagree	MATALPHA1,MTLalpha1	MAT1-1-3,MAT1-2-1,MATA1,MATALPHA2,Rsm22-like,mat1-Mc,mat1-Pi,matMc,matPi	MATALPHA1:48:34%:1e-06;MTLalpha1:46:27%:3e-06	best_hit_here
cap6	GCA_030568195.1_ASM3056819v1	Ascomycota	Lipomycetes	Lipomycetales	Lipomycetaceae	Dipodascopsis uninucleata	Ascomycota:MAT	JAJLTO010000001.1	187875	245169	medium	mat_locus	MAT1-2	low	inside	232930	245169	2	APN2,SLA2	MAT1-1-1,MAT1-1-3,MAT1-2-1	0	False	MAT1-1-1:238855-239031:35.593:8.0:unpolished;MAT1-2-1:241674-241796:43.902:9.0:not_polish_candidate;MAT1-1-3:242046-242156:54.054:23.0:not_polish_candidate	SLA2:232930-236400:62.88:None:polished_agree;APN2:244546-245169:57.07:None:polished_disagree	MAT1-1-1,MTLalpha1	MAT1-1-3,MAT1-2-1,MATALPHA2,MTLA1,MTLalpha2,Rsm22-like,mat1-Mc,mat1-Pi,matMc,matPi	MAT1-1-1:50:36%:2e-06;MTLalpha1:58:38%:2e-10	best_hit_here
cap6	GCA_030568255.1_ASM3056825v1	Ascomycota	Lipomycetes	Lipomycetales	Lipomycetaceae	Lipomyces spencermartinsiae	Ascomycota:MATyl	JAJLTQ010000008.1	248464	277238	medium	mat_locus	A	low	inside	254943	276533	2	apn2,sla2	mata1	0	False	mata1:272243-272353:37.838:21.0:unpolished	sla2:254943-256199:60.98:None:polished_disagree;apn2:276262-276533:55.07:None:polished_single	MAT1-1-1,MAT1-1-3,MAT1-2-1,MTLalpha1,mat1-Mc,matMc	MATALPHA2,Rsm22-like,mat1-Pi,matPi	MAT1-1-1:50:40%:4e-06;MAT1-1-3:64:32%:1e-12;MAT1-2-1:67:33%:3e-12;MTLalpha1:61:44%:5e-11;mat1-Mc:51:30%:6e-08;matMc:68:29%:3e-13	best_hit_here
cap6	GCA_030568335.1_ASM3056833v1	Ascomycota	Lipomycetes	Lipomycetales	Lipomycetaceae	Lipomyces tetrasporus	Ascomycota:MATyl	JAJLTR010000025.1	53438	84440	medium	mat_locus	A	low	inside	62159	83735	2	apn2,sla2	mata1	0	False	mata1:79448-79558:37.838:21.0:unpolished	sla2:62159-63415:60.98:None:polished_disagree;apn2:83464-83735:55.07:None:polished_single	MAT1-1-1,MAT1-1-3,MAT1-2-1,MTLalpha1,mat1-Mc,matMc	MATALPHA2,Rsm22-like,mat1-Pi,matPi	MAT1-1-1:50:40%:5e-06;MAT1-1-3:64:32%:1e-12;MAT1-2-1:67:33%:3e-12;MTLalpha1:62:34%:2e-11;mat1-Mc:51:30%:7e-08;matMc:69:29%:2e-13	best_hit_here
cap6	GCA_030572735.1_ASM3057273v1	Ascomycota	Dipodascomycetes	Dipodascales	Trichomonascaceae	Sugiyamaella mastotermitis	Ascomycota:MAT	JAJMBN010000106.1	21004	46563	medium	mat_locus	MAT1-1	withheld	core_outside_span	21046	27092	2	APN2,SLA2	MAT1-1-1,MAT1-1-3	16349	False	MAT1-1-1:24445-24645:26.866:18.0:unpolished;MAT1-1-3:46441-46563:33.333:25.0:unpolished	SLA2:21046-22800:59.48:None:polished_disagree;APN2:26487-27092:48.0:None:polished_disagree		MAT1-1-3,MAT1-2-1,MATALPHA2,Rsm22-like,mat1-Mc,mat1-Pi,matMc,matPi		best_hit_elsewhere
cap6	GCA_030573575.1_ASM3057357v1	Ascomycota	Saccharomycetes	Saccharomycodales	Saccharomycodaceae	Hanseniaspora sp. CRUB 1602	Ascomycota:MTL	JAJMDL010000012.1	60204	103430	medium	partial_locus	A	low	inside	60204	87150	3	OBP1,PAP1,PIK1	MTLA1	0	False	MTLA1:63362-63484:31.707:22.0:unpolished	PAP1:60204-61877:51.77:None:polished_single;OBP1:62883-64133:54.059999999999995:None:polished_single;PIK1:87004-87150:33.333:6.0:unpolished		MAT1-1-3,MAT1-2-1,MATALPHA2,Rsm22-like,mat1-Mc,mat1-Pi,matMc,matPi		best_hit_elsewhere
cap6	GCA_030574475.1_ASM3057447v1	Ascomycota	Trigonopsidomycetes	Trigonopsidales	Trigonopsidaceae	Trigonopsis californica	Ascomycota:MAT	JAJMFC010000045.1	4430	34412	medium	mat_locus	MAT1-1	low	inside	4430	13672	2	APN2,SLA2	MAT1-1-1	0	False	MAT1-1-1:9376-9528:37.255:15.0:unpolished	APN2:4430-5109:48.67:None:polished_disagree;SLA2:10259-13672:60.1:None:polished_disagree	MATALPHA1,MTLalpha1	MAT1-1-3,MAT1-2-1,MTLalpha2,Rsm22-like,mat1-Mc,matMc,matPi	MATALPHA1:47:27%:1e-06;MTLalpha1:52:40%:9e-09	best_hit_here
cap6	GCA_030575175.1_ASM3057517v1	Ascomycota	Dipodascomycetes	Dipodascales	Trichomonascaceae	Sugiyamaella novakii	Ascomycota:MAT	JAJMIH010000041.1	19452	80862	medium	mat_locus	MAT1-2	low	inside	19470	26759	2	APN2,SLA2	MAT1-2-1	0	False	MAT1-2-1:24277-24426:34.0:15.0:unpolished	SLA2:19470-21404:56.8:None:polished_disagree;APN2:25707-26759:44.16:None:polished_disagree		MAT1-1-3,MAT1-2-1,MATALPHA2,Rsm22-like,mat1-Mc,mat1-Pi,matMc,matPi		best_hit_elsewhere
cap6	GCA_030575175.1_ASM3057517v1	Ascomycota	Dipodascomycetes	Dipodascales	Trichomonascaceae	Sugiyamaella novakii	Ascomycota:MATyl	JAJMIH010000041.1	19452	80862	medium	mat_locus	A	low	inside	19470	26186	2	apn2,sla2	mata2	0	False	mata2:24259-24432:29.31:20.0:unpolished	sla2:19470-22604:58.77:None:polished_agree;apn2:25701-26186:45.91:None:polished_single		MAT1-1-3,MAT1-2-1,MATALPHA2,Rsm22-like,mat1-Mc,mat1-Pi,matMc,matPi		best_hit_elsewhere
cap6	GCA_030575195.1_ASM3057519v1	Ascomycota	Dipodascomycetes	Dipodascales	Trichomonascaceae	Sugiyamaella boreocaroliniensis	Ascomycota:MATyl	JAJMIE010000008.1	135154	149841	medium	mat_locus	A	withheld	core_outside_span	138672	145238	2	apn2,sla2	mata1	1493	False	mata1:149731-149841:29.73:19.0:unpolished	apn2:138672-139424:43.62:None:polished_disagree;sla2:142134-145238:57.6:None:polished_agree		MAT1-1-3,MAT1-2-1,MATALPHA2,MTLA1,Rsm22-like,mat1-Mc,mat1-Pi,matMc,matPi		best_hit_elsewhere
cap6	GCA_030583505.1_ASM3058350v1	Ascomycota	Dipodascomycetes	Dipodascales	Trichomonascaceae	Sugiyamaella castrensis	Ascomycota:MAT	JAJMIF010000016.1	96725	123125	medium	mat_locus	MAT1-2	withheld	core_outside_span	115914	123122	2	APN2,SLA2	MAT1-2-1	16034	False	MAT1-2-1:96725-96880:32.759:16.0:unpolished	SLA2:115914-119063:56.5:None:polished_disagree;APN2:122301-123122:49.25:None:polished_disagree		MAT1-1-3,MAT1-2-1,MATALPHA2,Rsm22-like,mat1-Mc,mat1-Pi,matMc,matPi		best_hit_elsewhere
cap6	GCA_030585005.1_ASM3058500v1	Ascomycota	Dipodascomycetes	Dipodascales		Yarrowia brassicae	Ascomycota:MAT	JAJMCE010000186.1	2943	10962	medium	mat_locus	MAT1-1	low	inside	2943	10953	2	APN2,SLA2	MAT1-1-1	0	False	MAT1-1-1:10006-10134:34.783:12.0:unpolished	APN2:2943-3248:50.98:None:polished_disagree;SLA2:9214-10953:55.3:None:polished_disagree		MAT1-1-3,MAT1-2-1,Rsm22-like,mat1-Mc,matMc,matPi		best_hit_elsewhere
cap6	GCA_031125595.1_ASM3112559v1	Ascomycota	Saccharomycetes	Ascoideales	Saccharomycopsidaceae	Saccharomycopsis capsularis	Ascomycota:MAT	JASTUX010000026.1	70693	116290	medium	mat_locus	MAT1-1	low	inside	70696	116290	3	APN2,COX13,SLA2	MAT1-1-1	0	False	MAT1-1-1:74537-74698:42.593:15.0:unpolished	SLA2:70696-73788:53.89:None:polished_agree;APN2:86128-86313:32.812:70.0:unpolished;COX13:116015-116290:49.44:None:polished_disagree	MATA2,MATALPHA1,MATALPHA2,MTLalpha1	MAT1-1-3,MAT1-2-1,MTLA1,Rsm22-like,mat1-Mc,mat1-Pi,matMc,matPi	MATA2:52:40%:4e-09;MATALPHA1:60:31%:3e-10;MATALPHA2:52:40%:3e-08;MTLalpha1:81:36%:5e-18	best_hit_here
cap6	GCA_031125765.1_ASM3112576v1	Ascomycota	Saccharomycetes	Ascoideales	Saccharomycopsidaceae	Saccharomycopsis amapae	Ascomycota:MAT	JASTVC010000035.1	10715	88744	medium	mat_locus	MAT1-1	withheld	core_outside_span	25278	71882	2	COX13,SLA2	MAT1-1-1,MAT1-1-2	1658	False	MAT1-1-2:20525-20620:31.25:9.0:unpolished;MAT1-1-1:25516-25611:43.75:9.0:unpolished	COX13:25278-25568:47.87:None:polished_disagree;SLA2:69549-71882:48.13:None:polished_disagree	MATA1,MTLA2	MAT1-1-3,MAT1-2-1,MATALPHA2,Rsm22-like,mat1-Mc,mat1-Pi,matMc,matPi	MATA1:50:33%:1e-08;MTLA2:47:30%:3e-06	best_hit_here
cap6	GCA_031142775.1_ASM3114277v1	Ascomycota	Sordariomycetes	Xylariales	Microdochiaceae	Microdochium paspali	Ascomycota:MAT	JAVBIV010000002.1	1313320	1323659	medium	mat_locus	MAT1-1	low	inside	1313320	1323401	3	APN2,COX13,SLA2	MAT1-1-1,MAT1-1-3,MAT1-2-1	0	False	MAT1-1-3:1318101-1318394:25.51:41.0:not_polish_candidate;MAT1-1-1:1318308-1318433:38.095:10.0:unpolished;MAT1-2-1:1318359-1318484:33.333:40.0:not_polish_candidate	COX13:1313320-1313934:77.66:None:polished_disagree;APN2:1314617-1316619:57.38:None:polished_disagree;SLA2:1320210-1323401:82.88:None:polished_agree		MAT1-1-3,MAT1-2-1		best_hit_elsewhere
cap6	GCA_031310005.1_ASM3131000v1	Ascomycota	Orbiliomycetes	Orbiliales	Orbiliaceae	Dactylellina haptotyla	Ascomycota:MAT	CM062383.1	1296513	1304918	medium	mat_locus	MAT1-2	withheld	core_outside_span	1302853	1304918	2	APN2,COX13	MAT1-2-1	2969	False	MAT1-2-1:1296786-1296884:42.424:10.0:unpolished	APN2:1302853-1303730:59.9:None:polished_disagree;COX13:1304315-1304918:59.02:None:polished_agree		MAT1-2-1,Rsm22-like,mat1-Mc,matMc,matPi		best_hit_elsewhere
cap6	GCA_036872635.1_ASM3687263v1	Ascomycota	Orbiliomycetes	Orbiliales	Orbiliaceae	Orbilia brochopaga	Ascomycota:MAT	JAVHNQ010000003.1	2110495	2121978	medium	mat_locus	MAT1-2	withheld	core_outside_span	2110495	2113317	2	APN2,COX13	MAT1-2-1	5488	False	MAT1-2-1:2121805-2121894:56.667:11.0:unpolished	COX13:2110495-2111118:60.55:None:polished_disagree;APN2:2112345-2113317:61.7:None:polished_disagree		MAT1-2-1,Rsm22-like,mat1-Mc,matMc,matPi		best_hit_elsewhere
cap6	GCA_036872755.1_ASM3687275v1	Ascomycota	Orbiliomycetes	Orbiliales	Orbiliaceae	Orbilia blumenaviensis	Ascomycota:MAT	JAVHNS010000010.1	358519	372013	medium	partial_locus	MAT1-2	withheld	core_outside_span	368034	370424	2	APN2,COX13	MAT1-2-10	6249	False	MAT1-2-10:358519-358785:27.473:32.0:unpolished	COX13:368034-368610:73.33:None:polished_disagree;APN2:369466-370424:58.05:None:polished_disagree		MAT1-2-1,MATALPHA2,MTLalpha2,Rsm22-like,mat1-Mc,mat1-Pi,matMc,matPi		best_hit_elsewhere
cap6	GCA_036971245.1_ASM3697124v1	Ascomycota	Orbiliomycetes	Orbiliales	Orbiliaceae	Arthrobotrys sphaeroides	Ascomycota:MAT	JAJTTW010000008.1	1380115	1401256	medium	partial_locus	MAT1-1	withheld	core_outside_span	1381571	1383796	2	APN2,COX13	MAT1-1-2	14281	False	MAT1-1-2:1401077-1401256:31.667:14.0:unpolished	APN2:1381571-1382542:60.94:None:polished_disagree;COX13:1383251-1383796:72.53:None:polished_disagree		MAT1-2-1,MATA2,MATALPHA2,MTLalpha2,Rsm22-like,mat1-Mc,mat1-Pi,matMc,matPi		best_hit_elsewhere
cap6	GCA_036971255.1_ASM3697125v1	Ascomycota	Orbiliomycetes	Orbiliales	Orbiliaceae	Orbilia blumenaviensis	Ascomycota:MAT	JAJTTX010000027.1	9396	22700	medium	partial_locus	MAT1-2	withheld	core_outside_span	10855	13206	2	APN2,COX13	MAT1-2-10	6228	False	MAT1-2-10:22434-22700:27.473:32.0:unpolished	APN2:10855-11777:60.94:None:polished_disagree;COX13:12630-13206:73.33:None:polished_disagree		MAT1-2-1,MATALPHA2,MTLalpha2,Rsm22-like,mat1-Mc,mat1-Pi,matMc,matPi		best_hit_elsewhere
cap6	GCA_036971285.1_ASM3697128v1	Ascomycota	Orbiliomycetes	Orbiliales	Orbiliaceae	Dactylellina cionopaga	Ascomycota:MAT	JAJTTZ010000015.1	1452914	1471653	medium	mat_locus	MAT1-1	withheld	core_outside_span	1469717	1471650	2	APN2,COX13	MAT1-1-1,MAT1-2-1	4826	False	MAT1-1-1:1461664-1461891:28.947:16.0:unpolished;MAT1-2-1:1463614-1463760:32.653:13.0:unpolished	APN2:1469717-1470537:62.77:None:polished_disagree;COX13:1471223-1471650:76.25:None:polished_disagree		MAT1-2-1,Rsm22-like,mat1-Mc,matMc,matPi		best_hit_elsewhere
cap6	GCA_036971295.1_ASM3697129v1	Ascomycota	Orbiliomycetes	Orbiliales	Orbiliaceae	Dactylellina cionopaga	Ascomycota:MAT	JAJTTY010000005.1	340799	358436	medium	mat_locus	MAT1-2	low	inside	340802	352859	2	APN2,COX13	MAT1-2-1	0	False	MAT1-2-1:349094-349342:28.916:19.0:unpolished	COX13:340802-341230:75.0:None:polished_disagree;APN2:341902-352859:58.02:None:polished_disagree		MAT1-2-1,Rsm22-like,mat1-Mc,matMc,matPi		best_hit_elsewhere
cap6	GCA_036971325.1_ASM3697132v1	Ascomycota	Orbiliomycetes	Orbiliales	Orbiliaceae	Dactylellina cionopaga	Ascomycota:MAT	JAJTUA010000003.1	289601	300427	medium	mat_locus	MAT1-1	low	inside	289604	300427	2	APN2,COX13	MAT1-1-1	0	False	MAT1-1-1:297179-297355:32.203:14.0:unpolished	COX13:289604-290030:75.0:None:polished_disagree;APN2:290702-300427:57.55:None:polished_disagree		MAT1-2-1,Rsm22-like,mat1-Mc,matMc,matPi		best_hit_elsewhere
cap6	GCA_036971385.1_ASM3697138v1	Ascomycota	Orbiliomycetes	Orbiliales	Orbiliaceae	Dactylellina parvicollis	Ascomycota:MAT	JAJTUD010000010.1	284030	293016	medium	mat_locus	MAT1-1	withheld	core_outside_span	284030	286104	2	APN2,COX13	MAT1-1-1	3787	False	MAT1-1-1:292891-293016:34.694:14.0:unpolished	COX13:284030-284622:59.84:None:polished_agree;APN2:285177-286104:59.51:None:polished_disagree		MAT1-2-1,Rsm22-like,mat1-Mc,matMc,matPi		best_hit_elsewhere
cap6	GCA_036971405.1_ASM3697140v1	Ascomycota	Orbiliomycetes	Orbiliales	Orbiliaceae	Orbilia quercus	Ascomycota:MAT	JAJTUE010000010.1	321015	329618	medium	mat_locus	MAT1-2	withheld	core_outside_span	321039	323308	2	APN2,COX13	MAT1-2-1	3212	False	MAT1-2-1:329520-329615:53.125:8.0:unpolished	COX13:321039-321531:58.41:None:polished_disagree;APN2:322181-323308:59.02:None:polished_disagree		MAT1-2-1,Rsm22-like,mat1-Mc,matMc,matPi		best_hit_elsewhere
cap6	GCA_036971435.1_ASM3697143v1	Ascomycota	Orbiliomycetes	Orbiliales	Orbiliaceae	Dactylellina sp. tibetensis	Ascomycota:MAT	JAKDFA010000013.1	1228770	1280614	medium	mat_locus	MAT1-2	withheld	core_outside_span	1235342	1237477	2	APN2,COX13	MAT1-2-1	3396	False	MAT1-2-1:1228821-1228946:45.238:16.0:unpolished	APN2:1235342-1236262:57.56:None:polished_disagree;COX13:1236895-1237477:59.32:None:polished_agree		MAT1-2-1,Rsm22-like,mat1-Mc,matMc,matPi		best_hit_elsewhere
cap6	GCA_036971535.1_ASM3697153v1	Ascomycota	Orbiliomycetes	Orbiliales	Orbiliaceae	Drechslerella dactyloides	Ascomycota:MAT	JAJTUG010000022.1	341859	356785	medium	mat_locus	MAT1-2	withheld	core_outside_span	341862	344618	2	APN2,COX13	MAT1-1-1,MAT1-2-1	8991	False	MAT1-1-1:352561-352698:36.957:12.0:unpolished;MAT1-2-1:356609-356734:42.857:12.0:unpolished	COX13:341862-342266:82.05:None:polished_disagree;APN2:343690-344618:62.5:None:polished_disagree		MAT1-2-1,Rsm22-like,mat1-Mc,matMc,matPi		best_hit_elsewhere
cap6	GCA_036971555.1_ASM3697155v1	Ascomycota	Orbiliomycetes	Orbiliales	Orbiliaceae	Drechslerella coelobrocha	Ascomycota:MAT	JAJTUH010000011.1	371954	398488	medium	mat_locus	MAT1-1	withheld	core_outside_span	388122	390277	2	APN2,COX13	MAT1-1-1,MAT1-1-2	12896	False	MAT1-1-2:371954-372226:25.275:22.0:unpolished;MAT1-1-1:398105-398221:38.462:11.0:unpolished	COX13:388122-388643:70.33:None:polished_disagree;APN2:389331-390277:61.46:None:polished_disagree		MAT1-2-1,Rsm22-like,mat1-Mc,matMc,matPi		best_hit_elsewhere
cap6	GCA_036971575.1_ASM3697157v1	Ascomycota	Orbiliomycetes	Orbiliales	Orbiliaceae	Arthrobotrys conoides	Ascomycota:MAT	JAJTUI010000009.1	278087	281577	medium	mat_locus	MAT1-1	low	inside	278087	280310	2	APN2,COX13	MAT1-1-1	0	False	MAT1-1-1:280265-280369:41.463:11.0:unpolished	COX13:278087-278630:72.83:None:polished_disagree;APN2:279408-280310:57.56:None:polished_disagree		MAT1-2-1,MATA2,MATALPHA2,MTLalpha2,Rsm22-like,mat1-Mc,matMc,matPi		best_hit_elsewhere
cap6	GCA_036971655.1_TWF281	Ascomycota	Orbiliomycetes	Orbiliales	Orbiliaceae	Arthrobotrys megalospora	Ascomycota:MAT	JAVHJN010000012.1	300759	312358	medium	mat_locus	MAT1-2	withheld	core_outside_span	300759	302938	2	APN2,COX13	MAT1-2-1	6217	False	MAT1-2-1:312155-312247:48.387:8.0:unpolished	COX13:300759-301310:70.65:None:polished_disagree;APN2:302025-302938:56.8:None:polished_disagree		MAT1-2-1,MATA2,MATALPHA2,MTLalpha2,Rsm22-like,mat1-Mc,mat1-Pi,matMc,matPi		best_hit_elsewhere
cap6	GCA_037042115.1_ASM3704211v1	Ascomycota	Dipodascomycetes	Dipodascales	Trichomonascaceae	Wickerhamiella sp. P97-06A	Ascomycota:MAT	JAXQJU010000475.1	4361	6820	medium	mat_locus	MAT1-1	low	inside	4364	6820	2	APN2,SLA2	MAT1-1-1	0	False	MAT1-1-1:6354-6536:34.426:21.0:unpolished	APN2:4364-4963:41.0:None:polished_disagree;SLA2:6686-6820:55.56:None:polished_single		MAT1-1-3,MAT1-2-1,MATA1,MATA2,MATALPHA2,MTLalpha2,mat1-Mc,mat1-Pi,matMc,matPi		best_hit_elsewhere
cap6	GCA_038497395.1_Lipokono1	Ascomycota	Lipomycetes	Lipomycetales	Lipomycetaceae	Lipomyces kononenkoae	Ascomycota:MATyl	MU971340.1	257291	350779	medium	mat_locus	A	low	inside	260149	277390	2	apn2,sla2	mata1	0	False	mata1:264292-264402:40.541:21.0:unpolished	apn2:260149-260419:53.62:None:polished_single;sla2:275511-277390:55.56:None:polished_disagree	MAT1-1-1,MTLA1,MTLalpha1	MAT1-1-3,MAT1-2-1,MATALPHA2,Rsm22-like,mat1-Mc,mat1-Pi,matMc,matPi	MAT1-1-1:53:36%:5e-07;MTLA1:42:41%:8e-06;MTLalpha1:60:40%:6e-11	best_hit_here
cap6	GCA_038497425.1_Liptetra1	Ascomycota	Lipomycetes	Lipomycetales	Lipomycetaceae	Lipomyces tetrasporus	Ascomycota:MATyl	MU968990.1	215332	244087	medium	mat_locus	A	low	inside	221811	243382	2	apn2,sla2	mata1	0	False	mata1:239092-239202:37.838:21.0:unpolished	sla2:221811-223067:60.98:None:polished_disagree;apn2:243111-243382:55.07:None:polished_single	MAT1-1-1,MAT1-1-3,MAT1-2-1,MTLalpha1,mat1-Mc,matMc	MATALPHA2,Rsm22-like,mat1-Pi,matPi	MAT1-1-1:50:40%:4e-06;MAT1-1-3:64:32%:1e-12;MAT1-2-1:67:33%:3e-12;MTLalpha1:61:44%:5e-11;mat1-Mc:51:30%:6e-08;matMc:68:29%:2e-13	best_hit_here
cap6	GCA_038497925.1_Lst7851_1	Ascomycota	Lipomycetes	Lipomycetales	Lipomycetaceae	Lipomyces starkeyi	Ascomycota:MAT	MU971828.1	274502	299933	medium	mat_locus	MAT1-1	low	inside	280338	299933	2	APN2,SLA2	MAT1-1-1,MAT1-1-3,MAT1-2-1	0	False	MAT1-1-1:287523-287645:41.463:11.0:unpolished;MAT1-2-1:296840-296959:51.22:13.0:not_polish_candidate;MAT1-1-3:297024-297134:48.649:23.0:not_polish_candidate	SLA2:280338-283685:63.1:None:polished_disagree;APN2:299298-299933:44.08:None:polished_disagree	MAT1-1-1,MAT1-1-3,MAT1-2-1,MTLalpha1,mat1-Mc,matMc	MATALPHA2,Rsm22-like,mat1-Pi,matPi	MAT1-1-1:52:32%:9e-07;MAT1-1-3:47:49%:4e-11;MAT1-2-1:63:29%:7e-11;MTLalpha1:60:41%:9e-11;mat1-Mc:51:30%:7e-08;matMc:55:27%:9e-09	best_hit_here
cap6	GCA_038497925.1_Lst7851_1	Ascomycota	Lipomycetes	Lipomycetales	Lipomycetaceae	Lipomyces starkeyi	Ascomycota:MATyl	MU971828.1	274502	299933	medium	mat_locus	A	low	inside	282811	299219	2	apn2,sla2	mata1	0	False	mata1:295008-295118:37.838:21.0:unpolished	sla2:282811-283670:61.35:None:polished_disagree;apn2:298949-299219:57.97:None:polished_single	MAT1-1-1,MAT1-1-3,MAT1-2-1,MTLalpha1,mat1-Mc,matMc	MATALPHA2,Rsm22-like,mat1-Pi,matPi	MAT1-1-1:52:32%:9e-07;MAT1-1-3:47:49%:4e-11;MAT1-2-1:63:29%:7e-11;MTLalpha1:60:41%:9e-11;mat1-Mc:51:30%:7e-08;matMc:55:27%:9e-09	best_hit_here
cap6	GCA_047671915.1_ASM4767191v1	Ascomycota	Orbiliomycetes	Orbiliales	Orbiliaceae	Hyalorbilia sp. HsImV27	Ascomycota:MAT	JBAMKL010000499.1	3799	16349	medium	mat_locus	MAT1-1	low	inside	3799	16349	3	APN2,COX13,SLA2	MAT1-1-1	0	False	MAT1-1-1:10129-10350:29.73:18.0:unpolished	COX13:3799-4485:60.17:None:polished_disagree;APN2:5168-6093:61.54:None:polished_disagree;SLA2:12108-16349:72.22:None:polished_agree		MAT1-2-1,Rsm22-like,mat1-Mc,matMc,matPi		best_hit_elsewhere
cap6	GCA_047671935.1_ASM4767193v1	Ascomycota	Orbiliomycetes	Orbiliales	Orbiliaceae	Hyalorbilia sp. HsImV25	Ascomycota:MAT	JBAMKM010000545.1	544	13554	medium	mat_locus	MAT1-2	low	inside	544	13554	3	APN2,COX13,SLA2	MAT1-2-1	0	False	MAT1-2-1:6767-6898:45.455:20.0:unpolished	SLA2:544-4789:72.13:None:polished_agree;APN2:11263-12178:62.62:None:polished_disagree;COX13:12869-13554:60.17:None:polished_disagree		MAT1-2-1,Rsm22-like,mat1-Mc,matMc,matPi		best_hit_elsewhere
cap6	GCA_047671935.1_ASM4767193v1	Ascomycota	Orbiliomycetes	Orbiliales	Orbiliaceae	Hyalorbilia sp. HsImV25	Ascomycota:MATtub	JBAMKM010000545.1	990	13439	medium	mat_locus	MAT1-2	low	inside	1449	12178	2	APN2,SLA2	MAT1-2-1	0	False	MAT1-2-1:6818-6916:42.424:10.0:unpolished	SLA2:1449-4783:71.09:None:polished_disagree;APN2:11113-12178:56.52:None:polished_agree		MAT1-2-1,Rsm22-like,mat1-Mc,matMc,matPi		best_hit_elsewhere
cap6	GCA_047716655.1_ASM4771665v1	Ascomycota	Orbiliomycetes	Orbiliales	Orbiliaceae	Hyalorbilia oviparasitica	Ascomycota:MAT	JBAMJN010000737.1	13443	20268	medium	mat_locus	MAT1-2	withheld	core_outside_span	13443	15734	2	APN2,COX13	MAT1-2-1	1364	False	MAT1-2-1:20098-20229:45.455:20.0:unpolished	COX13:13443-14128:60.17:None:polished_disagree;APN2:14819-15734:62.62:None:polished_disagree		MAT1-2-1,Rsm22-like,mat1-Mc,matMc,matPi		best_hit_elsewhere
cap6	GCA_057557895.1_ASM5755789v1	Ascomycota	Dipodascomycetes	Dipodascales	Trichomonascaceae	Sugiyamaella sp. LJX2-8	Ascomycota:MATyl	JBWXUM010000152.1	19788	26837	medium	mat_locus	A	low	inside	20349	26810	2	apn2,sla2	mata1	0	False	mata1:23433-23555:39.024:23.0:unpolished	apn2:20349-20858:46.67:None:polished_single;sla2:23691-26810:58.62:None:polished_agree		MAT1-1-3,MAT1-2-1,MATALPHA2,Rsm22-like,mat1-Mc,mat1-Pi,matMc,matPi		best_hit_elsewhere
cap6	GCA_060307455.1_ASM6030745v1	Ascomycota	Sordariomycetes	Xylariales		Xylariales sp. XT01	Ascomycota:MAT	JCBLTT010000052.1	10	12206	medium	mat_locus	MAT1-2	low	inside	13	12200	3	APN2,COX13,SLA2	MAT1-1-3,MAT1-2-1	0	False	MAT1-2-1:6224-6322:44.444:11.0:unpolished;MAT1-1-3:6242-6601:24.39:52.0:not_polish_candidate	COX13:13-629:68.18:None:polished_agree;APN2:1182-2606:65.28:None:polished_disagree;SLA2:8805-12200:84.68:None:polished_disagree		MAT1-1-3,MAT1-2-1		best_hit_elsewhere
cap6	GCA_900518985.1_YAAL0	Ascomycota	Dipodascomycetes	Dipodascales		Yarrowia alimentaria	Ascomycota:MAT	ULGN01000006.1	292382	309793	medium	mat_locus	undetermined	withheld	core_outside_span	292391	300500	2	APN2,SLA2	MAT1-1-1,MAT1-1-5,MAT1-2-4	5898	False	MAT1-1-1:296080-296220:31.915:12.0:unpolished;MAT1-1-5:299696-299869:31.034:14.0:unpolished;MAT1-2-4:309398-309793:24.39:63.0:unpolished	SLA2:292391-294130:56.38:None:polished_disagree;APN2:299601-300500:41.61:None:polished_disagree	MTLalpha1	MAT1-1-3,MAT1-2-1,MTLalpha2,Rsm22-like,mat1-Mc,mat1-Pi,matMc,matPi	MTLalpha1:45:39%:6e-06	best_hit_here
cap6	GCA_900518985.1_YAAL0	Ascomycota	Dipodascomycetes	Dipodascales		Yarrowia alimentaria	Ascomycota:MATtub	ULGN01000006.1	292382	309793	medium	mat_locus	MAT1-2	low	inside	292658	300500	2	APN2,SLA2	MAT1-2-1	0	False	MAT1-2-1:292871-293377:20.603:56.0:unpolished	SLA2:292658-294130:55.0:None:polished_disagree;APN2:299829-300500:41.9:None:polished_single	MTLalpha1	MAT1-1-3,MAT1-2-1,MTLalpha2,Rsm22-like,mat1-Mc,mat1-Pi,matMc,matPi	MTLalpha1:45:39%:6e-06	best_hit_here
cap6	GCA_900519055.1_YAGA0	Ascomycota	Dipodascomycetes	Dipodascales		Yarrowia galli	Ascomycota:MAT	ULGS01000006.1	145622	153691	medium	mat_locus	MAT1-1	low	inside	145622	153658	2	APN2,SLA2	MAT1-1-1	0	False	MAT1-1-1:152711-152839:34.783:12.0:unpolished	APN2:145622-145927:50.98:None:polished_disagree;SLA2:151919-153658:55.48:None:polished_disagree		MAT1-1-3,MAT1-2-1,Rsm22-like,mat1-Mc,matMc,matPi		best_hit_elsewhere
cap6	GCA_900519055.1_YAGA0	Ascomycota	Dipodascomycetes	Dipodascales		Yarrowia galli	Ascomycota:MATtub	ULGS01000006.1	145622	153691	medium	mat_locus	MAT1-1	low	inside	145622	153343	2	APN2,SLA2	MAT1-1-1	0	False	MAT1-1-1:149672-149971:25.688:58.0:unpolished	APN2:145622-146281:43.14:None:polished_single;SLA2:151793-153343:55.34:None:polished_disagree		MAT1-1-3,MAT1-2-1,Rsm22-like,mat1-Mc,matMc,matPi		best_hit_elsewhere
cap6	GCA_964254685.1_public_SRR1531517_concoct_bin.16	Ascomycota	Lecanoromycetes	Pertusariales	Icmadophilaceae	Dibaeis baeomyces	Ascomycota:MAT	CAXUTT010000267.1	5504	18172	medium	mat_locus	MAT1-1	low	inside	5594	18172	3	APN2,COX13,SLA2	MAT1-1-1	0	False	MAT1-1-1:12466-12819:33.613:30.0:unpolished	SLA2:5594-9183:80.06:None:polished_disagree;APN2:14929-17176:56.09:None:polished_disagree;COX13:17602-18172:80.2:None:polished_disagree	MAT1-1-1	MAT1-2-1	MAT1-1-1:82:31%:8e-17	best_hit_here
cap6	GCF_000441935.1_MHA_v2	Ascomycota	Orbiliomycetes	Orbiliales	Orbiliaceae	Dactylellina haptotyla	Ascomycota:MAT	NW_011644707.1	27407	35833	medium	mat_locus	MAT1-2	withheld	core_outside_span	27407	29525	2	APN2,COX13	MAT1-2-1	2985	False	MAT1-2-1:35510-35722:32.394:17.0:unpolished	COX13:27407-28046:59.84:None:polished_agree;APN2:28649-29525:59.9:None:polished_disagree		MAT1-2-1,Rsm22-like,mat1-Mc,matMc,matPi		best_hit_elsewhere
cap6	GCF_029532465.1_Liptet1	Ascomycota	Lipomycetes	Lipomycetales	Lipomycetaceae	Lipomyces tetrasporus	Ascomycota:MATyl	NW_026611597.1	1158352	1187108	medium	mat_locus	A	low	inside	1164831	1186403	2	apn2,sla2	mata1	0	False	mata1:1182113-1182223:37.838:21.0:unpolished	sla2:1164831-1166087:60.98:None:polished_disagree;apn2:1186132-1186403:55.07:None:polished_single	MAT1-1-1,MAT1-1-3,MAT1-2-1,MTLalpha1,mat1-Mc,matMc	MATALPHA2,Rsm22-like,mat1-Pi,matPi	MAT1-1-1:50:40%:4e-06;MAT1-1-3:64:32%:1e-12;MAT1-2-1:67:33%:3e-12;MTLalpha1:61:44%:5e-11;mat1-Mc:51:30%:6e-08;matMc:68:29%:3e-13	best_hit_here
Mucoromycota	GCA_000587855.1_B50	Mucoromycota	Mucoromycetes	Mucorales	Mucoraceae	Mucor irregularis	Mucoromycota:MAT	KK076501.1	473260	520603	medium	mat_locus	Plus	withheld	core_outside_span	483335	498789	4	algA,glrA,rnhA,tptA	sexM,sexP	6947	False	sexM:473260-473388:34.884:20.0:not_polish_candidate;sexP:494462-494680:36.0:25.0:unpolished	glrA:483335-484854:87.47:None:polished_agree;rnhA:489806-493963:78.3:None:polished_disagree;tptA:495121-496238:72.16:None:polished_disagree;algA:496981-498789:66.84:None:polished_disagree	sexM	btbA,sexP	sexM:66:32%:1e-12	best_hit_here
Mucoromycota	GCA_000697415.1_UmbIsaB7317-1.0	Mucoromycota	Umbelopsidomycetes	Umbelopsidales	Umbelopsidaceae	Umbelopsis isabellina	Mucoromycota:MAT	JNEQ01000056.1	749075	753439	medium	mat_locus	Plus	low	inside	750673	753439	2	algA,tptA	sexM,sexP	0	False	sexM:749156-749338:33.824:32.0:not_polish_candidate;sexP:749174-749320:42.857:15.0:unpolished	tptA:750673-751733:64.22:None:polished_disagree;algA:752125-753439:47.33:None:polished_disagree	sexP	btbA,sexM	sexP:62:26%:7e-11	best_hit_here
Mucoromycota	GCA_000697435.1_RhiVarB7584-1.0	Mucoromycota	Mucoromycetes	Mucorales	Mucoraceae	Mucor irregularis	Mucoromycota:MAT	JNES01000944.1	209980	256000	medium	mat_locus	Plus	withheld	core_outside_span	219576	234627	4	algA,glrA,rnhA,tptA	sexM,sexP	6468	False	sexM:209980-210108:34.884:20.0:not_polish_candidate;sexP:230701-230919:36.0:25.0:unpolished	glrA:219576-221095:87.47:None:polished_agree;rnhA:226046-230202:78.3:None:polished_disagree;tptA:231360-232477:72.16:None:polished_disagree;algA:233220-234627:66.84:None:polished_disagree	sexM	btbA,sexP	sexM:66:32%:1e-12	best_hit_here
Mucoromycota	GCA_016758895.1_ASM1675889v1	Mucoromycota	Umbelopsidomycetes	Umbelopsidales	Umbelopsidaceae	Umbelopsis vinacea	Mucoromycota:MAT	JAEPRA010000016.1	141223	158571	medium	mat_locus	Minus	low	inside	141223	158331	3	algA,glrA,tptA	sexM,sexP	0	False	sexP:154450-154737:27.451:30.0:not_polish_candidate;sexM:154498-154704:36.232:34.0:unpolished	glrA:141223-142833:70.18:None:polished_agree;tptA:155787-156899:63.8:None:polished_disagree;algA:157274-158331:47.85:None:polished_disagree		btbA,sexM,sexP		best_hit_elsewhere
Mucoromycota	GCA_016758905.1_ASM1675890v1	Mucoromycota	Umbelopsidomycetes	Umbelopsidales	Umbelopsidaceae	Umbelopsis isabellina	Mucoromycota:MAT	JAEPQZ010000017.1	104013	119940	medium	mat_locus	Plus	low	inside	105925	118582	2	glrA,rnhA	sexP	0	False	sexP:119836-119940:34.286:10.0:unpolished	rnhA:105925-107730:50.09:None:polished_disagree;glrA:116984-118582:70.42:None:polished_disagree		btbA,sexM,sexP		best_hit_elsewhere
Mucoromycota	GCA_016758905.1_ASM1675890v1	Mucoromycota	Umbelopsidomycetes	Umbelopsidales	Umbelopsidaceae	Umbelopsis isabellina	Mucoromycota:MAT	JAEPQZ010000017.1	412287	416732	medium	mat_locus	Plus	low	inside	412524	415069	2	algA,tptA	sexM,sexP	0	False	sexM:416397-416579:29.851:32.0:not_polish_candidate;sexP:416403-416543:41.667:15.0:unpolished	algA:412524-413606:48.84:None:polished_disagree;tptA:413997-415069:62.73:None:polished_disagree	sexP	btbA,sexM	sexP:59:26%:9e-10	best_hit_here
Mucoromycota	GCA_027595865.1_Umbelopsis_isabellina_MPG-14A_reass_enz	Mucoromycota	Umbelopsidomycetes	Umbelopsidales	Umbelopsidaceae	Umbelopsis isabellina	Mucoromycota:MAT	JANJFK010000028.1	163721	168087	medium	mat_locus	Plus	low	inside	165320	168087	2	algA,tptA	sexM,sexP	0	False	sexM:163802-163984:33.824:32.0:not_polish_candidate;sexP:163820-163966:42.857:15.0:unpolished	tptA:165320-166380:64.22:None:polished_disagree;algA:166772-168087:47.06:None:polished_disagree	sexP	btbA,sexM	sexP:62:26%:7e-11	best_hit_here
Mucoromycota	GCA_037039815.1_ASM3703981v1	Mucoromycota	Umbelopsidomycetes	Umbelopsidales	Umbelopsidaceae	Umbelopsis sp. M5902	Mucoromycota:MAT	JAXQGL010000038.1	212610	237840	medium	mat_locus	Plus	withheld	core_outside_span	212610	225241	2	glrA,rnhA	sexP	9429	False	sexP:237670-237840:22.807:20.0:unpolished	glrA:212610-214211:70.26:None:polished_disagree;rnhA:223442-225241:49.63:None:polished_disagree		btbA,sexM,sexP		best_hit_elsewhere
Mucoromycota	GCA_037039815.1_ASM3703981v1	Mucoromycota	Umbelopsidomycetes	Umbelopsidales	Umbelopsidaceae	Umbelopsis sp. M5902	Mucoromycota:MAT	JAXQGL010000038.1	439445	444075	medium	mat_locus	Minus	low	inside	439682	442231	2	algA,tptA	sexM,sexP	0	False	sexM:443563-443739:36.364:31.0:unpolished;sexP:443581-443706:33.333:14.0:not_polish_candidate	algA:439682-440764:49.17:None:polished_disagree;tptA:441158-442231:63.33:None:polished_disagree	sexP	btbA,sexM	sexP:58:25%:1e-09	best_hit_here
Mucoromycota	GCA_053572175.1_ASM5357217v1	Mucoromycota	Umbelopsidomycetes	Umbelopsidales	Umbelopsidaceae	Umbelopsis sp. WA50703	Mucoromycota:MAT	JAYKKX010000013.1	106814	110949	medium	mat_locus	Minus	low	inside	108191	110949	2	algA,tptA	sexM,sexP	0	False	sexP:106859-107074:27.778:21.0:not_polish_candidate;sexM:106862-107059:36.232:34.0:unpolished	tptA:108191-109263:63.64:None:polished_disagree;algA:109642-110949:47.06:None:polished_disagree		btbA,sexM,sexP		best_hit_elsewhere
Mucoromycota	GCA_054906655.1_Umbelopsis_nana_v._1.0	Mucoromycota	Umbelopsidomycetes	Umbelopsidales	Umbelopsidaceae	Umbelopsis nana	Mucoromycota:MAT	BAAHSD010000001.1	143205	160100	medium	mat_locus	Plus	low	inside	143205	159860	3	algA,glrA,tptA	sexM,sexP	0	False	sexM:156047-156268:28.0:37.0:not_polish_candidate;sexP:156095-156247:33.333:16.0:unpolished	glrA:143205-144805:71.43:None:polished_agree;tptA:157358-158477:63.34:None:polished_disagree;algA:158796-159860:47.85:None:polished_disagree		btbA,sexM,sexP		best_hit_elsewhere
Mucoromycota	GCA_964291815.1_UMBE_WA70503	Mucoromycota	Umbelopsidomycetes	Umbelopsidales	Umbelopsidaceae	Umbelopsis sp. WA50703	Mucoromycota:MAT	CAXYTU010000169.1	106865	111000	medium	mat_locus	Minus	low	inside	108242	111000	2	algA,tptA	sexM,sexP	0	False	sexP:106910-107125:27.778:21.0:not_polish_candidate;sexM:106913-107110:36.232:34.0:unpolished	tptA:108242-109314:63.64:None:polished_disagree;algA:109693-111000:47.06:None:polished_disagree		btbA,sexM,sexP		best_hit_elsewhere
Mucoromycota	GCA_977092135.1_gzAbsCyli1	Mucoromycota	Mucoromycetes	Mucorales	Cunninghamellaceae	Absidia cylindrospora	Mucoromycota:MAT	CDRYNH010000012.1	717983	761620	medium	mat_locus	Plus	low	inside	717983	761620	2	glrA,rnhA	sexM,sexP	0	False	sexP:741879-741995:41.026:13.0:unpolished;sexM:741879-742001:29.268:19.0:not_polish_candidate	rnhA:717983-718099:53.85:None:polished_disagree;glrA:760380-761620:28.21:None:polished_single		btbA,sexM,sexP		best_hit_elsewhere
Mucoromycota	GCA_977110905.1_gzMucHiem1	Mucoromycota	Mucoromycetes	Mucorales	Mucoraceae	Mucor hiemalis	Mucoromycota:MAT	CDSBDF010000023.1	973776	1012464	medium	mat_locus	Plus	low	inside	973776	986787	4	algA,glrA,rnhA,tptA	sexM,sexP	0	False	sexM:983011-983292:32.323:41.0:not_polish_candidate;sexP:983071-983289:37.333:25.0:unpolished	glrA:973776-975284:86.39:None:polished_agree;rnhA:978407-982543:79.52:None:polished_disagree;tptA:983729-984837:71.71:None:polished_disagree;algA:985395-986787:68.95:None:polished_disagree		btbA,sexM,sexP		best_hit_elsewhere
Mucoromycota	GCA_977110975.1_gzUmbVina2	Mucoromycota	Umbelopsidomycetes	Umbelopsidales	Umbelopsidaceae	Umbelopsis vinacea	Mucoromycota:MAT	CDSBDG010000016.1	219389	223444	medium	mat_locus	Minus	low	inside	220680	223219	2	algA,tptA	sexM,sexP	0	False	sexM:219389-219592:34.783:34.0:unpolished;sexP:219416-219568:29.412:15.0:not_polish_candidate	tptA:220680-221785:64.88:None:polished_disagree;algA:222133-223219:49.83:None:polished_disagree		btbA,sexM,sexP		best_hit_elsewhere
Mucoromycota	GCF_025399195.1_Umbra1	Mucoromycota	Umbelopsidomycetes	Umbelopsidales	Umbelopsidaceae	Umbelopsis ramanniana	Mucoromycota:MAT	NW_026252087.1	139483	157423	medium	mat_locus	Minus	low	inside	139483	157420	3	algA,glrA,tptA	sexM,sexP	0	False	sexP:153110-153358:30.12:27.0:not_polish_candidate;sexM:153161-153250:36.667:13.0:unpolished	glrA:139483-141092:70.61:None:polished_agree;tptA:154656-155772:64.29:None:polished_disagree;algA:156155-157420:44.14:None:polished_disagree		btbA,sexM,sexP		best_hit_elsewhere
Mortierellomycota	GCA_019788775.1_ASM1978877v1	Mortierellomycota	Mortierellomycetes	Mortierellales	Mortierellaceae	Mortierella alpina	Mucoromycota:MAT	JAIFTL010000165.1	36645	50101	medium	mat_locus	Minus	withheld	core_outside_span	36726	43791	2	rnhA,tptA	sexM	3179	False	sexM:49970-50101:38.636:18.0:unpolished	rnhA:36726-36959:44.87:None:polished_single;tptA:42751-43791:58.02:None:polished_disagree		btbA,sexM,sexP		best_hit_elsewhere
Mortierellomycota	GCA_033807515.1_Morgam1	Mortierellomycota	Mortierellomycetes	Mortierellales	Mortierellaceae	Linnemannia gamsii	Mucoromycota:MAT	JAWHKS010000011.1	208935	273008	medium	mat_locus	Plus	withheld	core_outside_span	208935	215823	2	glrA,rnhA	sexP	54000	False	sexP:272823-273008:29.032:20.0:unpolished	glrA:208935-211260:65.56:None:polished_agree;rnhA:215725-215823:72.73:None:polished_single		btbA,sexM,sexP		best_hit_elsewhere
Kickxellomycota	GCA_027577175.1_UCR_CoemS146_1.0	Kickxellomycota	Kickxellomycetes	Kickxellales	Kickxellaceae	Coemansia sp. S146	Mucoromycota:MAT	JANBQN010000031.1	57994	126852	medium	mat_locus	Minus	low	inside	57994	126300	2	glrA,rnhA	sexM	0	False	sexM:103494-103601:30.556:17.0:unpolished	glrA:57994-58989:63.5:None:polished_disagree;rnhA:125899-126300:34.33:None:polished_single		sexM,sexP		best_hit_elsewhere
