genome	order	outcome	verdict	call	best_hit_locations
GCA_001600575.1_JCM_8837_assembly_v001	Xylariales	withheld	best_hit_elsewhere	BCKI01000011.1:1298709-1376537	MAT1-1-3@BCKI01000002.1:396535(35%)=no_locus;MAT1-2-1@BCKI01000002.1:396532(54%)=no_locus
GCA_001602355.1_JCM_30695_assembly_v001	Dipodascales	withheld	best_hit_here	BCLX01000007.1:270934-318629	MAT1-1-3@BCLX01000005.1:2378433(31%)=withheld_by_bar;MAT1-2-1@BCLX01000005.1:2378448(49%)=withheld_by_bar;Rsm22-like@BCLX01000004.1:1344318(30%)=no_locus;mat1-Mc@BCLX01000005.1:2378436(41%)=withheld_by_bar;matMc@BCLX01000005.1:2378433(40%)=withheld_by_bar;matPi@BCLX01000001.1:4065044(54%)=withheld_by_bar
GCA_001939105.2_Sxyl_2.0	Dipodascales	low	best_hit_elsewhere	MQSX02000010.1:173788-180995	MAT1-1-3@MQSX02000004.1:135486(35%)=withheld_by_bar;MAT1-2-1@MQSX02000004.1:135450(44%)=withheld_by_bar;MATALPHA2@MQSX02000002.1:397279(42%)=withheld_by_bar;Rsm22-like@MQSX02000007.1:546571(32%)=withheld_by_bar;mat1-Mc@MQSX02000004.1:135504(38%)=withheld_by_bar;mat1-Pi@MQSX02000002.1:397231(40%)=withheld_by_bar;matMc@MQSX02000044.1:3352(39%)=withheld_by_bar;matPi@MQSX02000002.1:397276(59%)=withheld_by_bar
GCA_001939105.2_Sxyl_2.0	Dipodascales	low	best_hit_elsewhere	MQSX02000010.1:173788-180995	MAT1-1-3@MQSX02000004.1:135486(35%)=withheld_by_bar;MAT1-2-1@MQSX02000004.1:135450(44%)=withheld_by_bar;MATALPHA2@MQSX02000002.1:397279(42%)=withheld_by_bar;Rsm22-like@MQSX02000007.1:546571(32%)=withheld_by_bar;mat1-Mc@MQSX02000004.1:135504(38%)=withheld_by_bar;mat1-Pi@MQSX02000002.1:397231(40%)=withheld_by_bar;matMc@MQSX02000044.1:3352(39%)=withheld_by_bar;matPi@MQSX02000002.1:397276(59%)=withheld_by_bar
GCA_003705735.3_ASM370573v3	Dipodascales	low	best_hit_elsewhere	PPJJ03000115.1:9423-32941	MAT1-1-3@PPJJ03000107.1:24229(32%)=withheld_by_bar;MAT1-2-1@PPJJ03000107.1:24211(49%)=withheld_by_bar;MATALPHA2@PPJJ03000124.1:1757(37%)=withheld_by_bar;Rsm22-like@PPJJ03000025.1:58727(30%)=withheld_by_bar;mat1-Mc@PPJJ03000107.1:24220(38%)=withheld_by_bar;mat1-Pi@PPJJ03000124.1:1760(60%)=withheld_by_bar;matMc@PPJJ03000074.1:48048(38%)=withheld_by_bar;matPi@PPJJ03000124.1:1757(48%)=withheld_by_bar
GCA_003705735.3_ASM370573v3	Dipodascales	withheld	best_hit_elsewhere	PPJJ03000115.1:9423-32941	MAT1-1-3@PPJJ03000107.1:24229(32%)=withheld_by_bar;MAT1-2-1@PPJJ03000107.1:24211(49%)=withheld_by_bar;MATALPHA2@PPJJ03000124.1:1757(37%)=withheld_by_bar;Rsm22-like@PPJJ03000025.1:58727(30%)=withheld_by_bar;mat1-Mc@PPJJ03000107.1:24220(38%)=withheld_by_bar;mat1-Pi@PPJJ03000124.1:1760(60%)=withheld_by_bar;matMc@PPJJ03000074.1:48048(38%)=withheld_by_bar;matPi@PPJJ03000124.1:1757(48%)=withheld_by_bar
GCA_003707065.3_ASM370706v3	Trigonopsidales	withheld	best_hit_here	PPXM03000002.1:1171733-1206054	MAT1-2-1@PPXM03000001.1:227957(32%)=withheld_by_bar;MATA2@PPXM03000002.1:922304(40%)=withheld_by_bar;MATALPHA2@PPXM03000002.1:922304(33%)=withheld_by_bar;MTLalpha2@PPXM03000002.1:922283(35%)=withheld_by_bar;Rsm22-like@PPXM03000005.1:205836(30%)=withheld_by_bar;mat1-Mc@PPXM03000001.1:228095(30%)=withheld_by_bar;matPi@PPXM03000002.1:922304(30%)=withheld_by_bar
GCA_003707065.3_ASM370706v3	Trigonopsidales	low	best_hit_here	PPXM03000002.1:1171733-1206054	MAT1-2-1@PPXM03000001.1:227957(32%)=withheld_by_bar;MATA2@PPXM03000002.1:922304(40%)=withheld_by_bar;MATALPHA2@PPXM03000002.1:922304(33%)=withheld_by_bar;MTLalpha2@PPXM03000002.1:922283(35%)=withheld_by_bar;Rsm22-like@PPXM03000005.1:205836(30%)=withheld_by_bar;mat1-Mc@PPXM03000001.1:228095(30%)=withheld_by_bar;matPi@PPXM03000002.1:922304(30%)=withheld_by_bar
GCA_003707485.3_ASM370748v3	Dipodascales	withheld	best_hit_here	PPJI03000071.1:2066-18026	MAT1-1-3@PPJI03000069.1:3352(32%)=withheld_by_bar;MAT1-2-1@PPJI03000069.1:3244(44%)=withheld_by_bar;MATALPHA2@PPJI03000016.1:222510(38%)=withheld_by_bar;Rsm22-like@PPJI03000026.1:67130(31%)=no_locus;mat1-Mc@PPJI03000069.1:3337(38%)=withheld_by_bar;mat1-Pi@PPJI03000016.1:222570(52%)=withheld_by_bar;matMc@PPJI03000025.1:157337(38%)=withheld_by_bar;matPi@PPJI03000016.1:222549(49%)=withheld_by_bar
GCA_003707485.3_ASM370748v3	Dipodascales	low	best_hit_elsewhere	PPJI03000006.1:258089-274844	MAT1-1-3@PPJI03000069.1:3352(32%)=withheld_by_bar;MAT1-2-1@PPJI03000069.1:3244(44%)=withheld_by_bar;MATALPHA2@PPJI03000016.1:222510(38%)=withheld_by_bar;MTLalpha1@PPJI03000071.1:14577(32%)=called_flankcarried|withheld_by_bar;Rsm22-like@PPJI03000026.1:67130(31%)=no_locus;mat1-Mc@PPJI03000069.1:3337(38%)=withheld_by_bar;mat1-Pi@PPJI03000016.1:222570(52%)=withheld_by_bar;matMc@PPJI03000025.1:157337(38%)=withheld_by_bar;matPi@PPJI03000016.1:222549(49%)=withheld_by_bar
GCA_003708045.1_ASM370804v1	Dipodascales	low	best_hit_elsewhere	PPMY01000040.1:2767-10786	MAT1-1-3@PPMY01000057.1:350(31%)=withheld_by_bar;MAT1-2-1@PPMY01000057.1:287(45%)=withheld_by_bar;Rsm22-like@PPMY01000043.1:137209(31%)=no_locus;mat1-Mc@PPMY01000057.1:350(41%)=withheld_by_bar;matMc@PPMY01000057.1:356(40%)=withheld_by_bar;matPi@PPMY01000009.1:227824(54%)=withheld_by_bar
GCA_004919795.1_ASM491979v1	Saccharomycodales	low	best_hit_elsewhere	SRHF01000012.1:60204-103430	MAT1-1-3@SRHF01000067.1:7647(25%)=withheld_by_bar;MAT1-2-1@SRHF01000002.1:294826(42%)=withheld_by_bar;MATALPHA2@SRHF01000006.1:94432(37%)=withheld_by_bar;Rsm22-like@SRHF01000043.1:30319(24%)=no_locus;mat1-Mc@SRHF01000002.1:294835(31%)=withheld_by_bar;mat1-Pi@SRHF01000006.1:94438(52%)=withheld_by_bar;matMc@SRHF01000067.1:7854(31%)=withheld_by_bar;matPi@SRHF01000006.1:94393(37%)=withheld_by_bar
GCA_010015825.1_Lopnu1	Pleosporales	withheld	best_hit_elsewhere	ML977371.1:108801-128984	MAT1-1-1@ML977397.1:6150(34%)=no_locus;MAT1-1-3@ML977403.1:10300(35%)=no_locus;MAT1-2-1@ML977320.1:1100946(52%)=no_locus
GCA_011067015.1_ASM1106701v1	Orbiliales	withheld	best_hit_elsewhere	JAABLO010000001.1:878630-893700	MAT1-2-1@JAABLO010000085.1:70990(36%)=withheld_by_bar;MATA2@JAABLO010000002.1:772595(38%)=withheld_by_bar;MATALPHA2@JAABLO010000002.1:772586(38%)=withheld_by_bar;MTLalpha2@JAABLO010000002.1:772583(40%)=withheld_by_bar;Rsm22-like@JAABLO010000010.1:269712(31%)=no_locus;mat1-Mc@JAABLO010000016.1:142621(26%)=withheld_by_bar;matMc@JAABLO010000016.1:142621(31%)=withheld_by_bar;matPi@JAABLO010000002.1:772625(39%)=withheld_by_bar
GCA_011068445.1_ASM1106844v1	Orbiliales	withheld	best_hit_elsewhere	JAAGKP010000022.1:29726-50164	MAT1-2-1@JAAGKP010000101.1:10016(35%)=withheld_by_bar;MATA2@JAAGKP010000017.1:248973(39%)=withheld_by_bar;MATALPHA2@JAAGKP010000017.1:248994(42%)=withheld_by_bar;MTLalpha2@JAAGKP010000017.1:248964(38%)=withheld_by_bar;Rsm22-like@JAAGKP010000022.1:444862(31%)=no_locus;mat1-Mc@JAAGKP010000031.1:246603(37%)=withheld_by_bar;mat1-Pi@JAAGKP010000017.1:248931(32%)=withheld_by_bar;matMc@JAAGKP010000031.1:246603(46%)=withheld_by_bar;matPi@JAAGKP010000017.1:248943(39%)=withheld_by_bar
GCA_012184295.1_ASM1218429v1	Orbiliales	withheld	best_hit_elsewhere	LDUD01000016.1:314157-343862	MAT1-2-1@LDUD01000037.1:290824(43%)=withheld_by_bar;Rsm22-like@LDUD01000016.1:693195(31%)=no_locus;mat1-Mc@LDUD01000109.1:72846(43%)=withheld_by_bar;matMc@LDUD01000109.1:72846(46%)=withheld_by_bar;matPi@LDUD01000052.1:119563(46%)=withheld_by_bar
GCA_012184355.1_ASM1218435v1	Orbiliales	withheld	best_hit_elsewhere	LDUC01000161.1:295392-311206	MAT1-2-1@LDUC01000177.1:73620(39%)=withheld_by_bar;Rsm22-like@LDUC01000482.1:98288(32%)=no_locus;mat1-Mc@LDUC01000431.1:198275(43%)=withheld_by_bar;matMc@LDUC01000431.1:198275(47%)=withheld_by_bar;matPi@LDUC01000503.1:1753845(46%)=withheld_by_bar
GCA_016162255.1_ASM1616225v1	Dipodascales	withheld	best_hit_here	JACADK010000001.1:2159529-2205085	MAT1-1-3@JACADK010000001.1:3106262(35%)=withheld_by_bar;MAT1-2-1@JACADK010000001.1:3106238(49%)=withheld_by_bar;MATALPHA2@JACADK010000002.1:450987(41%)=withheld_by_bar;Rsm22-like@JACADK010000002.1:750783(32%)=withheld_by_bar;mat1-Mc@JACADK010000001.1:3106247(38%)=withheld_by_bar;mat1-Pi@JACADK010000002.1:451011(52%)=withheld_by_bar;matMc@JACADK010000001.1:4366945(37%)=withheld_by_bar;matPi@JACADK010000002.1:450990(50%)=withheld_by_bar
GCA_017635955.1_ASM1763595v1	Dipodascales	low	best_hit_here	JAAQQV010000003.1:2172378-2180704	MAT1-1-3@JAAQQV010000006.1:2095371(31%)=withheld_by_bar;MAT1-2-1@JAAQQV010000006.1:2095386(49%)=withheld_by_bar;MATALPHA2@JAAQQV010000001.1:1198115(37%)=withheld_by_bar;Rsm22-like@JAAQQV010000005.1:1477079(30%)=no_locus;mat1-Mc@JAAQQV010000006.1:2095374(41%)=withheld_by_bar;matMc@JAAQQV010000006.1:2095371(40%)=withheld_by_bar;matPi@JAAQQV010000001.1:1198154(54%)=withheld_by_bar
GCA_018804115.1_ASM1880411v1	Lipomycetales	low	best_hit_here	JAGJTG010000006.1:412571-441228	MATALPHA2@JAGJTG010000011.1:378740(42%)=withheld_by_bar;Rsm22-like@JAGJTG010000002.1:780820(35%)=no_locus;mat1-Pi@JAGJTG010000011.1:378743(52%)=withheld_by_bar;matPi@JAGJTG010000011.1:378740(46%)=withheld_by_bar
GCA_018804115.1_ASM1880411v1	Lipomycetales	low	best_hit_here	JAGJTG010000006.1:412571-441228	MATALPHA2@JAGJTG010000011.1:378740(42%)=withheld_by_bar;Rsm22-like@JAGJTG010000002.1:780820(35%)=no_locus;mat1-Pi@JAGJTG010000011.1:378743(52%)=withheld_by_bar;matPi@JAGJTG010000011.1:378740(46%)=withheld_by_bar
GCA_020064725.1_ASM2006472v1	Orbiliales	withheld	best_hit_elsewhere	JAGTWJ010000007.1:1520388-1535314	MAT1-2-1@JAGTWJ010000003.1:2545533(43%)=withheld_by_bar;Rsm22-like@JAGTWJ010000007.1:1120200(32%)=withheld_by_bar;mat1-Mc@JAGTWJ010000008.1:529363(41%)=withheld_by_bar;matMc@JAGTWJ010000008.1:529363(46%)=withheld_by_bar;matPi@JAGTWJ010000001.1:2239276(46%)=withheld_by_bar
GCA_022577695.1_ASM2257769v1	Dipodascales	withheld	best_hit_here	JAKIRT010000005.1:305568-481875	MAT1-1-3@JAKIRT010000014.1:23950(30%)=withheld_by_bar;MAT1-2-1@JAKIRT010000014.1:23938(30%)=withheld_by_bar;MATA1@JAKIRT010000013.1:37189(29%)=withheld_by_bar;MATA2@JAKIRT010000001.1:522808(38%)=withheld_by_bar;MATALPHA2@JAKIRT010000001.1:522808(41%)=withheld_by_bar;mat1-Mc@JAKIRT010000014.1:23935(27%)=withheld_by_bar;mat1-Pi@JAKIRT010000001.1:522811(52%)=withheld_by_bar;matMc@JAKIRT010000014.1:23899(32%)=withheld_by_bar;matPi@JAKIRT010000001.1:522808(43%)=withheld_by_bar
GCA_022813965.1_ASM2281396v1	Rhizocarpales	withheld	best_hit_elsewhere	JALDZS010000198.1:2-14009	MAT1-1-1@JALDZS010000421.1:5159(42%)=called_coremodelled;MAT1-2-1@JALDZS010000033.1:22041(53%)=no_locus
GCA_023628915.1_ASM2362891v1	Dipodascales	low	best_hit_here	JAMAJT010000002.1:199621-243754	MAT1-1-3@JAMAJT010000006.1:145439(35%)=withheld_by_bar;MAT1-2-1@JAMAJT010000006.1:145448(41%)=withheld_by_bar;MATALPHA2@JAMAJT010000010.1:60641(45%)=withheld_by_bar;Rsm22-like@JAMAJT010000004.1:154158(33%)=withheld_by_bar;mat1-Mc@JAMAJT010000006.1:145466(44%)=withheld_by_bar;mat1-Pi@JAMAJT010000010.1:60644(54%)=withheld_by_bar;matMc@JAMAJT010000008.1:262348(39%)=withheld_by_bar;matPi@JAMAJT010000010.1:60641(56%)=withheld_by_bar
GCA_028984885.1_ASM2898488v1	Orbiliales	withheld	best_hit_elsewhere	JAQGDS010000001.1:1320279-1335205	MAT1-2-1@JAQGDS010000006.1:111469(43%)=withheld_by_bar;Rsm22-like@JAQGDS010000001.1:919406(32%)=withheld_by_bar;mat1-Mc@JAQGDS010000005.1:1037846(41%)=withheld_by_bar;matMc@JAQGDS010000005.1:1037846(46%)=withheld_by_bar;matPi@JAQGDS010000002.1:2461173(46%)=withheld_by_bar
GCA_030407195.1_ASM3040719v1	Dipodascales	low	best_hit_here	JANJPH010000098.1:7586-32670	MAT1-1-3@JANJPH010000390.1:3441(33%)=withheld_by_bar;MAT1-2-1@JANJPH010000390.1:3417(41%)=withheld_by_bar;MATALPHA2@JANJPH010000062.1:23061(39%)=withheld_by_bar;Rsm22-like@JANJPH010000174.1:1657(32%)=no_locus;mat1-Mc@JANJPH010000390.1:3420(43%)=withheld_by_bar;mat1-Pi@JANJPH010000062.1:23097(52%)=withheld_by_bar;matMc@JANJPH010000023.1:21316(39%)=withheld_by_bar;matPi@JANJPH010000062.1:23076(42%)=withheld_by_bar
GCA_030407195.1_ASM3040719v1	Dipodascales	low	best_hit_here	JANJPH010000098.1:7586-32670	MAT1-1-3@JANJPH010000390.1:3441(33%)=withheld_by_bar;MAT1-2-1@JANJPH010000390.1:3417(41%)=withheld_by_bar;MATALPHA2@JANJPH010000062.1:23061(39%)=withheld_by_bar;Rsm22-like@JANJPH010000174.1:1657(32%)=no_locus;mat1-Mc@JANJPH010000390.1:3420(43%)=withheld_by_bar;mat1-Pi@JANJPH010000062.1:23097(52%)=withheld_by_bar;matMc@JANJPH010000023.1:21316(39%)=withheld_by_bar;matPi@JANJPH010000062.1:23076(42%)=withheld_by_bar
GCA_030407195.1_ASM3040719v1	Dipodascales	low	best_hit_here	JANJPH010000098.1:7586-32670	MAT1-1-3@JANJPH010000390.1:3441(33%)=withheld_by_bar;MAT1-2-1@JANJPH010000390.1:3417(41%)=withheld_by_bar;MATALPHA2@JANJPH010000062.1:23061(39%)=withheld_by_bar;Rsm22-like@JANJPH010000174.1:1657(32%)=no_locus;mat1-Mc@JANJPH010000390.1:3420(43%)=withheld_by_bar;mat1-Pi@JANJPH010000062.1:23097(52%)=withheld_by_bar;matMc@JANJPH010000023.1:21316(39%)=withheld_by_bar;matPi@JANJPH010000062.1:23076(42%)=withheld_by_bar
GCA_030407195.1_ASM3040719v1	Dipodascales	low	best_hit_elsewhere	JANJPH010000085.1:18359-33969	MAT1-1-3@JANJPH010000390.1:3441(33%)=withheld_by_bar;MAT1-2-1@JANJPH010000390.1:3417(41%)=withheld_by_bar;MATA1@JANJPH010000098.1:29173(43%)=called_coremodelled|called_flankcarried|withheld_by_bar;MATALPHA2@JANJPH010000062.1:23061(39%)=withheld_by_bar;MTLA1@JANJPH010000098.1:29176(43%)=called_coremodelled|called_flankcarried|withheld_by_bar;Rsm22-like@JANJPH010000174.1:1657(32%)=no_locus;mat1-Mc@JANJPH010000390.1:3420(43%)=withheld_by_bar;mat1-Pi@JANJPH010000062.1:23097(52%)=withheld_by_bar;matMc@JANJPH010000023.1:21316(39%)=withheld_by_bar;matPi@JANJPH010000062.1:23076(42%)=withheld_by_bar;mata1@JANJPH010000098.1:29209(45%)=called_coremodelled|called_flankcarried|withheld_by_bar
GCA_030412595.1_ASM3041259v1	Amphisphaeriales	withheld	best_hit_elsewhere	JAQJCZ010000002.1:1784030-1805718	MAT1-1-3@JAQJCZ010000007.1:4109391(36%)=no_locus;MAT1-2-1@JAQJCZ010000007.1:4109391(40%)=no_locus
GCA_030555625.1_ASM3055562v1	Dipodascales	low	best_hit_here	JANIWH010000001.1:578960-633908	MAT1-1-3@JANIWH010000018.1:41157(35%)=withheld_by_bar;MAT1-2-1@JANIWH010000018.1:41133(49%)=withheld_by_bar;MATALPHA2@JANIWH010000030.1:116866(41%)=withheld_by_bar;Rsm22-like@JANIWH010000005.1:175883(31%)=withheld_by_bar;mat1-Mc@JANIWH010000018.1:41142(38%)=withheld_by_bar;mat1-Pi@JANIWH010000030.1:116869(52%)=withheld_by_bar;matMc@JANIWH010000002.1:566863(37%)=withheld_by_bar;matPi@JANIWH010000030.1:116866(52%)=withheld_by_bar
GCA_030555625.1_ASM3055562v1	Dipodascales	low	best_hit_here	JANIWH010000001.1:578960-633908	MAT1-1-3@JANIWH010000018.1:41157(35%)=withheld_by_bar;MAT1-2-1@JANIWH010000018.1:41133(49%)=withheld_by_bar;MATALPHA2@JANIWH010000030.1:116866(41%)=withheld_by_bar;Rsm22-like@JANIWH010000005.1:175883(31%)=withheld_by_bar;mat1-Mc@JANIWH010000018.1:41142(38%)=withheld_by_bar;mat1-Pi@JANIWH010000030.1:116869(52%)=withheld_by_bar;matMc@JANIWH010000002.1:566863(37%)=withheld_by_bar;matPi@JANIWH010000030.1:116866(52%)=withheld_by_bar
GCA_030556875.1_ASM3055687v1	Dipodascales	low	best_hit_elsewhere	JAKTUV010000016.1:146587-180263	MAT1-1-3@JAKTUV010000010.1:434997(38%)=withheld_by_bar;MAT1-2-1@JAKTUV010000010.1:434958(45%)=withheld_by_bar;Rsm22-like@JAKTUV010000010.1:153453(28%)=withheld_by_bar;mat1-Mc@JAKTUV010000010.1:434988(38%)=withheld_by_bar;matMc@JAKTUV010000008.1:217691(38%)=withheld_by_bar
GCA_030556875.1_ASM3055687v1	Dipodascales	withheld	best_hit_elsewhere	JAKTUV010000016.1:146587-180263	MAT1-1-3@JAKTUV010000010.1:434997(38%)=withheld_by_bar;MAT1-2-1@JAKTUV010000010.1:434958(45%)=withheld_by_bar;Rsm22-like@JAKTUV010000010.1:153453(28%)=withheld_by_bar;mat1-Mc@JAKTUV010000010.1:434988(38%)=withheld_by_bar;matMc@JAKTUV010000008.1:217691(38%)=withheld_by_bar
GCA_030556875.1_ASM3055687v1	Dipodascales	low	best_hit_elsewhere	JAKTUV010000016.1:146587-180263	MAT1-1-3@JAKTUV010000010.1:434997(38%)=withheld_by_bar;MAT1-2-1@JAKTUV010000010.1:434958(45%)=withheld_by_bar;Rsm22-like@JAKTUV010000010.1:153453(28%)=withheld_by_bar;mat1-Mc@JAKTUV010000010.1:434988(38%)=withheld_by_bar;matMc@JAKTUV010000008.1:217691(38%)=withheld_by_bar
GCA_030558825.1_ASM3055882v1	Dipodascales	low	best_hit_elsewhere	JAKTQM010000007.1:4498-10793	MAT1-1-3@JAKTQM010001364.1:27338(35%)=withheld_by_bar;MAT1-2-1@JAKTQM010000185.1:4139(43%)=withheld_by_bar;MATALPHA2@JAKTQM010001433.1:17120(32%)=withheld_by_bar;MTLalpha2@JAKTQM010001433.1:17120(33%)=withheld_by_bar;Rsm22-like@JAKTQM010001389.1:16188(31%)=no_locus;mat1-Mc@JAKTQM010000185.1:4145(38%)=withheld_by_bar;mat1-Pi@JAKTQM010001433.1:17123(55%)=withheld_by_bar;matMc@JAKTQM010001364.1:27308(42%)=withheld_by_bar;matPi@JAKTQM010001433.1:17087(49%)=withheld_by_bar
GCA_030558825.1_ASM3055882v1	Dipodascales	low	best_hit_elsewhere	JAKTQM010000007.1:4498-10793	MAT1-1-3@JAKTQM010001364.1:27338(35%)=withheld_by_bar;MAT1-2-1@JAKTQM010000185.1:4139(43%)=withheld_by_bar;MATALPHA2@JAKTQM010001433.1:17120(32%)=withheld_by_bar;MTLalpha2@JAKTQM010001433.1:17120(33%)=withheld_by_bar;Rsm22-like@JAKTQM010001389.1:16188(31%)=no_locus;mat1-Mc@JAKTQM010000185.1:4145(38%)=withheld_by_bar;mat1-Pi@JAKTQM010001433.1:17123(55%)=withheld_by_bar;matMc@JAKTQM010001364.1:27308(42%)=withheld_by_bar;matPi@JAKTQM010001433.1:17087(49%)=withheld_by_bar
GCA_030560625.1_ASM3056062v1	Dipodascales	low	best_hit_elsewhere	JAKTVP010000079.1:15781-27922	MAT1-1-3@JAKTVP010000088.1:38091(31%)=withheld_by_bar;MAT1-2-1@JAKTVP010000088.1:38007(42%)=withheld_by_bar;Rsm22-like@JAKTVP010000015.1:76426(30%)=withheld_by_bar;mat1-Mc@JAKTVP010000088.1:38094(41%)=withheld_by_bar;mat1-Pi@JAKTVP010000001.1:401212(42%)=withheld_by_bar;matMc@JAKTVP010000088.1:38091(40%)=withheld_by_bar;matPi@JAKTVP010000001.1:401224(54%)=withheld_by_bar
GCA_030564325.1_ASM3056432v1	Dipodascales	low	best_hit_elsewhere	JAJLUL010000195.1:4418-14859	MAT1-1-3@JAJLUL010000039.1:101009(37%)=withheld_by_bar;MAT1-2-1@JAJLUL010000039.1:101003(52%)=withheld_by_bar;Rsm22-like@JAJLUL010000021.1:148143(27%)=no_locus;mat1-Mc@JAJLUL010000039.1:100994(37%)=withheld_by_bar;mat1-Pi@JAJLUL010000007.1:218916(43%)=withheld_by_bar;matMc@JAJLUL010000039.1:100958(35%)=withheld_by_bar;matPi@JAJLUL010000007.1:218874(43%)=withheld_by_bar
GCA_030564385.1_ASM3056438v1	Dipodascales	withheld	best_hit_here	JAJLUQ010000034.1:26340-36447	MAT1-1-3@JAJLUQ010000010.1:196585(38%)=withheld_by_bar;MAT1-2-1@JAJLUQ010000010.1:196579(49%)=withheld_by_bar;MATA1@JAJLUQ010000061.1:41778(30%)=withheld_by_bar;MATALPHA2@JAJLUQ010000042.1:72663(40%)=withheld_by_bar;Rsm22-like@JAJLUQ010000006.1:271799(31%)=withheld_by_bar;mat1-Mc@JAJLUQ010000010.1:196573(39%)=withheld_by_bar;mat1-Pi@JAJLUQ010000042.1:72666(57%)=withheld_by_bar;matMc@JAJLUQ010000017.1:171095(41%)=withheld_by_bar;matPi@JAJLUQ010000042.1:72627(41%)=withheld_by_bar
GCA_030564385.1_ASM3056438v1	Dipodascales	low	best_hit_here	JAJLUQ010000034.1:26340-36447	MAT1-1-3@JAJLUQ010000010.1:196585(38%)=withheld_by_bar;MAT1-2-1@JAJLUQ010000010.1:196579(49%)=withheld_by_bar;MATA1@JAJLUQ010000061.1:41778(30%)=withheld_by_bar;MATALPHA2@JAJLUQ010000042.1:72663(40%)=withheld_by_bar;Rsm22-like@JAJLUQ010000006.1:271799(31%)=withheld_by_bar;mat1-Mc@JAJLUQ010000010.1:196573(39%)=withheld_by_bar;mat1-Pi@JAJLUQ010000042.1:72666(57%)=withheld_by_bar;matMc@JAJLUQ010000017.1:171095(41%)=withheld_by_bar;matPi@JAJLUQ010000042.1:72627(41%)=withheld_by_bar
GCA_030568195.1_ASM3056819v1	Lipomycetales	low	best_hit_here	JAJLTO010000001.1:187875-245169	MAT1-1-3@JAJLTO010000004.1:6831(33%)=withheld_by_bar;MAT1-2-1@JAJLTO010000004.1:6771(37%)=withheld_by_bar;MATALPHA2@JAJLTO010000004.1:1220094(45%)=withheld_by_bar;MTLA1@JAJLTO010000009.1:120626(45%)=withheld_by_bar;MTLalpha2@JAJLTO010000004.1:1220094(30%)=withheld_by_bar;Rsm22-like@JAJLTO010000006.1:967046(27%)=no_locus;mat1-Mc@JAJLTO010000004.1:6831(37%)=withheld_by_bar;mat1-Pi@JAJLTO010000004.1:1220097(52%)=withheld_by_bar;matMc@JAJLTO010000004.1:6561(25%)=withheld_by_bar;matPi@JAJLTO010000004.1:1220094(50%)=withheld_by_bar
GCA_030568255.1_ASM3056825v1	Lipomycetales	low	best_hit_here	JAJLTQ010000008.1:248464-277238	MATALPHA2@JAJLTQ010000066.1:94027(41%)=withheld_by_bar;Rsm22-like@JAJLTQ010000004.1:73601(37%)=withheld_by_bar;mat1-Pi@JAJLTQ010000066.1:94030(52%)=withheld_by_bar;matPi@JAJLTQ010000066.1:94027(46%)=withheld_by_bar
GCA_030568335.1_ASM3056833v1	Lipomycetales	low	best_hit_here	JAJLTR010000025.1:53438-84440	MATALPHA2@JAJLTR010000244.1:1882(41%)=withheld_by_bar;Rsm22-like@JAJLTR010000014.1:82128(37%)=withheld_by_bar;mat1-Pi@JAJLTR010000244.1:1885(52%)=withheld_by_bar;matPi@JAJLTR010000244.1:1882(46%)=withheld_by_bar
GCA_030572735.1_ASM3057273v1	Dipodascales	withheld	best_hit_elsewhere	JAJMBN010000106.1:21004-46563	MAT1-1-3@JAJMBN010000014.1:59576(34%)=withheld_by_bar;MAT1-2-1@JAJMBN010000014.1:59576(47%)=withheld_by_bar;MATALPHA2@JAJMBN010000046.1:3270(35%)=withheld_by_bar;Rsm22-like@JAJMBN010000074.1:36577(31%)=no_locus;mat1-Mc@JAJMBN010000014.1:59564(36%)=withheld_by_bar;mat1-Pi@JAJMBN010000046.1:3357(52%)=withheld_by_bar;matMc@JAJMBN010000015.1:126431(39%)=withheld_by_bar;matPi@JAJMBN010000046.1:3348(42%)=withheld_by_bar
GCA_030573575.1_ASM3057357v1	Saccharomycodales	low	best_hit_elsewhere	JAJMDL010000012.1:60204-103430	MAT1-1-3@JAJMDL010000067.1:7647(25%)=withheld_by_bar;MAT1-2-1@JAJMDL010000002.1:294826(42%)=withheld_by_bar;MATALPHA2@JAJMDL010000006.1:94432(37%)=withheld_by_bar;Rsm22-like@JAJMDL010000043.1:30319(24%)=no_locus;mat1-Mc@JAJMDL010000002.1:294835(31%)=withheld_by_bar;mat1-Pi@JAJMDL010000006.1:94438(52%)=withheld_by_bar;matMc@JAJMDL010000067.1:7854(31%)=withheld_by_bar;matPi@JAJMDL010000006.1:94393(37%)=withheld_by_bar
GCA_030574475.1_ASM3057447v1	Trigonopsidales	low	best_hit_here	JAJMFC010000045.1:4430-34412	MAT1-1-3@JAJMFC010000057.1:53679(28%)=withheld_by_bar;MAT1-2-1@JAJMFC010000057.1:53700(37%)=withheld_by_bar;MTLalpha2@JAJMFC010000009.1:125578(30%)=withheld_by_bar;Rsm22-like@JAJMFC010000148.1:4105(30%)=no_locus;mat1-Mc@JAJMFC010000057.1:53700(39%)=withheld_by_bar;matMc@JAJMFC010000057.1:53700(34%)=withheld_by_bar;matPi@JAJMFC010000009.1:125677(46%)=withheld_by_bar
GCA_030575175.1_ASM3057517v1	Dipodascales	low	best_hit_elsewhere	JAJMIH010000041.1:19452-80862	MAT1-1-3@JAJMIH010000015.1:211344(35%)=withheld_by_bar;MAT1-2-1@JAJMIH010000015.1:211311(44%)=withheld_by_bar;MATALPHA2@JAJMIH010000003.1:1530(42%)=withheld_by_bar;Rsm22-like@JAJMIH010000035.1:12617(30%)=withheld_by_bar;mat1-Mc@JAJMIH010000015.1:211359(36%)=withheld_by_bar;mat1-Pi@JAJMIH010000089.1:28396(52%)=called_coremodelled|withheld_by_bar;matMc@JAJMIH010000046.1:18275(41%)=withheld_by_bar;matPi@JAJMIH010000003.1:1527(47%)=withheld_by_bar
GCA_030575175.1_ASM3057517v1	Dipodascales	low	best_hit_elsewhere	JAJMIH010000041.1:19452-80862	MAT1-1-3@JAJMIH010000015.1:211344(35%)=withheld_by_bar;MAT1-2-1@JAJMIH010000015.1:211311(44%)=withheld_by_bar;MATALPHA2@JAJMIH010000003.1:1530(42%)=withheld_by_bar;Rsm22-like@JAJMIH010000035.1:12617(30%)=withheld_by_bar;mat1-Mc@JAJMIH010000015.1:211359(36%)=withheld_by_bar;mat1-Pi@JAJMIH010000089.1:28396(52%)=called_coremodelled|withheld_by_bar;matMc@JAJMIH010000046.1:18275(41%)=withheld_by_bar;matPi@JAJMIH010000003.1:1527(47%)=withheld_by_bar
GCA_030575195.1_ASM3057519v1	Dipodascales	withheld	best_hit_elsewhere	JAJMIE010000008.1:135154-149841	MAT1-1-3@JAJMIE010000027.1:96596(34%)=withheld_by_bar;MAT1-2-1@JAJMIE010000027.1:96596(48%)=withheld_by_bar;MATALPHA2@JAJMIE010000001.1:527027(39%)=withheld_by_bar;MTLA1@JAJMIE010000024.1:224476(38%)=withheld_by_bar;Rsm22-like@JAJMIE010000010.1:61931(32%)=withheld_by_bar;mat1-Mc@JAJMIE010000027.1:96581(36%)=withheld_by_bar;mat1-Pi@JAJMIE010000001.1:527060(50%)=withheld_by_bar;matMc@JAJMIE010000025.1:100336(36%)=withheld_by_bar;matPi@JAJMIE010000001.1:527039(52%)=withheld_by_bar
GCA_030583505.1_ASM3058350v1	Dipodascales	withheld	best_hit_elsewhere	JAJMIF010000016.1:96725-123125	MAT1-1-3@JAJMIF010000054.1:38713(34%)=withheld_by_bar;MAT1-2-1@JAJMIF010000054.1:38719(47%)=withheld_by_bar;MATALPHA2@JAJMIF010000191.1:30748(44%)=withheld_by_bar;Rsm22-like@JAJMIF010000026.1:61194(32%)=no_locus;mat1-Mc@JAJMIF010000054.1:38731(41%)=withheld_by_bar;mat1-Pi@JAJMIF010000191.1:30733(47%)=withheld_by_bar;matMc@JAJMIF010000001.1:315265(41%)=withheld_by_bar;matPi@JAJMIF010000191.1:30727(43%)=withheld_by_bar
GCA_030585005.1_ASM3058500v1	Dipodascales	low	best_hit_elsewhere	JAJMCE010000186.1:2943-10962	MAT1-1-3@JAJMCE010000079.1:10682(31%)=withheld_by_bar;MAT1-2-1@JAJMCE010000079.1:10697(45%)=withheld_by_bar;Rsm22-like@JAJMCE010000185.1:24324(31%)=no_locus;mat1-Mc@JAJMCE010000079.1:10685(41%)=withheld_by_bar;matMc@JAJMCE010000079.1:10682(40%)=withheld_by_bar;matPi@JAJMCE010000073.1:29636(54%)=withheld_by_bar
GCA_031125595.1_ASM3112559v1	Ascoideales	low	best_hit_here	JASTUX010000026.1:70693-116290	MAT1-1-3@JASTUX010000018.1:37956(39%)=withheld_by_bar;MAT1-2-1@JASTUX010000018.1:37890(44%)=withheld_by_bar;MTLA1@JASTUX010000008.1:172901(38%)=withheld_by_bar;Rsm22-like@JASTUX010000028.1:38643(56%)=no_locus;mat1-Mc@JASTUX010000018.1:37956(40%)=withheld_by_bar;mat1-Pi@JASTUX010000014.1:23003(50%)=withheld_by_bar;matMc@JASTUX010000018.1:37944(40%)=withheld_by_bar;matPi@JASTUX010000014.1:23000(44%)=withheld_by_bar
GCA_031125765.1_ASM3112576v1	Ascoideales	withheld	best_hit_here	JASTVC010000035.1:10715-88744	MAT1-1-3@JASTVC010000014.1:201892(38%)=withheld_by_bar;MAT1-2-1@JASTVC010000014.1:201826(46%)=withheld_by_bar;MATALPHA2@JASTVC010000059.1:35761(40%)=withheld_by_bar;Rsm22-like@JASTVC010000054.1:19442(33%)=no_locus;mat1-Mc@JASTVC010000014.1:201880(39%)=withheld_by_bar;mat1-Pi@JASTVC010000059.1:35785(50%)=withheld_by_bar;matMc@JASTVC010000014.1:201877(40%)=withheld_by_bar;matPi@JASTVC010000006.1:237758(45%)=withheld_by_bar
GCA_031142775.1_ASM3114277v1	Xylariales	low	best_hit_elsewhere	JAVBIV010000002.1:1313320-1323659	MAT1-1-3@JAVBIV010000008.1:1276679(33%)=no_locus;MAT1-2-1@JAVBIV010000008.1:1276673(53%)=no_locus
GCA_031310005.1_ASM3131000v1	Orbiliales	withheld	best_hit_elsewhere	CM062383.1:1296513-1304918	MAT1-2-1@CM062386.1:2421022(43%)=withheld_by_bar;Rsm22-like@CM062383.1:964129(33%)=no_locus;mat1-Mc@CM062384.1:1293525(41%)=withheld_by_bar;matMc@CM062384.1:1293513(46%)=withheld_by_bar;matPi@CM062379.1:1489462(47%)=withheld_by_bar
GCA_036872635.1_ASM3687263v1	Orbiliales	withheld	best_hit_elsewhere	JAVHNQ010000003.1:2110495-2121978	MAT1-2-1@JAVHNQ010000001.1:2231718(45%)=withheld_by_bar;Rsm22-like@JAVHNQ010000003.1:2534109(32%)=no_locus;mat1-Mc@JAVHNQ010000001.1:2231718(41%)=withheld_by_bar;matMc@JAVHNQ010000001.1:2231718(47%)=withheld_by_bar;matPi@JAVHNQ010000007.1:193260(46%)=withheld_by_bar
GCA_036872755.1_ASM3687275v1	Orbiliales	withheld	best_hit_elsewhere	JAVHNS010000010.1:358519-372013	MAT1-2-1@JAVHNS010000005.1:116101(39%)=withheld_by_bar;MATALPHA2@JAVHNS010000008.1:334367(39%)=withheld_by_bar;MTLalpha2@JAVHNS010000008.1:334370(40%)=withheld_by_bar;Rsm22-like@JAVHNS010000010.1:755258(31%)=no_locus;mat1-Mc@JAVHNS010000003.1:1199577(37%)=withheld_by_bar;mat1-Pi@JAVHNS010000008.1:334406(39%)=withheld_by_bar;matMc@JAVHNS010000003.1:1199577(46%)=withheld_by_bar;matPi@JAVHNS010000008.1:334403(36%)=withheld_by_bar
GCA_036971245.1_ASM3697124v1	Orbiliales	withheld	best_hit_elsewhere	JAJTTW010000008.1:1380115-1401256	MAT1-2-1@JAJTTW010000001.1:97619(39%)=withheld_by_bar;MATA2@JAJTTW010000014.1:329730(38%)=withheld_by_bar;MATALPHA2@JAJTTW010000014.1:329721(37%)=withheld_by_bar;MTLalpha2@JAJTTW010000014.1:329727(39%)=withheld_by_bar;Rsm22-like@JAJTTW010000008.1:980463(32%)=no_locus;mat1-Mc@JAJTTW010000001.1:2031169(37%)=withheld_by_bar;mat1-Pi@JAJTTW010000014.1:329739(41%)=withheld_by_bar;matMc@JAJTTW010000001.1:2031169(31%)=withheld_by_bar;matPi@JAJTTW010000014.1:329718(42%)=withheld_by_bar
GCA_036971255.1_ASM3697125v1	Orbiliales	withheld	best_hit_elsewhere	JAJTTX010000027.1:9396-22700	MAT1-2-1@JAJTTX010000009.1:97430(42%)=withheld_by_bar;MATALPHA2@JAJTTX010000014.1:308129(40%)=withheld_by_bar;MTLalpha2@JAJTTX010000014.1:308129(39%)=withheld_by_bar;Rsm22-like@JAJTTX010000010.1:1006212(30%)=no_locus;mat1-Mc@JAJTTX010000007.1:523542(37%)=withheld_by_bar;mat1-Pi@JAJTTX010000014.1:308165(37%)=withheld_by_bar;matMc@JAJTTX010000007.1:523530(46%)=withheld_by_bar;matPi@JAJTTX010000014.1:308162(35%)=withheld_by_bar
GCA_036971285.1_ASM3697128v1	Orbiliales	withheld	best_hit_elsewhere	JAJTTZ010000015.1:1452914-1471653	MAT1-2-1@JAJTTZ010000002.1:2828814(44%)=withheld_by_bar;Rsm22-like@JAJTTZ010000015.1:1082346(31%)=no_locus;mat1-Mc@JAJTTZ010000014.1:518655(31%)=withheld_by_bar;matMc@JAJTTZ010000014.1:518655(34%)=withheld_by_bar;matPi@JAJTTZ010000019.1:145466(37%)=withheld_by_bar
GCA_036971295.1_ASM3697129v1	Orbiliales	low	best_hit_elsewhere	JAJTTY010000005.1:340799-358436	MAT1-2-1@JAJTTY010000009.1:521832(29%)=withheld_by_bar;Rsm22-like@JAJTTY010000005.1:727162(32%)=no_locus;mat1-Mc@JAJTTY010000009.1:521832(31%)=withheld_by_bar;matMc@JAJTTY010000009.1:521832(33%)=withheld_by_bar;matPi@JAJTTY010000001.1:1918691(46%)=withheld_by_bar
GCA_036971325.1_ASM3697132v1	Orbiliales	low	best_hit_elsewhere	JAJTUA010000003.1:289601-300427	MAT1-2-1@JAJTUA010000007.1:1387420(29%)=withheld_by_bar;Rsm22-like@JAJTUA010000003.1:677477(32%)=no_locus;mat1-Mc@JAJTUA010000007.1:1387507(31%)=withheld_by_bar;matMc@JAJTUA010000007.1:1387507(33%)=withheld_by_bar;matPi@JAJTUA010000001.1:2074121(46%)=withheld_by_bar
GCA_036971385.1_ASM3697138v1	Orbiliales	withheld	best_hit_elsewhere	JAJTUD010000010.1:284030-293016	MAT1-2-1@JAJTUD010000014.1:100239(39%)=withheld_by_bar;Rsm22-like@JAJTUD010000010.1:620176(32%)=no_locus;mat1-Mc@JAJTUD010000017.1:489096(43%)=withheld_by_bar;matMc@JAJTUD010000017.1:489096(49%)=withheld_by_bar;matPi@JAJTUD010000001.1:1871111(38%)=withheld_by_bar
GCA_036971405.1_ASM3697140v1	Orbiliales	withheld	best_hit_elsewhere	JAJTUE010000010.1:321015-329618	MAT1-2-1@JAJTUE010000003.1:1374252(40%)=withheld_by_bar;Rsm22-like@JAJTUE010000010.1:629232(32%)=no_locus;mat1-Mc@JAJTUE010000011.1:979652(29%)=withheld_by_bar;matMc@JAJTUE010000011.1:979652(32%)=withheld_by_bar;matPi@JAJTUE010000001.1:2492376(36%)=withheld_by_bar
GCA_036971435.1_ASM3697143v1	Orbiliales	withheld	best_hit_elsewhere	JAKDFA010000013.1:1228770-1280614	MAT1-2-1@JAKDFA010000014.1:509365(27%)=withheld_by_bar;Rsm22-like@JAKDFA010000013.1:924929(32%)=withheld_by_bar;mat1-Mc@JAKDFA010000014.1:509365(29%)=withheld_by_bar;matMc@JAKDFA010000014.1:509365(34%)=withheld_by_bar;matPi@JAKDFA010000001.1:1766265(37%)=withheld_by_bar
GCA_036971535.1_ASM3697153v1	Orbiliales	withheld	best_hit_elsewhere	JAJTUG010000022.1:341859-356785	MAT1-2-1@JAJTUG010000003.1:2330088(43%)=withheld_by_bar;Rsm22-like@JAJTUG010000011.1:926020(39%)=withheld_by_bar;mat1-Mc@JAJTUG010000006.1:1059062(41%)=withheld_by_bar;matMc@JAJTUG010000006.1:1059050(46%)=withheld_by_bar;matPi@JAJTUG010000002.1:1877614(46%)=withheld_by_bar
GCA_036971555.1_ASM3697155v1	Orbiliales	withheld	best_hit_elsewhere	JAJTUH010000011.1:371954-398488	MAT1-2-1@JAJTUH010000007.1:2443924(40%)=withheld_by_bar;Rsm22-like@JAJTUH010000011.1:781499(31%)=no_locus;mat1-Mc@JAJTUH010000002.1:2313602(36%)=withheld_by_bar;matMc@JAJTUH010000002.1:2313602(46%)=withheld_by_bar;matPi@JAJTUH010000006.1:1926122(36%)=withheld_by_bar
GCA_036971575.1_ASM3697157v1	Orbiliales	low	best_hit_elsewhere	JAJTUI010000009.1:278087-281577	MAT1-2-1@JAJTUI010000021.1:100445(38%)=withheld_by_bar;MATA2@JAJTUI010000004.1:270883(37%)=withheld_by_bar;MATALPHA2@JAJTUI010000004.1:270853(42%)=withheld_by_bar;MTLalpha2@JAJTUI010000004.1:270874(40%)=withheld_by_bar;Rsm22-like@JAJTUI010000009.1:646030(29%)=no_locus;mat1-Mc@JAJTUI010000012.1:487959(27%)=withheld_by_bar;matMc@JAJTUI010000012.1:487959(32%)=withheld_by_bar;matPi@JAJTUI010000004.1:270907(37%)=withheld_by_bar
GCA_036971655.1_TWF281	Orbiliales	withheld	best_hit_elsewhere	JAVHJN010000012.1:300759-312358	MAT1-2-1@JAVHJN010000005.1:101003(39%)=withheld_by_bar;MATA2@JAVHJN010000009.1:321296(38%)=withheld_by_bar;MATALPHA2@JAVHJN010000009.1:321311(43%)=withheld_by_bar;MTLalpha2@JAVHJN010000009.1:321278(30%)=withheld_by_bar;Rsm22-like@JAVHJN010000012.1:672814(30%)=withheld_by_bar;mat1-Mc@JAVHJN010000006.1:1247526(37%)=withheld_by_bar;mat1-Pi@JAVHJN010000009.1:321314(37%)=withheld_by_bar;matMc@JAVHJN010000006.1:1247514(46%)=withheld_by_bar;matPi@JAVHJN010000009.1:321311(32%)=withheld_by_bar
GCA_037042115.1_ASM3704211v1	Dipodascales	low	best_hit_elsewhere	JAXQJU010000475.1:4361-6820	MAT1-1-3@JAXQJU010000655.1:1086(27%)=withheld_by_bar;MAT1-2-1@JAXQJU010000655.1:975(27%)=withheld_by_bar;MATA1@JAXQJU010000169.1:8604(26%)=withheld_by_bar;MATA2@JAXQJU010000159.1:8672(36%)=withheld_by_bar;MATALPHA2@JAXQJU010000159.1:8699(39%)=withheld_by_bar;MTLalpha2@JAXQJU010000159.1:8612(35%)=withheld_by_bar;mat1-Mc@JAXQJU010000655.1:1149(26%)=withheld_by_bar;mat1-Pi@JAXQJU010000159.1:8723(55%)=withheld_by_bar;matMc@JAXQJU010000655.1:1140(31%)=withheld_by_bar;matPi@JAXQJU010000159.1:8702(42%)=withheld_by_bar
GCA_038497395.1_Lipokono1	Lipomycetales	low	best_hit_here	MU971340.1:257291-350779	MAT1-1-3@MU971388.1:46742(28%)=withheld_by_bar;MAT1-2-1@MU971388.1:46718(31%)=withheld_by_bar;MATALPHA2@MU971363.1:9359(42%)=withheld_by_bar;Rsm22-like@MU971378.1:103766(33%)=no_locus;mat1-Mc@MU971339.1:80739(35%)=withheld_by_bar;mat1-Pi@MU971363.1:9392(52%)=withheld_by_bar;matMc@MU971388.1:46691(27%)=withheld_by_bar;matPi@MU971363.1:9371(48%)=withheld_by_bar
GCA_038497425.1_Liptetra1	Lipomycetales	low	best_hit_here	MU968990.1:215332-244087	MATALPHA2@MU968974.1:93987(41%)=withheld_by_bar;Rsm22-like@MU968999.1:144937(37%)=withheld_by_bar;mat1-Pi@MU968974.1:93990(52%)=withheld_by_bar;matPi@MU968974.1:93987(46%)=withheld_by_bar
GCA_038497925.1_Lst7851_1	Lipomycetales	low	best_hit_here	MU971828.1:274502-299933	MATALPHA2@MU971827.1:228308(38%)=withheld_by_bar;Rsm22-like@MU971819.1:133418(30%)=no_locus;mat1-Pi@MU971827.1:228371(52%)=withheld_by_bar;matPi@MU971827.1:228287(38%)=withheld_by_bar
GCA_038497925.1_Lst7851_1	Lipomycetales	low	best_hit_here	MU971828.1:274502-299933	MATALPHA2@MU971827.1:228308(38%)=withheld_by_bar;Rsm22-like@MU971819.1:133418(30%)=no_locus;mat1-Pi@MU971827.1:228371(52%)=withheld_by_bar;matPi@MU971827.1:228287(38%)=withheld_by_bar
GCA_047671915.1_ASM4767191v1	Orbiliales	low	best_hit_elsewhere	JBAMKL010000499.1:3799-16349	MAT1-2-1@JBAMKL010002172.1:5556(36%)=withheld_by_bar;Rsm22-like@JBAMKL010001414.1:657(35%)=no_locus;mat1-Mc@JBAMKL010000840.1:863(41%)=withheld_by_bar;matMc@JBAMKL010000840.1:863(45%)=withheld_by_bar;matPi@JBAMKL010000518.1:18651(46%)=withheld_by_bar
GCA_047671935.1_ASM4767193v1	Orbiliales	low	best_hit_elsewhere	JBAMKM010000545.1:544-13554	MAT1-2-1@JBAMKM010000567.1:13595(36%)=withheld_by_bar;Rsm22-like@JBAMKM010001242.1:1679(35%)=no_locus;mat1-Mc@JBAMKM010000226.1:38124(41%)=withheld_by_bar;matMc@JBAMKM010000226.1:38124(45%)=withheld_by_bar;matPi@JBAMKM010002762.1:2126(33%)=withheld_by_bar
GCA_047671935.1_ASM4767193v1	Orbiliales	low	best_hit_elsewhere	JBAMKM010000545.1:990-13439	MAT1-2-1@JBAMKM010000567.1:13595(36%)=withheld_by_bar;Rsm22-like@JBAMKM010001242.1:1679(35%)=no_locus;mat1-Mc@JBAMKM010000226.1:38124(41%)=withheld_by_bar;matMc@JBAMKM010000226.1:38124(45%)=withheld_by_bar;matPi@JBAMKM010002762.1:2126(33%)=withheld_by_bar
GCA_047716655.1_ASM4771665v1	Orbiliales	withheld	best_hit_elsewhere	JBAMJN010000737.1:13443-20268	MAT1-2-1@JBAMJN010000807.1:6592(36%)=withheld_by_bar;Rsm22-like@JBAMJN010000887.1:5683(35%)=no_locus;mat1-Mc@JBAMJN010001496.1:1371(41%)=withheld_by_bar;matMc@JBAMJN010001496.1:1371(45%)=withheld_by_bar;matPi@JBAMJN010003228.1:3431(33%)=withheld_by_bar
GCA_057557895.1_ASM5755789v1	Dipodascales	low	best_hit_elsewhere	JBWXUM010000152.1:19788-26837	MAT1-1-3@JBWXUM010000051.1:8038(36%)=withheld_by_bar;MAT1-2-1@JBWXUM010000051.1:8011(48%)=withheld_by_bar;MATALPHA2@JBWXUM010000016.1:83551(42%)=withheld_by_bar;Rsm22-like@JBWXUM010000075.1:1421(28%)=no_locus;mat1-Mc@JBWXUM010000051.1:8053(39%)=withheld_by_bar;mat1-Pi@JBWXUM010000016.1:83554(40%)=withheld_by_bar;matMc@JBWXUM010000051.1:8029(39%)=withheld_by_bar;matPi@JBWXUM010000016.1:83551(59%)=withheld_by_bar
GCA_060307455.1_ASM6030745v1	Xylariales	low	best_hit_elsewhere	JCBLTT010000052.1:10-12206	MAT1-1-3@JCBLTT010000025.1:18874(33%)=withheld_by_bar;MAT1-2-1@JCBLTT010000025.1:18871(43%)=withheld_by_bar
GCA_900518985.1_YAAL0	Dipodascales	withheld	best_hit_here	ULGN01000006.1:292382-309793	MAT1-1-3@ULGN01000003.1:1092108(34%)=withheld_by_bar;MAT1-2-1@ULGN01000003.1:1092105(50%)=withheld_by_bar;MTLalpha2@ULGN01000003.1:2913157(37%)=withheld_by_bar;Rsm22-like@ULGN01000007.1:641868(29%)=withheld_by_bar;mat1-Mc@ULGN01000003.1:1092108(41%)=withheld_by_bar;mat1-Pi@ULGN01000003.1:2913163(43%)=withheld_by_bar;matMc@ULGN01000003.1:1092114(40%)=withheld_by_bar;matPi@ULGN01000003.1:2913160(52%)=withheld_by_bar
GCA_900518985.1_YAAL0	Dipodascales	low	best_hit_here	ULGN01000006.1:292382-309793	MAT1-1-3@ULGN01000003.1:1092108(34%)=withheld_by_bar;MAT1-2-1@ULGN01000003.1:1092105(50%)=withheld_by_bar;MTLalpha2@ULGN01000003.1:2913157(37%)=withheld_by_bar;Rsm22-like@ULGN01000007.1:641868(29%)=withheld_by_bar;mat1-Mc@ULGN01000003.1:1092108(41%)=withheld_by_bar;mat1-Pi@ULGN01000003.1:2913163(43%)=withheld_by_bar;matMc@ULGN01000003.1:1092114(40%)=withheld_by_bar;matPi@ULGN01000003.1:2913160(52%)=withheld_by_bar
GCA_900519055.1_YAGA0	Dipodascales	low	best_hit_elsewhere	ULGS01000006.1:145622-153691	MAT1-1-3@ULGS01000002.1:1010917(32%)=withheld_by_bar;MAT1-2-1@ULGS01000002.1:1010929(49%)=withheld_by_bar;Rsm22-like@ULGS01000004.1:1268797(30%)=withheld_by_bar;mat1-Mc@ULGS01000002.1:1010917(41%)=withheld_by_bar;matMc@ULGS01000002.1:1010929(41%)=withheld_by_bar;matPi@ULGS01000005.1:748105(54%)=withheld_by_bar
GCA_900519055.1_YAGA0	Dipodascales	low	best_hit_elsewhere	ULGS01000006.1:145622-153691	MAT1-1-3@ULGS01000002.1:1010917(32%)=withheld_by_bar;MAT1-2-1@ULGS01000002.1:1010929(49%)=withheld_by_bar;Rsm22-like@ULGS01000004.1:1268797(30%)=withheld_by_bar;mat1-Mc@ULGS01000002.1:1010917(41%)=withheld_by_bar;matMc@ULGS01000002.1:1010929(41%)=withheld_by_bar;matPi@ULGS01000005.1:748105(54%)=withheld_by_bar
GCA_964254685.1_public_SRR1531517_concoct_bin.16	Pertusariales	low	best_hit_here	CAXUTT010000267.1:5504-18172	MAT1-2-1@CAXUTT010000001.1:313492(46%)=no_locus
GCF_000441935.1_MHA_v2	Orbiliales	withheld	best_hit_elsewhere	NW_011644707.1:27407-35833	MAT1-2-1@NW_011644365.1:380921(40%)=withheld_by_bar;Rsm22-like@NW_011644375.1:9062(33%)=no_locus;mat1-Mc@NW_011644728.1:33521(41%)=withheld_by_bar;matMc@NW_011644728.1:33521(44%)=withheld_by_bar;matPi@NW_011644520.1:59893(37%)=withheld_by_bar
GCF_029532465.1_Liptet1	Lipomycetales	low	best_hit_here	NW_026611597.1:1158352-1187108	MATALPHA2@NW_026611605.1:526890(41%)=withheld_by_bar;Rsm22-like@NW_026611599.1:1302743(37%)=withheld_by_bar;mat1-Pi@NW_026611605.1:526893(52%)=withheld_by_bar;matPi@NW_026611605.1:526890(46%)=withheld_by_bar
GCA_000587855.1_B50	Mucorales	withheld	best_hit_here	KK076501.1:473260-520603	btbA@KK076459.1:390155(45%)=no_locus;sexP@KK076440.1:18559(30%)=withheld_by_bar
GCA_000697415.1_UmbIsaB7317-1.0	Umbelopsidales	low	best_hit_here	JNEQ01000056.1:749075-753439	btbA@JNEQ01000042.1:843022(29%)=no_locus;sexM@JNEQ01000036.1:1320636(43%)=no_locus
GCA_000697435.1_RhiVarB7584-1.0	Mucorales	withheld	best_hit_here	JNES01000944.1:209980-256000	btbA@JNES01000961.1:188183(45%)=no_locus;sexP@JNES01000953.1:221518(30%)=withheld_by_bar
GCA_016758895.1_ASM1675889v1	Umbelopsidales	low	best_hit_elsewhere	JAEPRA010000016.1:141223-158571	btbA@JAEPRA010000004.1:1229359(30%)=no_locus;sexM@JAEPRA010000006.1:1005003(27%)=withheld_by_bar;sexP@JAEPRA010000006.1:1005000(27%)=withheld_by_bar
GCA_016758905.1_ASM1675890v1	Umbelopsidales	low	best_hit_elsewhere	JAEPQZ010000017.1:104013-119940	btbA@JAEPQZ010000008.1:861286(31%)=no_locus;sexM@JAEPQZ010000010.1:891048(34%)=no_locus;sexP@JAEPQZ010000017.1:416184(26%)=called_flankcarried
GCA_016758905.1_ASM1675890v1	Umbelopsidales	low	best_hit_here	JAEPQZ010000017.1:412287-416732	btbA@JAEPQZ010000008.1:861286(31%)=no_locus;sexM@JAEPQZ010000010.1:891048(34%)=no_locus
GCA_027595865.1_Umbelopsis_isabellina_MPG-14A_reass_enz	Umbelopsidales	low	best_hit_here	JANJFK010000028.1:163721-168087	btbA@JANJFK010000001.1:176970(29%)=no_locus;sexM@JANJFK010000029.1:127024(43%)=no_locus
GCA_037039815.1_ASM3703981v1	Umbelopsidales	withheld	best_hit_elsewhere	JAXQGL010000038.1:212610-237840	btbA@JAXQGL010000051.1:242008(30%)=no_locus;sexM@JAXQGL010000050.1:377535(45%)=no_locus;sexP@JAXQGL010000038.1:443359(25%)=called_flankcarried
GCA_037039815.1_ASM3703981v1	Umbelopsidales	low	best_hit_here	JAXQGL010000038.1:439445-444075	btbA@JAXQGL010000051.1:242008(30%)=no_locus;sexM@JAXQGL010000050.1:377535(45%)=no_locus
GCA_053572175.1_ASM5357217v1	Umbelopsidales	low	best_hit_elsewhere	JAYKKX010000013.1:106814-110949	btbA@JAYKKX010000006.1:457542(30%)=no_locus;sexM@JAYKKX010000002.1:1331624(36%)=no_locus;sexP@JAYKKX010000002.1:1776042(35%)=no_locus
GCA_054906655.1_Umbelopsis_nana_v._1.0	Umbelopsidales	low	best_hit_elsewhere	BAAHSD010000001.1:143205-160100	btbA@BAAHSD010000002.1:2044539(31%)=no_locus;sexM@BAAHSD010000004.1:1092027(35%)=no_locus;sexP@BAAHSD010000004.1:391609(25%)=no_locus
GCA_964291815.1_UMBE_WA70503	Umbelopsidales	low	best_hit_elsewhere	CAXYTU010000169.1:106865-111000	btbA@CAXYTU010000180.1:843042(30%)=no_locus;sexM@CAXYTU010000112.1:1153648(36%)=no_locus;sexP@CAXYTU010000112.1:1598237(35%)=no_locus
GCA_977092135.1_gzAbsCyli1	Mucorales	low	best_hit_elsewhere	CDRYNH010000012.1:717983-761620	btbA@CDRYNH010000029.1:2989218(54%)=no_locus;sexM@CDRYNH010000023.1:4856217(40%)=called_coremodelled;sexP@CDRYNH010000023.1:4856526(38%)=called_coremodelled
GCA_977110905.1_gzMucHiem1	Mucorales	low	best_hit_elsewhere	CDSBDF010000023.1:973776-1012464	btbA@CDSBDF010000020.1:3356819(44%)=no_locus;sexM@CDSBDF010000022.1:1487016(30%)=no_locus;sexP@CDSBDF010000023.1:1222374(31%)=no_locus
GCA_977110975.1_gzUmbVina2	Umbelopsidales	low	best_hit_elsewhere	CDSBDG010000016.1:219389-223444	btbA@CDSBDG010000003.1:537157(33%)=no_locus;sexM@CDSBDG010000002.1:1085477(35%)=no_locus;sexP@CDSBDG010000002.1:668920(36%)=no_locus
GCF_025399195.1_Umbra1	Umbelopsidales	low	best_hit_elsewhere	NW_026252087.1:139483-157423	btbA@NW_026252100.1:204383(30%)=no_locus;sexM@NW_026252106.1:172370(32%)=no_locus;sexP@NW_026252104.1:330998(27%)=withheld_by_bar
GCA_019788775.1_ASM1978877v1	Mortierellales	withheld	best_hit_elsewhere	JAIFTL010000165.1:36645-50101	btbA@JAIFTL010000455.1:7180(23%)=no_locus;sexM@JAIFTL010000111.1:56508(46%)=no_locus;sexP@JAIFTL010000324.1:15194(38%)=no_locus
GCA_033807515.1_Morgam1	Mortierellales	withheld	best_hit_elsewhere	JAWHKS010000011.1:208935-273008	btbA@JAWHKS010000150.1:53134(23%)=no_locus;sexM@JAWHKS010000079.1:61784(44%)=no_locus;sexP@JAWHKS010000079.1:61763(34%)=no_locus
GCA_027577175.1_UCR_CoemS146_1.0	Kickxellales	low	best_hit_elsewhere	JANBQN010000031.1:57994-126852	sexM@JANBQN010000157.1:9838(40%)=no_locus;sexP@JANBQN010000157.1:9910(46%)=no_locus
