asmid	species	family	contig	start	end	idiomorph	confidence	locus_class	clf_input	margin	genes
GCA_000325505.1_RHIrdgD1.0	Rhizopus microsporus	Rhizopodaceae	ANKS01000730.1	11886	20501	Minus	high	mat_locus	model	141.1	sexM,rnhA,glrA
GCA_000401635.1_Muco_sp_1006Ph_V1	Mucor circinelloides	Mucoraceae	KE123975.1	61475	76275	Plus	high	mat_locus	model	328.1	tptA,sexP,rnhA,algA,glrA
GCA_000534915.1_ASM53491v1	Umbelopsis isabellina	Umbelopsidaceae	BAVE01000001.1	119579	124056	Plus	high	mat_locus	model	48.0	tptA,sexP,algA
GCA_000587855.1_B50	Mucor irregularis	Mucoraceae	KK076501.1	473260	520603	Minus	high	mat_locus	model	30.1	tptA,sexM,rnhA,algA,glrA
GCA_000696895.1_MucVelB5328-1.0	Mucor velutinosus	Mucoraceae	JNDK01002395.1	31770	92235	Minus	high	mat_locus	model	109.4	tptA,sexM,rnhA,algA,glrA
GCA_000696915.1_RhiOryB7407-1.0	Rhizopus arrhizus	Rhizopodaceae	JNDL01002582.1	2948	17487	Minus	high	mat_locus	model	161.2	tptA,sexM,rnhA,glrA,btbA
GCA_000696935.1_MucCirB8987-1.0	Mucor circinelloides	Mucoraceae	JNDM01001507.1	2449	17280	Plus	high	mat_locus	model	327.1	tptA,sexP,rnhA,algA,glrA
GCA_000696955.1_SynRacB6101-1.0	Syncephalastrum racemosum	Syncephalastraceae	JNDN01000979.1	785701	854865	Plus	high	mat_locus	model	125.4	sexP,rnhA,algA
GCA_000696975.1_ApoTraB9324-1.0	Apophysomyces trapeziformis	Mucoraceae	JNDP01001082.1	17134	24947	Plus	high	mat_locus	model	153.2	tptA,sexP,algA
GCA_000696995.1_ApoEleB7760-1.0	Apophysomyces elegans	Mucoraceae	JNDQ01001420.1	63681	70569	Minus	high	mat_locus	model	87.4	tptA,sexM,algA
GCA_000697015.1_CunEleB9769-1.0	Cunninghamella elegans	Cunninghamellaceae	JNDR01001106.1	117437	127633	Minus	high	mat_locus	model	62.6	tptA,sexM,rnhA,algA
GCA_000697035.1_RhiStoB9770-1.0	Rhizopus stolonifer	Rhizopodaceae	JNDS01005206.1	259	17015	Plus	high	mat_locus	model	275.0	sexP,rnhA,glrA,btbA
GCA_000697055.1_SakVasB4078-1.0	Saksenaea vasiformis	Saksenaeaceae	JNDT01002012.1	18024	41832	Minus	high	mat_locus	model	63.7	tptA,sexM,rnhA,algA
GCA_000697075.1_RhiOry13440-1.0	Rhizopus arrhizus	Rhizopodaceae	JNDU01002577.1	2509	17029	Minus	high	mat_locus	model	164.0	tptA,sexM,rnhA,glrA,btbA
GCA_000697095.1_RhiDel18148-1.0	Rhizopus arrhizus	Rhizopodaceae	JNDV01014111.1	25739	80137	Plus	medium	mat_locus	model	305.6	tptA,sexP,sexM,rnhA,btbA
GCA_000697115.1_RhiOry21396-1.0	Rhizopus arrhizus	Rhizopodaceae	JNDW01002981.1	8460	23647	Plus	high	mat_locus	model	305.5	tptA,sexP,sexM,rnhA,glrA,btbA
GCA_000697135.1_RhiOry99-133-1.0	Rhizopus arrhizus	Rhizopodaceae	JNDX01004072.1	2302	17515	Plus	high	mat_locus	model	305.8	tptA,sexP,sexM,rnhA,glrA,btbA
GCA_000697155.1_RhiDel21789-1.0	Rhizopus delemar	Rhizopodaceae	JNDY01003786.1	9946	16800	Plus	high	mat_locus	model	72.4	tptA,sexP,rnhA,glrA,btbA
GCA_000697195.1_MucRam97-1192-1.0	Rhizopus arrhizus	Rhizopodaceae	JNEF01003481.1	13786	29008	Plus	high	mat_locus	model	305.8	tptA,sexP,sexM,rnhA,glrA,btbA
GCA_000697215.1_CunBer175-1.0	Cunninghamella bertholletiae	Cunninghamellaceae	JNEG01000802.1	76004	86435	Plus	high	mat_locus	model	207.1	tptA,sexP,rnhA,algA
GCA_000697235.1_CokRecB5483-1.0	Cokeromyces recurvatus	Mucoraceae	JNEH01001784.1	5885	13384	Minus	high	mat_locus	model	119.9	sexM,rnhA,algA
GCA_000697255.1_MucRacB9645-1.0	Mucor racemosus	Mucoraceae	JNEI01005832.1	3951	20016	Minus	high	mat_locus	model	30.9	tptA,sexM,rnhA,algA,glrA
GCA_000697255.1_MucRacB9645-1.0	Mucor racemosus	Mucoraceae	JNEI01002668.1	17082	26115	Plus	high	mat_locus	model	270.4	sexP,rnhA,glrA
GCA_000697275.1_RhiMicB9738-1.0	Rhizopus microsporus	Rhizopodaceae	JNEJ01002299.1	894	16960	Minus	high	mat_locus	model	30.9	tptA,sexM,rnhA,algA,glrA
GCA_000697275.1_RhiMicB9738-1.0	Rhizopus microsporus	Rhizopodaceae	JNEJ01004598.1	9082	18114	Plus	high	mat_locus	model	270.4	sexP,rnhA,glrA
GCA_000697295.1_MucIndB7402-1.0	Mucor indicus	Mucoraceae	JNEK01003012.1	67551	76544	Minus	high	mat_locus	model	99.7	sexM,rnhA,glrA
GCA_000697295.1_MucIndB7402-1.0	Mucor indicus	Mucoraceae	JNEK01003092.1	78207	89907	Minus	high	mat_locus	model	29.7	tptA,sexM,algA,glrA
GCA_000697315.1_CunBerB7461-1.0	Cunninghamella bertholletiae	Cunninghamellaceae	JNEL01000814.1	147556	158001	Plus	high	mat_locus	model	207.1	tptA,sexP,rnhA,algA
GCA_000697355.1_SynMonB8922-1.0	Syncephalastrum monosporum	Syncephalastraceae	JNEN01001244.1	251204	256614	Minus	medium	partial_locus	model	29.7	sexM,rnhA
GCA_000697415.1_UmbIsaB7317-1.0	Umbelopsis isabellina	Umbelopsidaceae	JNEQ01000056.1	749075	753439	Plus	low	partial_locus	hsp_fragment	92.2	tptA,sexP,algA
GCA_000697435.1_RhiVarB7584-1.0	Mucor irregularis	Mucoraceae	JNES01000944.1	209980	256000	Minus	high	mat_locus	model	30.1	tptA,sexM,rnhA,algA,glrA
GCA_000697495.1_SakOblB3353-1.0	Saksenaea oblongispora	Saksenaeaceae	JNEV01001369.1	14452	21968	Minus	high	mat_locus	model	45.6	tptA,sexM,algA
GCA_000697605.1_RhiOryHUMC02-1.0	Rhizopus arrhizus	Rhizopodaceae	KK960746.1	15724	31198	Plus	high	mat_locus	model	305.5	tptA,sexP,sexM,rnhA,glrA,btbA
GCA_000697725.1_RhiOry99-892-1.0	Rhizopus arrhizus	Rhizopodaceae	KK998240.1	11741	26427	Minus	high	mat_locus	model	166.5	tptA,sexM,rnhA,glrA,btbA
GCA_000738565.1_RhiAzyB7455-1.0	Rhizopus microsporus	Rhizopodaceae	JNER01003932.1	13764	53552	Plus	high	mat_locus	model	266.9	sexP,rnhA,glrA,btbA
GCA_000738585.1_RhiDel21477-1.0	Rhizopus delemar	Rhizopodaceae	KL997304.1	37668	72422	Minus	high	mat_locus	model	156.6	tptA,sexM,rnhA,algA,glrA,btbA
GCA_000738595.1_RhiDel21447-1.0	Rhizopus delemar	Rhizopodaceae	KL996174.1	12030	27651	Plus	high	mat_locus	model	297.4	tptA,sexP,sexM,rnhA,glrA,btbA
GCA_000738605.1_RhiDel21446-1.0	Rhizopus delemar	Rhizopodaceae	KL995476.1	27198	91434	Plus	high	mat_locus	model	297.4	tptA,sexP,sexM,rnhA,glrA,btbA
GCA_000825725.1_Rmicro_CBS_344.29_Allpaths-LG	Rhizopus microsporus	Rhizopodaceae	CDGI01000513.1	15668	25081	Minus	high	mat_locus	model	139.4	sexM,rnhA,glrA
GCA_000825725.1_Rmicro_CBS_344.29_Allpaths-LG	Rhizopus microsporus	Rhizopodaceae	CDGI01000728.1	4282	13225	Plus	high	mat_locus	model	269.0	sexP,rnhA,glrA
GCA_000938895.1_PP.v1	Parasitella parasitica	Mucoraceae	LN733372.1	22104	40967	Plus	medium	mat_locus	model	305.5	tptA,sexP,sexM,rnhA,algA,glrA
GCA_000950595.1_ASM95059v1	Mucor ambiguus	Mucoraceae	DF836646.1	11671	26536	Plus	high	mat_locus	model	316.1	tptA,sexP,rnhA,algA,glrA
GCA_001276145.1_ASM127614v1	Mucor circinelloides	Mucoraceae	KQ435617.1	1539	16467	Minus	high	mat_locus	model	87.4	tptA,sexM,rnhA,algA,glrA
GCA_001599575.1_JCM_22480_assembly_v001	Mucor circinelloides	Mucoraceae	BCHG01000157.1	4746	19665	Minus	high	mat_locus	model	86.6	tptA,sexM,rnhA,algA,glrA
GCA_001599635.1_JCM_22485_assembly_v001	Actinomucor elegans	Mucoraceae	BCHK01000042.1	211162	226044	Plus	high	mat_locus	model	280.3	tptA,sexP,rnhA,algA,glrA
GCA_001650995.1_ASM165099v1	Gongronella sp. w5	Cunninghamellaceae	KV441911.1	165009	189353	Minus	high	mat_locus	model	51.9	tptA,sexM,rnhA,algA,glrA
GCA_001683725.1_ASM168372v1	Choanephora cucurbitarum	Choanephoraceae	LUGH01000105.1	8906	21625	Plus	high	mat_locus	model	263.3	tptA,sexP,rnhA,algA,glrA
GCA_002083735.1_Rhimi_ATCC11559_1	Rhizopus microsporus	Rhizopodaceae	KV921427.1	9557	29610	Plus	high	mat_locus	model	266.9	sexP,sexM,rnhA,glrA
GCA_002083745.1_Rhimi_ATCC52814_1	Rhizopus microsporus	Rhizopodaceae	KV922032.1	10201	19021	Minus	high	mat_locus	model	141.3	sexM,rnhA,glrA
GCA_002104935.1_Hesve2	Hesseltinella vesiculosa	Cunninghamellaceae	MCGT01000028.1	90945	120013	Minus	high	mat_locus	model	48.8	tptA,sexM,rnhA,algA,glrA
GCA_002105135.1_Synrac1	Syncephalastrum racemosum	Syncephalastraceae	MCGN01000004.1	1755506	1760793	Plus	medium	partial_locus	model	125.4	sexP,rnhA
GCA_002105175.1_Absrep1	Absidia repens	Cunninghamellaceae	MCGE01000013.1	766672	782232	Plus	high	mat_locus	model	218.6	tptA,sexP,algA,glrA
GCA_002749535.1_ASM274953v1	Apophysomyces variabilis	Mucoraceae	MZZL01000138.1	192120	199388	Minus	high	mat_locus	model	87.7	tptA,sexM,algA
GCA_003325415.1_Rstol_CA	Rhizopus stolonifer	Rhizopodaceae	PJQM01000085.1	96	13661	Minus	high	mat_locus	model	79.8	tptA,sexM,rnhA,glrA,btbA
GCA_003325415.1_Rstol_CA	Rhizopus stolonifer	Rhizopodaceae	PJQM01000010.1	1	11854	Plus	high	mat_locus	model	178.0	tptA,sexP,rnhA,algA,glrA
GCA_003325435.1_Razy_CA	Rhizopus azygosporus	Rhizopodaceae	PJQL01000316.1	3611	12235	Minus	high	mat_locus	model	146.9	sexM,rnhA,glrA
GCA_003325435.1_Razy_CA	Rhizopus azygosporus	Rhizopodaceae	PJQL01000452.1	1415	17611	Plus	medium	partial_locus	model	266.9	sexP,sexM,rnhA
GCA_006680115.1_ASM668011v1	Rhizopus microsporus	Rhizopodaceae	SMRR01000092.1	2212999	2265023	Plus	high	mat_locus	model	266.9	sexP,sexM,rnhA,glrA,btbA
GCA_010203745.1_Muccir1_3	Mucor lusitanicus	Mucoraceae	JAAECE010000001.1	2221741	2255696	Minus	high	mat_locus	model	126.6	tptA,sexP,sexM,rnhA,algA,glrA
GCA_011762625.1_ASM1176262v1	Rhizopus microsporus	Rhizopodaceae	JAANIL010000430.1	2185	18381	Plus	medium	partial_locus	model	266.9	sexP,sexM,rnhA
GCA_011762635.1_ASM1176263v1	Rhizopus microsporus	Rhizopodaceae	JAANIK010000153.1	1226	17422	Plus	medium	partial_locus	model	266.9	sexP,sexM,rnhA
GCA_011763475.1_ASM1176347v1	Rhizopus microsporus	Rhizopodaceae	JAANIM010000174.1	2212	18408	Plus	medium	partial_locus	model	266.9	sexP,sexM,rnhA
GCA_011763565.1_ASM1176356v1	Rhizopus microsporus	Rhizopodaceae	JAANIN010000426.1	1226	17422	Plus	medium	partial_locus	model	266.9	sexP,sexM,rnhA
GCA_011763585.1_ASM1176358v1	Rhizopus delemar	Rhizopodaceae	JAANIP010000341.1	1922	16473	Minus	high	mat_locus	model	161.3	tptA,sexM,rnhA,glrA,btbA
GCA_011763605.1_ASM1176360v1	Rhizopus delemar	Rhizopodaceae	JAANIO010000501.1	339	7013	Plus	high	mat_locus	model	275.0	sexP,rnhA,glrA
GCA_011763645.1_ASM1176364v1	Rhizopus arrhizus	Rhizopodaceae	JAASGZ010000738.1	1944	10822	Minus	high	mat_locus	model	169.7	tptA,sexM,rnhA,glrA
GCA_011763695.1_ASM1176369v1	Rhizopus delemar	Rhizopodaceae	JAANIQ010000195.1	6704	22115	Plus	high	mat_locus	model	297.4	tptA,sexP,sexM,rnhA,glrA,btbA
GCA_011763715.1_ASM1176371v1	Rhizopus delemar	Rhizopodaceae	JAANIR010000203.1	2006	17417	Plus	high	mat_locus	model	297.4	tptA,sexP,sexM,rnhA,glrA,btbA
GCA_011763735.1_ASM1176373v1	Rhizopus delemar	Rhizopodaceae	JAANIS010000117.1	2003	16554	Minus	high	mat_locus	model	161.3	tptA,sexM,rnhA,glrA,btbA
GCA_011763755.1_ASM1176375v1	Rhizopus delemar	Rhizopodaceae	JAANIW010000329.1	6706	22114	Plus	high	mat_locus	model	297.4	tptA,sexP,sexM,rnhA,glrA,btbA
GCA_011763775.1_ASM1176377v1	Rhizopus arrhizus	Rhizopodaceae	JAANIT010000316.1	2001	16552	Minus	high	mat_locus	model	161.3	tptA,sexM,rnhA,glrA,btbA
GCA_011763795.1_ASM1176379v1	Rhizopus delemar	Rhizopodaceae	JAANIV010000391.1	5320	19871	Minus	high	mat_locus	model	161.3	tptA,sexM,rnhA,glrA,btbA
GCA_011763815.1_ASM1176381v1	Rhizopus delemar	Rhizopodaceae	JAANIU010000625.1	2001	15281	Minus	high	mat_locus	model	161.3	tptA,sexM,rnhA,glrA,btbA
GCA_011763835.1_ASM1176383v1	Rhizopus delemar	Rhizopodaceae	JAANIX010000238.1	1798	17209	Plus	high	mat_locus	model	297.4	tptA,sexP,sexM,rnhA,glrA,btbA
GCA_011763855.1_ASM1176385v1	Rhizopus delemar	Rhizopodaceae	JAANJA010000538.1	2000	16551	Minus	high	mat_locus	model	161.3	tptA,sexM,rnhA,glrA,btbA
GCA_011763875.1_ASM1176387v1	Rhizopus arrhizus	Rhizopodaceae	JAANIZ010000347.1	1929	16480	Minus	high	mat_locus	model	161.3	tptA,sexM,rnhA,glrA,btbA
GCA_011763895.1_ASM1176389v1	Rhizopus delemar	Rhizopodaceae	JAANIY010000640.1	2001	15281	Minus	high	mat_locus	model	161.3	tptA,sexM,rnhA,glrA,btbA
GCA_011763915.1_ASM1176391v1	Rhizopus delemar	Rhizopodaceae	JAANJB010000396.1	4627	19181	Minus	high	mat_locus	model	160.7	tptA,sexM,rnhA,glrA,btbA
GCA_011763935.1_ASM1176393v1	Rhizopus arrhizus	Rhizopodaceae	JAANJC010000844.1	5116	13939	Plus	high	mat_locus	model	305.6	sexP,rnhA,glrA,btbA
GCA_011763955.1_ASM1176395v1	Rhizopus arrhizus	Rhizopodaceae	JAANJD010000832.1	487	9310	Plus	high	mat_locus	model	305.6	sexP,rnhA,glrA,btbA
GCA_011763975.1_ASM1176397v1	Rhizopus arrhizus	Rhizopodaceae	JAANJF010000979.1	168	9869	Plus	high	mat_locus	model	306.5	sexP,rnhA,glrA,btbA
GCA_011763995.1_ASM1176399v1	Rhizopus arrhizus	Rhizopodaceae	JAANJE010000209.1	2043	15326	Minus	high	mat_locus	model	169.7	tptA,sexM,rnhA,glrA,btbA
GCA_011764025.1_ASM1176402v1	Rhizopus arrhizus	Rhizopodaceae	JAANQT010000418.1	2043	16955	Minus	high	mat_locus	model	169.7	tptA,sexM,rnhA,glrA,btbA
GCA_011764045.1_ASM1176404v1	Rhizopus microsporus	Rhizopodaceae	JAANQQ010000155.1	1228	17424	Plus	medium	partial_locus	model	266.9	sexP,sexM,rnhA
GCA_011764055.1_ASM1176405v1	Rhizopus arrhizus	Rhizopodaceae	JAANQS010002783.1	166	3741	Plus	medium	partial_locus	model	305.8	sexP,btbA
GCA_011764125.1_ASM1176412v1	Rhizopus arrhizus	Rhizopodaceae	JAANQV010000154.1	93	13379	Minus	high	mat_locus	model	169.7	tptA,sexM,rnhA,glrA,btbA
GCA_011764145.1_ASM1176414v1	Rhizopus delemar	Rhizopodaceae	JAANQZ010003255.1	2	3625	Plus	medium	partial_locus	model	306.4	sexP,btbA
GCA_011764185.1_ASM1176418v1	Rhizopus arrhizus	Rhizopodaceae	JAANRA010001051.1	1894	11580	Plus	high	mat_locus	model	305.8	sexP,rnhA,glrA,btbA
GCA_011764225.1_ASM1176422v1	Rhizopus arrhizus	Rhizopodaceae	JAANRQ010003168.1	38	3664	Plus	medium	partial_locus	model	305.8	sexP,btbA
GCA_011800955.2_ASM1180095v2	Rhizopus arrhizus	Rhizopodaceae	JAANRM010001105.1	183	9868	Plus	high	mat_locus	model	305.8	sexP,rnhA,glrA,btbA
GCA_011800985.2_ASM1180098v2	Rhizopus arrhizus	Rhizopodaceae	JAANRL010002477.1	200	3775	Plus	medium	partial_locus	model	305.8	sexP,btbA
GCA_011801035.2_ASM1180103v2	Rhizopus arrhizus	Rhizopodaceae	JAANRN010000391.1	5273	20790	Plus	high	mat_locus	model	305.8	tptA,sexP,sexM,rnhA,glrA,btbA
GCA_011801055.2_ASM1180105v2	Rhizopus arrhizus	Rhizopodaceae	JAANRO010000810.1	5273	14637	Plus	medium	partial_locus	model	305.8	tptA,sexP,sexM,btbA
GCA_011801305.2_ASM1180130v2	Rhizopus arrhizus	Rhizopodaceae	JAANRS010001000.1	2211	12156	Plus	high	mat_locus	model	305.8	sexP,rnhA,glrA,btbA
GCA_011801335.2_ASM1180133v2	Rhizopus arrhizus	Rhizopodaceae	JAANRP010000654.1	2043	15326	Minus	high	mat_locus	model	169.7	tptA,sexM,rnhA,glrA,btbA
GCA_011801385.2_ASM1180138v2	Rhizopus arrhizus	Rhizopodaceae	JAANRR010002648.1	134	3760	Plus	medium	partial_locus	model	305.8	sexP,btbA
GCA_011801495.1_ASM1180149v1	Rhizopus arrhizus	Rhizopodaceae	JAANRV010002415.1	171	3797	Plus	medium	partial_locus	model	305.8	sexP,btbA
GCA_011801505.2_ASM1180150v2	Rhizopus arrhizus	Rhizopodaceae	JAANRU010002094.1	1350	4976	Plus	medium	partial_locus	model	305.8	sexP,btbA
GCA_011801555.2_ASM1180155v2	Rhizopus arrhizus	Rhizopodaceae	JAANRX010000827.1	5225	14545	Plus	medium	partial_locus	model	305.8	tptA,sexP,sexM,btbA
GCA_011801575.2_ASM1180157v2	Rhizopus arrhizus	Rhizopodaceae	JAANRW010000843.1	5225	14538	Plus	medium	partial_locus	model	305.8	tptA,sexP,sexM,btbA
GCA_011801605.2_ASM1180160v2	Rhizopus arrhizus	Rhizopodaceae	JAANRT010001072.1	121	9834	Plus	high	mat_locus	model	305.8	sexP,rnhA,glrA,btbA
GCA_011801645.2_ASM1180164v2	Rhizopus arrhizus	Rhizopodaceae	JAANRB010001607.1	596	7666	Plus	medium	partial_locus	model	305.8	sexP,btbA
GCA_011801675.2_ASM1180167v2	Rhizopus arrhizus	Rhizopodaceae	JAANQW010000429.1	5108	18394	Minus	high	mat_locus	model	169.7	tptA,sexM,rnhA,glrA,btbA
GCA_011801705.2_ASM1180170v2	Rhizopus arrhizus	Rhizopodaceae	JAANQY010002666.1	167	3742	Plus	medium	partial_locus	model	305.8	sexP,btbA
GCA_011801725.2_ASM1180172v2	Rhizopus arrhizus	Rhizopodaceae	JAANQX010000106.1	27507	31133	Plus	medium	partial_locus	model	305.8	sexP,btbA
GCA_011801785.2_ASM1180178v2	Rhizopus arrhizus	Rhizopodaceae	JAANQR010000620.1	2208	15499	Minus	high	mat_locus	model	169.6	tptA,sexM,rnhA,glrA,btbA
GCA_011801815.2_ASM1180181v2	Rhizopus arrhizus	Rhizopodaceae	JAANQU010000727.1	170	9482	Plus	medium	partial_locus	model	305.8	tptA,sexP,sexM,btbA
GCA_011950945.2_ASM1195094v2	Rhizopus arrhizus	Rhizopodaceae	JAANRD010001073.1	200	9910	Plus	high	mat_locus	model	305.8	sexP,rnhA,glrA,btbA
GCA_011950985.2_ASM1195098v2	Rhizopus arrhizus	Rhizopodaceae	JAANRF010000404.1	1943	17348	Plus	high	mat_locus	model	305.5	tptA,sexP,sexM,rnhA,glrA,btbA
GCA_011951285.2_ASM1195128v2	Rhizopus arrhizus	Rhizopodaceae	JAANRG010000803.1	176	13459	Minus	high	mat_locus	model	169.7	tptA,sexM,rnhA,glrA,btbA
GCA_011951295.2_ASM1195129v2	Rhizopus arrhizus	Rhizopodaceae	JAANRC010000468.1	6803	16739	Plus	high	mat_locus	model	305.8	sexP,rnhA,glrA,btbA
GCA_011952045.2_ASM1195204v2	Rhizopus arrhizus	Rhizopodaceae	JAANRH010000687.1	2045	15328	Minus	high	mat_locus	model	169.7	tptA,sexM,rnhA,glrA,btbA
GCA_011952115.2_ASM1195211v2	Rhizopus arrhizus	Rhizopodaceae	JAANRI010000651.1	181	9480	Plus	medium	partial_locus	model	305.8	tptA,sexP,sexM,btbA
GCA_011952145.2_ASM1195214v2	Rhizopus arrhizus	Rhizopodaceae	JAANRJ010002406.1	142	3717	Plus	medium	partial_locus	model	305.8	sexP,btbA
GCA_011952175.2_ASM1195217v2	Rhizopus arrhizus	Rhizopodaceae	JAANRK010002299.1	200	3775	Plus	medium	partial_locus	model	305.8	sexP,btbA
GCA_013461545.1_ASM1346154v1	Syncephalastrum contaminatum	Syncephalastraceae	VAFG01000366.1	411585	427843	Minus	medium	partial_locus	model	29.9	sexM,rnhA
GCA_014839865.1_ASM1483986v1	Apophysomyces ossiformis	Mucoraceae	JABAYA010000049.1	135274	142984	Plus	high	mat_locus	model	135.8	tptA,sexP,algA
GCA_016097715.1_ASM1609771v1	Apophysomyces sp. BC1015	Mucoraceae	JAAZWU010000575.1	6857	16341	Plus	high	mat_locus	model	152.6	tptA,sexP,algA
GCA_016097735.1_ASM1609773v1	Apophysomyces sp. BC1021	Mucoraceae	JAAZWV010000301.1	7086	16570	Plus	high	mat_locus	model	152.6	tptA,sexP,algA
GCA_016097755.1_ASM1609775v1	Apophysomyces sp. BC1034	Mucoraceae	JAAZWW010000327.1	19857	29341	Plus	high	mat_locus	model	152.6	tptA,sexP,algA
GCA_016758895.1_ASM1675889v1	Umbelopsis vinacea	Umbelopsidaceae	JAEPRA010000016.1	141223	158571	undetermined	low	partial_locus	hsp_fragment	13.7	tptA,sexM,algA,glrA
GCA_016758905.1_ASM1675890v1	Umbelopsis isabellina	Umbelopsidaceae	JAEPQZ010000017.1	412287	416732	Plus	low	partial_locus	hsp_fragment	68.5	tptA,sexP,algA
GCA_016758935.1_ASM1675893v1	Thamnidium elegans	Mucoraceae	JAEPRE010000080.1	5527	91751	Plus	high	mat_locus	model	280.3	tptA,sexP,rnhA,algA,glrA
GCA_016758945.1_ASM1675894v1	Mucor plumbeus	Mucoraceae	JAEPRC010000728.1	2569	18636	Minus	high	mat_locus	model	30.9	tptA,sexM,rnhA,algA,glrA
GCA_016758965.1_ASM1675896v1	Circinella minor	Lichtheimiaceae	JAEPRB010000020.1	310559	318219	Plus	medium	partial_locus	model	82.3	sexP,rnhA
GCA_016758985.1_ASM1675898v1	Mucor saturninus	Mucoraceae	JAEPRD010000014.1	253932	301033	Plus	high	mat_locus	model	306.9	sexP,rnhA,algA,glrA
GCA_017871115.1_ASM1787111v1	Cunninghamella blakesleeana	Cunninghamellaceae	JAFCIZ010000005.1	584006	594870	Plus	high	mat_locus	model	202.4	tptA,sexP,rnhA,algA
GCA_019022795.1_ASM1902279v1	Rhizopus delemar	Rhizopodaceae	JAFCNC010000323.1	1979	17387	Plus	high	mat_locus	model	297.4	tptA,sexP,sexM,rnhA,glrA,btbA
GCA_019022815.1_ASM1902281v1	Rhizopus microsporus	Rhizopodaceae	JAFCND010000369.1	9413	25609	Plus	medium	partial_locus	model	266.9	sexP,sexM,rnhA
GCA_019677225.1_ASM1967722v1	Absidia healeyae	Cunninghamellaceae	JAFHAR010000822.1	154	3749	Minus	high	mat_locus	model	58.3	tptA,sexM,algA
GCA_019828915.1_ASM1982891v1	Rhizopus arrhizus	Rhizopodaceae	JACVQQ010004644.1	10	2894	Minus	medium	partial_locus	model	166.8	tptA,sexM
GCA_021235465.1_Umbelo1	Umbelopsis sp. PMI_123	Umbelopsidaceae	JAJSME010000005.1	1355538	1373528	Plus	high	mat_locus	model	60.9	tptA,sexP,algA,glrA
GCA_022702545.1_SJTU-YXQ	Phycomyces nitens	Phycomycetaceae	JAHRBC010000002.1	6830936	6852005	Minus	high	mat_locus	model	134.0	tptA,sexM,rnhA,algA
GCA_023512895.1_ASM2351289v1	Rhizomucor pusillus	Lichtheimiaceae	JAKNBM010000127.1	3603	12755	Plus	medium	idiomorph_gene_only	model	88.4	sexP,sexM
GCA_023629755.1_ASM2362975v1	Mucor circinelloides	Mucoraceae	JAMAMJ010000480.1	9346	24261	Minus	high	mat_locus	model	87.4	tptA,sexM,rnhA,algA,glrA
GCA_023629775.1_ASM2362977v1	Mucor circinelloides	Mucoraceae	JAMAML010000428.1	7612	16345	Plus	high	mat_locus	model	328.1	tptA,sexP,rnhA,algA
GCA_023629815.1_ASM2362981v1	Mucor circinelloides	Mucoraceae	JAMAMK010000501.1	1491	16408	Minus	high	mat_locus	model	87.4	tptA,sexM,rnhA,algA,glrA
GCA_023629835.1_ASM2362983v1	Mucor circinelloides	Mucoraceae	JAMAMH010000487.1	8107	22905	Plus	high	mat_locus	model	328.4	tptA,sexP,rnhA,algA,glrA
GCA_023629855.1_ASM2362985v1	Mucor circinelloides	Mucoraceae	JAMAMG010000425.1	7610	16340	Plus	high	mat_locus	model	328.1	tptA,sexP,rnhA,algA
GCA_023629875.1_ASM2362987v1	Mucor circinelloides	Mucoraceae	JAMAMI010000975.1	341	4647	Plus	high	mat_locus	model	328.1	tptA,sexP,algA
GCA_023630295.1_ASM2363029v1	Rhizopus arrhizus	Rhizopodaceae	JAMAMR010000041.1	88047	148545	Plus	high	mat_locus	model	305.6	tptA,sexP,sexM,rnhA,glrA,btbA
GCA_023630305.1_ASM2363030v1	Syncephalastrum monosporum	Syncephalastraceae	JAMAMS010000120.1	25568	30778	Plus	medium	partial_locus	model	131.1	sexP,rnhA
GCA_023630315.1_ASM2363031v1	Syncephalastrum sp. PYS2703	Syncephalastraceae	JAMAMU010000151.1	3350	8577	Plus	medium	partial_locus	model	121.4	sexP,rnhA
GCA_023630325.1_ASM2363032v1	Syncephalastrum sp. PYS2702	Syncephalastraceae	JAMAMT010000060.1	92723	97950	Plus	medium	partial_locus	model	121.4	sexP,rnhA
GCA_023630335.1_ASM2363033v1	Rhizopus arrhizus	Rhizopodaceae	JAMAMQ010000488.1	3280	17854	Minus	high	mat_locus	model	169.7	tptA,sexM,rnhA,glrA,btbA
GCA_023630435.1_ASM2363043v1	Mucor circinelloides	Mucoraceae	JAMAMP010001032.1	4102	8733	Minus	high	mat_locus	model	84.9	tptA,sexM,algA
GCA_023630465.1_ASM2363046v1	Mucor circinelloides	Mucoraceae	JAMAMO010000771.1	1953	14088	Minus	high	mat_locus	model	84.9	tptA,sexM,rnhA,glrA
GCA_023630475.1_ASM2363047v1	Mucor circinelloides	Mucoraceae	JAMAMN010001208.1	5	6039	Minus	high	mat_locus	model	84.9	tptA,sexM,rnhA
GCA_023630555.1_ASM2363055v1	Mucor circinelloides	Mucoraceae	JAMAMM010000510.1	7128	22043	Minus	high	mat_locus	model	87.4	tptA,sexM,rnhA,algA,glrA
GCA_024139275.1_ASM2413927v1	Backusella macrospora	Backusellaceae	VCJA01002019.1	796	4701	Plus	medium	partial_locus	model	244.4	sexP,algA
GCA_024139395.1_ASM2413939v1	Backusella morwellensis	Backusellaceae	VCJI01001366.1	21890	30893	Minus	medium	mat_locus	model	78.4	sexM,algA,glrA
GCA_024139405.1_ASM2413940v1	Backusella mclennaniae	Backusellaceae	VCJL01001223.1	18537	55888	Minus	high	mat_locus	model	78.9	tptA,sexM,algA,glrA
GCA_024139415.1_ASM2413941v1	Backusella tarrabulga	Backusellaceae	VCJJ01001653.1	25459	34550	Plus	medium	mat_locus	model	236.6	sexP,algA,glrA
GCA_024139485.1_ASM2413948v1	Backusella psychrophila	Backusellaceae	VCJK01001374.1	38725	76997	Plus	high	mat_locus	model	226.6	tptA,sexP,algA,glrA
GCA_024139495.1_ASM2413949v1	Backusella sp. ASU-2019c	Backusellaceae	VCJM01001052.1	15010	24123	Plus	medium	mat_locus	model	224.8	sexP,algA,glrA
GCA_024140155.1_ASM2414015v1	Backusella parvicylindrica	Backusellaceae	VCJB01002633.1	6676	15687	Plus	medium	mat_locus	model	259.1	sexP,algA,glrA
GCA_024140195.1_ASM2414019v1	Backusella luteola	Backusellaceae	VCJC01002502.1	22377	31818	Minus	medium	mat_locus	model	76.5	sexM,algA,glrA
GCA_024140245.1_ASM2414024v1	Backusella tuberculispora	Backusellaceae	VCJD01005173.1	2542	11757	Plus	medium	mat_locus	model	256.0	sexP,algA,glrA
GCA_024140265.1_ASM2414026v1	Backusella liffmaniae	Backusellaceae	VCJE01002432.1	27442	36454	Plus	medium	mat_locus	model	223.1	sexP,algA,glrA
GCA_024140275.1_ASM2414027v1	Backusella australiensis	Backusellaceae	VCJF01002266.1	53706	92839	Minus	high	mat_locus	model	77.7	tptA,sexM,algA,glrA
GCA_024140375.1_ASM2414037v1	Backusella westeae	Backusellaceae	VCJG01003462.1	22301	31320	Plus	medium	mat_locus	model	223.5	sexP,algA,glrA
GCA_024140565.1_ASM2414056v1	Backusella australiensis	Backusellaceae	VCJH01002494.1	56064	95541	Plus	high	mat_locus	model	222.8	tptA,sexP,algA,glrA
GCA_024220505.1_ASM2422050v1	Rhizopus arrhizus	Rhizopodaceae	JAKZZE010000030.1	282592	343497	Minus	high	mat_locus	model	161.2	tptA,sexM,rnhA,glrA,btbA
GCA_024294565.1_ASM2429456v1	Gilbertella persicaria	Choanephoraceae	JAIZWB010000070.1	120189	132580	Plus	high	mat_locus	model	270.6	tptA,sexP,rnhA,algA,glrA
GCA_025201345.1_Thaele1	Thamnidium elegans	Mucoraceae	JAIXMG010000015.1	484077	515953	Plus	high	mat_locus	model	280.3	tptA,sexP,rnhA,algA,glrA
GCA_025201375.1_Gonbut1	Gongronella butleri	Cunninghamellaceae	JAIWZP010000006.1	214310	237937	Minus	high	mat_locus	model	51.7	tptA,sexM,rnhA,algA,glrA
GCA_025201675.1_Cunech1	Cunninghamella echinulata	Cunninghamellaceae	MU612717.1	254	8570	Plus	high	mat_locus	model	207.5	tptA,sexP,rnhA
GCA_025201805.1_Parpar1	Parasitella parasitica	Mucoraceae	MU619237.1	391161	420226	Minus	high	mat_locus	model	130.9	tptA,sexM,rnhA,algA,glrA
GCA_025266875.1_Fenlin1	Fennellomyces sp. T-0311	Lichtheimiaceae	JALLLT010000045.1	310473	320902	Minus	medium	partial_locus	model	57.5	sexM,rnhA
GCA_025330725.1_Chlpad1	Chlamydoabsidia padenii	Cunninghamellaceae	JAIWND010000020.1	94747	126441	Plus	medium	mat_locus	model	209.3	sexP,algA,glrA
GCA_025331435.1_Chocucu1	Choanephora cucurbitarum	Choanephoraceae	JAIWNI010000021.1	246966	259697	Plus	high	mat_locus	model	262.2	tptA,sexP,rnhA,algA,glrA
GCA_025331445.1_Blatri1	Blakeslea trispora	Choanephoraceae	JAIWNE010000009.1	208107	328580	Plus	high	mat_locus	model	236.0	tptA,sexP,sexM,rnhA,algA,glrA,btbA
GCA_025399235.1_Bacci1	Backusella circina	Backusellaceae	MU622345.1	79679	88872	Plus	medium	mat_locus	model	240.9	sexP,algA,glrA
GCA_025504485.1_ASM2550448v1	Mucor circinelloides	Mucoraceae	JAMFRI010000496.1	1491	16289	Plus	high	mat_locus	model	328.1	tptA,sexP,rnhA,algA,glrA
GCA_025504515.1_ASM2550451v1	Mucor circinelloides	Mucoraceae	JAMFRH010000492.1	1546	16466	Minus	high	mat_locus	model	87.4	tptA,sexM,rnhA,algA,glrA
GCA_025528865.1_Pilumb1	Pilobolus umbonatus	Pilobolaceae	JAIXMH010000022.1	297241	317337	Plus	high	mat_locus	model	146.4	sexP,rnhA,algA
GCA_025529335.1_ASM2552933v1	Rhizopus sp. PT2906	Rhizopodaceae	JAMYHX010000536.1	15640	24249	Minus	high	mat_locus	model	122.2	sexM,rnhA,glrA
GCA_025529335.1_ASM2552933v1	Rhizopus sp. PT2906	Rhizopodaceae	JAMYHX010000515.1	12795	21827	Plus	high	mat_locus	model	272.9	sexP,rnhA,glrA
GCA_025531835.1_PnitS608_1	Phycomyces nitens	Phycomycetaceae	JAJDOM010000040.1	163387	186298	Plus	high	mat_locus	model	234.9	tptA,sexP,rnhA,algA
GCA_025677825.1_Helpul1	Helicostylum pulchrum	Mucoraceae	JAIXMO010000047.1	144893	184280	Plus	high	mat_locus	model	290.6	tptA,sexP,rnhA,algA,glrA
GCA_025716855.1_Pilano1	Pilaira anomala	Mucoraceae	JAIXMQ010000034.1	197917	238757	Plus	high	mat_locus	model	295.0	sexP,rnhA,algA,glrA
GCA_025766325.1_Benpoi1	Benjaminiella poitrasii	Mucoraceae	JAMKHW010000001.1	2127990	2136048	Minus	high	mat_locus	model	123.4	sexM,rnhA,algA
GCA_026027325.1_ASM2602732v1	Actinomucor elegans	Mucoraceae	JAMSLZ010000001.1	3744645	3788331	Plus	high	mat_locus	model	280.3	tptA,sexP,sexM,rnhA,algA,glrA
GCA_027405735.1_ASM2740573v1	Mucor racemosus	Mucoraceae	JAPEHQ010000001.1	1863159	1879209	Minus	high	mat_locus	model	31.0	tptA,sexM,rnhA,algA,glrA
GCA_027595865.1_Umbelopsis_isabellina_MPG-14A_reass_enz	Umbelopsis isabellina	Umbelopsidaceae	JANJFK010000028.1	163721	168087	Plus	low	partial_locus	hsp_fragment	92.2	tptA,sexP,algA
GCA_037039815.1_ASM3703981v1	Umbelopsis sp. M5902	Umbelopsidaceae	JAXQGL010000038.1	439445	444075	Plus	low	partial_locus	hsp_fragment	75.8	tptA,sexP,algA
GCA_037040325.1_ASM3704032v1	Mucor sp. M7501	Mucoraceae	JAXQGS010000806.1	1992	13260	Minus	high	mat_locus	model	102.1	sexM,rnhA,glrA
GCA_037042155.1_ASM3704215v1	Syncephalastrum monosporum	Syncephalastraceae	JAXQJX010000258.1	25443	30653	Plus	medium	partial_locus	model	131.1	sexP,rnhA
GCA_037043795.1_Z2.assembly	Cunninghamella bertholletiae	Cunninghamellaceae	JAZGVP010000001.1	7936967	7947406	Plus	high	mat_locus	model	207.1	tptA,sexP,rnhA,algA
GCA_037974945.1_ASM3797494v1	Mucor circinelloides	Mucoraceae	JBBNAA010000027.1	1930427	1945226	Plus	high	mat_locus	model	328.1	tptA,sexP,rnhA,algA,glrA
GCA_039881115.1_ASM3988111v1	Rhizopus microsporus	Rhizopodaceae	JARGYK010002198.1	74	3568	Plus	medium	partial_locus	model	248.5	sexP,btbA
GCA_040206765.1_ASM4020676v1	Rhizopus microsporus	Rhizopodaceae	JBEEFM010000005.1	263139	320995	Minus	high	mat_locus	model	122.2	sexM,rnhA,glrA,btbA
GCA_040209145.1_PhyblU21_2	Phycomyces blakesleeanus	Phycomycetaceae	JBDFSA010000017.1	323083	338738	Plus	high	mat_locus	model	238.1	tptA,sexP,rnhA,algA
GCA_040209185.1_Phybl_L51_1	Phycomyces blakesleeanus	Phycomycetaceae	JBCLYO010000018.1	853701	867007	Minus	high	mat_locus	model	175.9	tptA,sexM,rnhA,algA
GCA_040256725.1_ASM4025672v1	Mucor lusitanicus	Mucoraceae	MU975357.1	2208856	2242798	Minus	high	mat_locus	model	126.8	tptA,sexP,sexM,rnhA,algA,glrA
GCA_040366295.1_Hpulcur_1.0	Helicostylum pulchrum	Mucoraceae	BAABUJ010000022.1	429632	527907	Plus	high	mat_locus	model	292.5	tptA,sexP,rnhA,algA,glrA
GCA_040367835.1_Mfluvus_1.0	Mucor flavus	Mucoraceae	BAABUK010000017.1	221718	261571	Plus	high	mat_locus	model	268.2	tptA,sexP,rnhA,algA,glrA
GCA_040807105.1_ASM4080710v1	Mucor sp. PG5414	Mucoraceae	JBEWOQ010000465.1	1525	3477	Minus	medium	partial_locus	model	102.1	sexM,rnhA
GCA_044232465.1_ASM4423246v1	Cunninghamella bainieri	Cunninghamellaceae	JAOXMU010004158.1	1443	10406	Minus	high	mat_locus	model	51.0	tptA,sexM,rnhA,algA
GCA_048164915.1_ASM4816491v1	Rhizopus arrhizus	Rhizopodaceae	JBKSNG010000002.1	77146	134231	Minus	high	mat_locus	model	169.7	tptA,sexM,rnhA,glrA,btbA
GCA_048772875.1_ASM4877287v1	Mucor circinelloides	Mucoraceae	JBLUOM010000154.1	1932	16711	Plus	high	mat_locus	model	329.0	tptA,sexP,rnhA,algA,glrA
GCA_049334105.2_ASM4933410v2	Choanephora infundibulifera	Choanephoraceae	JBMIIC010000124.1	249155	261760	Plus	high	mat_locus	model	262.2	tptA,sexP,rnhA,algA,glrA
GCA_049863895.1_ASM4986389v1	Rhizopus sp. FBL578	Rhizopodaceae	SMHB01000855.1	5202	14036	Plus	high	mat_locus	model	306.0	sexP,rnhA,glrA,btbA
GCA_050389755.1_R_arrhizus_W17_v1.0	Rhizopus arrhizus	Rhizopodaceae	JBNAEE010000545.1	3250	17837	Minus	high	mat_locus	model	169.7	tptA,sexM,rnhA,glrA,btbA
GCA_050656845.1_ASM5065684v1	Absidia sp. YW-2025a	Cunninghamellaceae	JBOEPV010000879.1	5487	14426	Minus	medium	partial_locus	model	63.3	sexM,glrA
GCA_051295215.1_Mcir_PS15m_1.0	Mucor circinelloides	Mucoraceae	JBOZQX010000005.1	1693323	1708241	Minus	high	mat_locus	model	81.8	tptA,sexM,rnhA,algA,glrA
GCA_051307255.1_Mcir_PS15p_1.0	Mucor circinelloides	Mucoraceae	JBNRQL010000006.1	1736258	1751052	Plus	high	mat_locus	model	327.8	tptA,sexP,rnhA,algA,glrA
GCA_051997045.1_ASM5199704v1	Rhizopus microsporus	Rhizopodaceae	JARGYJ010000412.1	3868	12484	Minus	high	mat_locus	model	146.6	sexM,rnhA,glrA
GCA_051997065.1_ASM5199706v1	Rhizopus microsporus	Rhizopodaceae	JARGYI010000307.1	8883	17495	Minus	high	mat_locus	model	146.6	sexM,rnhA,glrA
GCA_051997145.1_ASM5199714v1	Rhizopus microsporus	Rhizopodaceae	JARGYL010000220.1	28628	37228	Minus	high	mat_locus	model	140.4	sexM,rnhA,glrA
GCA_051997165.1_ASM5199716v1	Rhizopus microsporus	Rhizopodaceae	JARGYM010000377.1	3564	12183	Minus	high	mat_locus	model	146.6	sexM,rnhA,glrA
GCA_051997195.1_ASM5199719v1	Rhizopus microsporus	Rhizopodaceae	JARGYN010000223.1	15697	24341	Minus	high	mat_locus	model	145.0	sexM,rnhA,glrA
GCA_052058875.1_Matr_PS6	Mucor atramentarius	Mucoraceae	JBPVWF010000178.1	33311	48105	Plus	high	mat_locus	model	327.8	tptA,sexP,rnhA,algA,glrA
GCA_052058895.1_MBAN_PS3_1.0	Mucor bainieri	Mucoraceae	JBPVWE010000349.1	742	15537	Plus	high	mat_locus	model	309.0	tptA,sexP,rnhA,algA,glrA
GCA_053572175.1_ASM5357217v1	Umbelopsis sp. WA50703	Umbelopsidaceae	JAYKKX010000013.1	106814	110949	undetermined	low	partial_locus	hsp_fragment	16.8	tptA,sexM,algA
GCA_054123175.1_ASM5412317v1	Mucor lanceolatus	Mucoraceae	JBQCPB010002378.1	2303	6406	Plus	high	mat_locus	model	281.7	tptA,sexP,rnhA
GCA_054124215.1_ASM5412421v1	Mucor circinelloides	Mucoraceae	JBQCRE010000396.1	2168	16969	Plus	high	mat_locus	model	327.1	tptA,sexP,rnhA,algA,glrA
GCA_054127015.1_ASM5412701v1	Rhizopus delemar	Rhizopodaceae	JBSZMK010000001.1	2930560	3010096	Minus	high	mat_locus	model	161.3	tptA,sexM,rnhA,algA,glrA,btbA
GCA_054130635.1_ASM5413063v1	Cunninghamella blakesleeana	Cunninghamellaceae	CM134281.1	3015120	3025680	Plus	high	mat_locus	model	164.8	tptA,sexP,rnhA,algA
GCA_054130755.1_ASM5413075v1	Rhizopus arrhizus	Rhizopodaceae	JBMUIF010000240.1	14990	98266	Minus	high	mat_locus	model	169.7	tptA,sexM,rnhA,glrA,btbA
GCA_054601915.1_FAM010_1.0	Gilbertella persicaria	Choanephoraceae	BAAHPX010000008.1	289312	301512	Minus	high	mat_locus	model	78.8	tptA,sexM,rnhA,algA,glrA
GCA_054954275.1_ASM5495427v1	Rhizopus stolonifer	Rhizopodaceae	CM143249.1	3300997	3363288	Minus	high	mat_locus	model	109.1	tptA,sexM,rnhA,glrA,btbA
GCA_055471225.1_ASM5547122v1	Mucor racemosus	Mucoraceae	JBLVOR010000002.1	2583120	2599170	Minus	high	mat_locus	model	31.0	tptA,sexM,rnhA,algA,glrA
GCA_056882155.1_ASM5688215v1	Thamnidium elegans	Mucoraceae	JBXEJM010000004.1	449255	558886	Plus	high	mat_locus	model	280.3	tptA,sexP,rnhA,algA,glrA
GCA_057380895.1_ASM5738089v1	Mucor circinelloides	Mucoraceae	JBYAOW010000491.1	2320	17116	Plus	high	mat_locus	model	328.1	tptA,sexP,rnhA,algA,glrA
GCA_057662165.1_ASM5766216v1	Rhizopus sp. TYR1	Rhizopodaceae	JBYEQD010000037.1	2435	15460	Plus	high	mat_locus	model	295.3	sexP,rnhA,glrA,btbA
GCA_058380175.1_DTU-UU_Rory127_1.0	Rhizopus arrhizus	Rhizopodaceae	JBYHKV010000052.1	209008	274262	Minus	high	mat_locus	model	169.7	tptA,sexM,rnhA,glrA,btbA
GCA_058380205.1_DTU-UU_Roli_1.0	Rhizopus microsporus	Rhizopodaceae	JBYHKW010000001.1	2425378	2514498	Plus	high	mat_locus	model	270.4	sexP,rnhA,glrA,btbA
GCA_058380225.1_DTU-UU_Rory329_1.0	Rhizopus arrhizus	Rhizopodaceae	JBYHKU010000054.1	196018	288130	Minus	high	mat_locus	model	163.4	tptA,sexP,sexM,rnhA,glrA,btbA
GCA_059058645.1_ASM5905864v1	Rhizopus stolonifer	Rhizopodaceae	CM180848.1	3300997	3363288	Minus	high	mat_locus	model	109.1	tptA,sexM,rnhA,glrA,btbA
GCA_059714295.1_ASM5971429v1	Syncephalastrum contaminatum	Syncephalastraceae	JCAOFY010000002.1	1197169	1202500	Plus	medium	partial_locus	model	118.9	sexP,rnhA
GCA_060230415.1_ASM6023041v1	Rhizopus microsporus	Rhizopodaceae	CM190389.1	2538304	2578642	Minus	high	mat_locus	model	122.2	sexM,rnhA,glrA,btbA
GCA_060230415.1_ASM6023041v1	Rhizopus microsporus	Rhizopodaceae	CM190391.1	2551823	2641085	Plus	high	mat_locus	model	270.4	sexP,rnhA,glrA,btbA
GCA_060309175.1_CBS116.08v1	Mucor griseocyanus	Mucoraceae	JBLNHG010000007.1	613217	664666	Minus	high	mat_locus	model	28.5	tptA,sexM,rnhA,algA,glrA
GCA_060309255.1_CBS195.68v1	Mucor circinelloides	Mucoraceae	JBLNHH010000013.1	1762571	1777350	Plus	high	mat_locus	model	328.9	tptA,sexP,rnhA,algA,glrA
GCA_060309305.1_CBS205.68v1	Mucor janssenii	Mucoraceae	JBLNHI010000055.1	194430	247941	Plus	high	mat_locus	model	314.3	tptA,sexP,sexM,rnhA,algA,glrA
GCA_060309335.1_CBS210.80v1	Mucor ardhlaengiktus	Mucoraceae	JBLNHJ010000021.1	3179304	3188317	Minus	high	mat_locus	model	88.9	sexM,rnhA,glrA
GCA_060309335.1_CBS210.80v1	Mucor ardhlaengiktus	Mucoraceae	JBLNHJ010000034.1	3284499	3353822	Minus	medium	mat_locus	model	34.1	tptA,sexP,sexM,algA,glrA
GCA_900079185.1_AG_v1	Absidia glauca	Cunninghamellaceae	LT553527.1	531514	549727	Minus	medium	partial_locus	model	106.1	sexM,algA
GCA_943193625.1_gzMucPiri1.1	Mucor piriformis	Mucoraceae	OW971869.1	1496317	1507957	Minus	high	mat_locus	model	141.2	sexM,rnhA,algA,glrA
GCA_964291815.1_UMBE_WA70503	Umbelopsis sp. WA50703	Umbelopsidaceae	CAXYTU010000169.1	106865	111000	undetermined	low	partial_locus	hsp_fragment	16.8	tptA,sexM,algA
GCA_973907015.1_gzMucCirc1	Mucor circinelloides	Mucoraceae	CDACDM010000044.1	1225257	1240055	Plus	high	mat_locus	model	328.1	tptA,sexP,rnhA,algA,glrA
GCA_977092135.1_gzAbsCyli1	Absidia cylindrospora	Cunninghamellaceae	CDRYNH010000023.1	4846711	4867574	Minus	medium	mat_locus	model	52.0	sexM,algA,glrA
GCA_977110905.1_gzMucHiem1	Mucor hiemalis	Mucoraceae	CDSBDF010000023.1	973776	1012464	Minus	low	partial_locus	hsp_fragment	46.3	tptA,sexM,rnhA,algA,glrA
GCA_977110915.1_gzCunEchi1	Cunninghamella echinulata	Cunninghamellaceae	CDSBDD010000017.1	3545115	3556023	Minus	high	mat_locus	model	40.1	tptA,sexM,rnhA,algA
GCA_977110925.1_gzCunBlak1	Cunninghamella blakesleeana	Cunninghamellaceae	CDSBDC010000001.1	6061741	6072269	Plus	high	mat_locus	model	164.8	tptA,sexP,rnhA,algA
GCA_977110935.1_gzMucFrag1	Mucor fragilis	Mucoraceae	CDSBDE010000001.1	2553168	2596194	Minus	high	mat_locus	model	103.9	tptA,sexM,rnhA,algA,glrA
GCA_977110945.1_gzUmbRama1	Umbelopsis ramanniana	Umbelopsidaceae	CDSBDH010000020.1	157103	193735	Plus	high	mat_locus	model	56.1	tptA,sexP,algA,glrA
GCA_977110975.1_gzUmbVina2	Umbelopsis vinacea	Umbelopsidaceae	CDSBDG010000016.1	219389	223444	undetermined	low	partial_locus	hsp_fragment	9.4	tptA,sexM,algA
GCA_977110985.1_gzRhiStol1	Rhizopus stolonifer	Rhizopodaceae	CDSBDJ010000032.1	544724	603267	Plus	high	mat_locus	model	284.9	sexP,rnhA,glrA,btbA
GCF_000149305.1_RO3	Rhizopus delemar	Rhizopodaceae	NW_027137827.1	3252060	3337234	Plus	high	mat_locus	model	297.4	tptA,sexP,sexM,rnhA,algA,glrA,btbA
GCF_001638985.1_Phybl2	Phycomyces blakesleeanus	Phycomycetaceae	NW_017265134.1	3978283	3991589	Minus	high	mat_locus	model	175.9	tptA,sexM,rnhA,algA
GCF_002708625.1_Rhimi1_1	Rhizopus microsporus	Rhizopodaceae	NW_019671934.1	225745	280675	Plus	high	mat_locus	model	258.4	sexP,rnhA,glrA,btbA
GCF_025094135.1_Mucmuc1	Mucor mucedo	Mucoraceae	NW_026252347.1	97175	136107	Plus	high	mat_locus	model	308.3	sexP,rnhA,algA,glrA
GCF_025118155.1_Cokrec1	Cokeromyces recurvatus	Mucoraceae	NW_026251389.1	465916	473414	Minus	high	mat_locus	model	119.9	sexM,rnhA,algA
GCF_025118155.1_Cokrec1	Cokeromyces recurvatus	Mucoraceae	NW_026251417.1	142146	226753	Plus	medium	partial_locus	model	290.6	sexP,sexM,rnhA
GCF_025201335.1_Gilper1	Gilbertella persicaria	Choanephoraceae	NW_026251964.1	237382	249574	Minus	high	mat_locus	model	78.8	tptA,sexM,rnhA,algA,glrA
GCF_025201355.1_Halrad1	Halteromyces radiatus	Cunninghamellaceae	NW_026251697.1	141603	155185	Minus	high	mat_locus	model	50.2	tptA,sexM,rnhA,glrA
GCF_025331425.1_Radspe1	Radiomyces spectabilis	Radiomycetaceae	NW_026251940.1	262120	274782	Plus	medium	partial_locus	model	174.7	sexP,sexM,rnhA
GCF_025399195.1_Umbra1	Umbelopsis ramanniana	Umbelopsidaceae	NW_026252087.1	139483	157423	Plus	high	mat_locus	model	51.0	tptA,sexP,algA,glrA
GCF_025528875.1_Mycafr1	Mycotypha africana	Mycotyphaceae	NW_026515730.1	1357549	1365893	Plus	high	mat_locus	model	233.6	sexP,rnhA,glrA
GCF_025766255.1_Zycmex1	Zychaea mexicana	Lichtheimiaceae	NW_026516701.1	27357	34608	Minus	medium	partial_locus	model	61.0	sexM,rnhA
GCF_035048745.1_Mvel_NIH1002.PB.canu.pilon.trimmedMito	Mucor velutinosus	Mucoraceae	NW_027041914.1	15843	24680	Minus	high	mat_locus	model	109.4	tptA,sexM,rnhA,algA
GCF_035048745.1_Mvel_NIH1002.PB.canu.pilon.trimmedMito	Mucor velutinosus	Mucoraceae	NW_027041901.1	1016680	1120464	Minus	high	mat_locus	model	109.4	tptA,sexM,rnhA,algA,glrA
