asmid	taxid	order	species	size_bp
GCA_023014455.1_ASM2301445v1	262245	Agaricales	Amanita exitialis	46066545
GCA_040804585.1_ASM4080458v1	181776	Agaricales	Psilocybe subaeruginosa	47750909
GCA_046056185.1_ASM4605618v1	5341	Agaricales	Agaricus bisporus	30448276
GCA_026008595.1_LshimejAT787	47721	Agaricales	Lyophyllum shimeji	31832377
GCA_036937015.1_ASM3693701v1	2810475	Agaricales	Crucibulum parvulum	31442694
GCA_018524415.1_ASM1852441v1	1810667	Agaricales	Podaxis rugospora	32564639
GCA_004919705.1_ASM491970v1	5353	Agaricales	Lentinula edodes	37051081
GCA_033734205.1_ASM3373420v1	181762	Agaricales	Psilocybe cubensis	39204322
GCA_056777045.1_ASM5677704v1	201226	Agaricales	Conioexocarpus cretaceus	45426947
GCA_040804545.1_ASM4080454v1	181776	Agaricales	Psilocybe subaeruginosa	47830656
GCA_014461125.1_ASM1446112v1	1325293	Agaricales	Mycena kentingensis	65015191
GCA_033735435.1_ASM3373543v1	181762	Agaricales	Psilocybe cubensis	38548460
GCA_027886755.1_LedVB361_1	5353	Agaricales	Lentinula edodes	37078790
GCA_030407015.1_Armfum1	153910	Agaricales	Armillaria fumosa	55824865
GCA_022315185.1_ASM2231518v1	1550288	Agaricales	Agaricus sinodeliciosus	32482119
GCA_019143605.1_ASM1914360v1	5334	Agaricales	Schizophyllum commune	35800690
GCA_012980525.1_ASM1298052v1	28995	Agaricales	Pleurotus pulmonarius	39235597
GCA_963692855.1_Mycena_citricolor_isolate010_v1	2018698	Agaricales	Mycena citricolor	76270299
GCA_003314665.1_ASM331466v1	2175963	Agaricales	Tricholoma sp. MG77	90014588
GCA_900156845.1_ASM90015684v1	76940	Agaricales	Coprinopsis strossmayeri	33141878
GCA_040805525.1_ASM4080552v1	181776	Agaricales	Psilocybe subaeruginosa	47475260
GCA_017657355.1_ASM1765735v1	2811473	Agaricales	Termitomyces sp. K1Ac	42397426
GCA_034638255.1_WZU_Copr_2.3	56187	Agaricales	Coprinus comatus	35691447
GCA_040762875.1_ASM4076287v1	181776	Agaricales	Psilocybe subaeruginosa	47294226
GCA_040207365.1_EGAP_PsAzu_1	93624	Agaricales	Psilocybe azurescens	79376403
GCA_001599975.1_JCM_7595_assembly_v001	5440	Agaricostilbales	Cystobasidiopsis lactophilus	22174693
GCA_039545315.1_JCM_3789_assembly_v001	36055	Agaricostilbales	Kondoa malvinella	19184924
GCA_000827205.1_Plicr1	944288	Amylocorticiales	Plicatura crispa	34496217
GCA_036172465.1_UNINA_Arolf_CCF1	39291	Amylocorticiales	Agroathelia rolfsii	44086415
GCA_001630335.1_Fibsp1	1759441	Atheliales	Athelia psychrophila	94246255
GCA_014898675.1_191101_athtb5_1.0	2748771	Atheliales	Athelia sp. TMB	79491920
GCA_021432655.1_Atrsp2	1938712	Atractiellales	Atractiella rhizophila	51470471
GCA_050574805.1_ASM5057480v1	1579977	Auriculariales	Auricularia heimuer	47539608
GCA_030578095.1_ASM3057809v1	1238391	Auriculariales	Auricularia cornea	78720327
GCA_058127655.1_B25_53	2820146	Boletales	Buchwaldoboletus xylophilus	10276761
GCA_038088615.1_WS54583-Boletus-rex-veris	748099	Boletales	Boletus rex-veris	37116576
GCA_038091595.1_MICH11283-Leccinum-subatratum	3095512	Boletales	Leccinum subatratum	26230145
GCA_038098575.1_BD869-Tylopilus-sp3	2842284	Boletales	Tylopilus aff. beelii	49586503
GCA_986172025.1_gfRhiLute1.hap1.1	85970	Boletales	Rhizopogon luteolus	41681617
GCA_002995275.1_UT12-150b_Rhivin_1.0	80600	Boletales	Rhizopogon vinicolor	29758516
GCA_041722295.1_MAD-m10-Boletaceae	3134566	Boletales	Boletaceae sp. KM206666	31674360
GCA_038092975.1_MICH10025-Boletus-piperatoides	80623	Boletales	Chalciporus piperatoides	27185832
GCA_038090875.1_MICH5264-Leccinum-fallax	3095492	Boletales	Leccinum fallax	45122184
GCA_038090655.1_MICH5547-Gastroboletus-turbinatus_var._flammeus	150784	Boletales	Gastroboletus turbinatus	39291538
GCA_041721955.1_SWK157-Boletus	3134559	Boletales	Baorangia sp. TRTC168334	35451483
GCA_038089815.1_NY45313-Sutorius-eximius	121037	Boletales	Sutorius eximius	44768799
GCA_038092755.1_MICH10040-Boletus-rubroflammeus	3095467	Boletales	Boletus rubroflammeus	37506229
GCA_038089895.1_NY2685995-Boletellus-ananas	80578	Boletales	Boletellus ananas	36562452
GCA_003316065.1_ASM331606v1	1282276	Boletales	Retiboletus ornatipes	27765109
GCF_016647785.1_Suifus1	1912939	Boletales	Suillus fuscotomentosus	79654307
GCA_026686785.1_ASM2668678v1	456999	Cantharellales	Rhizoctonia solani	30342361
GCA_044039995.1_ASM4403999v1	456999	Cantharellales	Rhizoctonia solani	41084674
GCA_019633465.1_Tulasn417_1.0	2600225	Cantharellales	Tulasnella sp. 417	58271647
GCF_003144195.1_Cersp1	1522189	Ceraceosorales	Ceraceosorus guamensis	24134292
GCA_900000165.1_Ceraceosorus_bombacis	401625	Ceraceosorales	Ceraceosorus bombacis	25874363
GCA_058224955.1_ASM5822495v1	203533	Classiculales	Classicula fluitans	52142363
GCF_000264995.1_Punctularia_strigosozonata_v1.0	741275	Corticiales	Punctularia strigosozonata	34171901
GCA_037855215.1_ASM3785521v1	49569	Corticiales	Waitea zeae	28912083
GCA_904855205.1_Cyphbasidiales_sp_Tagirdzhanova-0007_MAG	2778381	Cyphobasidiales	Cyphobasidiales sp. Tagirdzhanova-0007	17592062
GCA_019775485.1_ASM1977548v1	106018	Cystobasidiales	Cystobasidium slooffiae	22068858
GCA_022835635.1_Cyongle056-1-20Y-8_01	1930695	Cystobasidiales	Cystobasidium ongulense	20000279
GCA_977005135.1_PAMC26600_genome	696253	Cystofilobasidiales	Mrakia robertii	28976436
GCA_014825565.1_ASM1482556v1	1955134	Cystofilobasidiales	Phaffia tasmanica	18637511
GCA_001630345.1_Calvi1	1330018	Dacrymycetales	Calocera viscosa	29038208
GCA_037974965.1_CUHK_Dspa_v2	139277	Dacrymycetales	Dacryopinax spathularia	29247333
GCF_003144115.1_Tilwa1	58919	Entylomatales	Tilletiopsis washingtonensis	18753640
GCA_058224915.1_ASM5822491v1	5414	Erythrobasidiales	Erythrobasidium hasegawianum	40641772
GCA_054771755.1_JCM5354_assembly01	5432	Erythrobasidiales	Erythrobasidium elongatum	19029186
GCF_003144205.1_Meimi1	1280837	Exobasidiales	Meira miltonrushii	17375571
GCA_001600355.1_JCM_18503_assembly_v001	286112	Exobasidiales	Meira nashicola	17985970
GCA_019201745.1_ASM1920174v1	5210	Filobasidiales	Filobasidium floriforme	26218717
GCA_030039245.1_MNACCFEE_5425	1424756	Filobasidiales	Naganishia vaughanmartiniae	23003300
GCA_000827215.1_Sphst1	990650	Geastrales	Sphaerobolus stellatus	175905340
GCA_055755435.1_ASM5575543v1	1230402	Geminibasidiales	Basidioascus undulatus	34860436
GCF_000711695.1_Tilletiaria_anomala_UBC_951_v1.0	1037660	Georgefischeriales	Tilletiaria anomala	18652725
GCF_000344685.1_Glotr1_1	670483	Gloeophyllales	Gloeophyllum trabeum	37176355
GCA_004369045.1_Helsul1	5364	Gloeophyllales	Heliocybe sulcata	31922441
GCA_001599655.1_JCM_5230_assembly_v001	58918	Golubeviales	Golubevia pallescens	27748147
GCA_012976225.1_WUR_Gp_BC0850	2652143	Golubeviales	Golubevia sp. BC0850	25839071
GCA_003314385.1_ASM331438v1	2175977	Gomphales	Gomphus sp. MG54	174649283
GCA_015179125.1_Gaumor1_1	112417	Gomphales	Gautieria morchelliformis	122799065
GCA_058224935.1_ASM5822493v1	45228	Heterogastridiales	Heterogastridium pycnidioideum	17529951
GCA_060229825.1_ASM6022982v1	3735671	Holtermanniales	Holtermanniella sp. CLIB4448	16499216
GCA_060229705.1_ASM6022970v1	3735579	Holtermanniales	Holtermanniella sp. CLIB4445	16497519
GCA_048932595.1_ASM4893259v1	1659846	Hymenochaetales	Sanghuangporus weigelae	33851626
GCA_041380695.1_ASM4138069v1	208960	Hymenochaetales	Fomitiporia mediterranea	62019667
GCA_015178975.1_Hyssto1	150792	Hysterangiales	Hysterangium stoloniferum	111826761
GCA_000697665.1_Jaaar1	933084	Jaapiales	Jaapia argillacea	45045899
GCA_051911615.1_LPCV_PhePsy_1.0	418498	Kriegeriales	Phenoliferia psychrophenolica	41655952
GCA_035521515.1_Uapishka_3	3038894	Kriegeriales	Phenoliferia sp. Uapishka_3	31913179
GCA_017654915.1_ASM1765491v1	106004	Leucosporidiales	Leucosporidium creatinivorum	21041210
GCA_003054985.1_ASM305498v1	5278	Leucosporidiales	Leucosporidium scottii	26072605
GCA_029542845.1_ASM2954284v1	180528	Malasseziales	Malassezia nana	7702145
GCA_900149135.1_Msy_KS292_June2015	76777	Malasseziales	Malassezia sympodialis	7732420
GCA_038502815.1_ASM3850281v1	77020	Malasseziales	Malassezia pachydermatis	8174979
GCA_900120095.1_MsdSdi1	796604	Microbotryales	Microbotryum silenes-dioicae	33586740
GCA_003121365.1_MvSl-1318_A1	288795	Microbotryales	Microbotryum lychnidis-dioicae	30635132
GCA_976943345.1_jamPalA1	2878321	Microstromatales	Jaminaea pallidilutea	17269381
GCA_040368945.1_JCM_3928_assembly_v001	105769	Microstromatales	Helostroma bacarum	16191273
GCF_000708205.1_Mixia_osmundae_v1.0	764103	Mixiales	Mixia osmundae	13589625
GCA_982397275.1_T33-F	34349	Mixiales	Mixia osmundae	22552467
GCA_003971905.1_ASM397190v1	2020907	Moniliellales	Moniliella sp. wahieum	69496977
GCA_937863695.1_ERR868474_bin.13_CONCOCT_v1.1_MAG	362226	NA	uncultured Microbotryomycetes	15768415
GCA_963379275.1_SMGC_7566_bin.1_MetaWRAP_v1.2.1_MAG	2065442	NA	Malasseziomycetes sp.	7762204
GCA_058224975.1_ASM5822497v1	112072	Naohideales	Naohidea sebacea	20381078
GCA_029717555.1_ASM2971755v1	2923028	Peribolosporales	Peribolospora baueri	22411697
GCA_029717545.1_ASM2971754v1	2923028	Peribolosporales	Peribolospora baueri	22438171
GCA_048545035.1_ASM4854503v1	146777	Phallales	Phallus indusiatus	31096801
GCA_027605045.1_ASM2760504v1	146777	Phallales	Phallus indusiatus	67082998
GCF_022376455.1_Epityp1	378194	Polyporales	Epithele typhae	56127818
GCA_001683735.1_ASM168373v1	5627	Polyporales	Grifola frondosa	39266872
GCA_004802725.1_ASM480272v1	2447956	Polyporales	Antrodiella citrinella	32874437
GCA_022264855.1_Trabet1	5632	Polyporales	Lenzites betulinus	37451992
GCA_047716495.1_ASM4771649v1	158314	Polyporales	Polyporus umbellatus	56693410
GCA_004679265.1_ASM467926v1	34475	Polyporales	Rhodofomes roseus	36378792
GCA_002157015.1_ASM215701v1	526923	Pucciniales	Melampsora aecidioides	40302702
GCA_055473335.1_ASM5547333v1	170000	Pucciniales	Phakopsora pachyrhizi	1273959149
GCA_055473075.1_ASM5547307v1	170000	Pucciniales	Phakopsora pachyrhizi	1273959149
GCF_000204055.1_v1.0	747676	Pucciniales	Melampsora laricis-populina	101114731
GCA_022496225.1_Rusrug1	1897646	Russulales	Russula aff. rugulosa BPL654	43239147
GCA_003315975.1_ASM331597v1	2017516	Russulales	Lactifluus echinatus	43167823
GCA_001632445.1_Ricme1	1314672	Russulales	Peniophora sp. CONT	45712835
GCA_019623675.1_Serend398_1.0	2600211	Sebacinales	Serendipita sp. 398	27448205
GCA_910890315.1_Sindica_reseq	1109443	Sebacinales	Serendipita indica	24724951
GCA_001630475.1_Sisni1	1314777	Sistotremastrales	Sertulicium niveocremeum	35283497
GCA_001632355.1_Sissu1	1314776	Sistotremastrales	Sistotremastrum suecicum	33530278
GCA_058224995.1_ASM5822499v1	69979	Spiculogloeales	Phyllozyma linderae	18229775
GCA_001542265.1_ASM154226v1	5286	Sporidiobolales	Rhodotorula toruloides	21434529
GCA_019190765.1_ASM1919076v1	5537	Sporidiobolales	Rhodotorula mucilaginosa	20057838
GCA_019191075.1_ASM1919107v1	5537	Sporidiobolales	Rhodotorula mucilaginosa	20060710
GCA_000258745.1_ASM25874v1	1165933	Sporidiobolales	Rhodotorula toruloides	19932899
GCA_029694785.1_ASM2969478v1	5286	Sporidiobolales	Rhodotorula toruloides	20784202
GCA_050916435.1_ASM5091643v1	5537	Sporidiobolales	Rhodotorula mucilaginosa	19976161
GCA_019189975.1_ASM1918997v1	5537	Sporidiobolales	Rhodotorula mucilaginosa	19951040
GCA_019190385.1_ASM1919038v1	5537	Sporidiobolales	Rhodotorula mucilaginosa	20006731
GCA_003313825.1_ASM331382v1	155012	Thelephorales	Sarcodon aspratus	33372266
GCA_003313065.1_ASM331306v1	2175968	Thelephorales	Sarcodon sp. MG97	30797767
GCA_045934525.1_ASM4593452v1	13290	Tilletiales	Tilletia caries	24028214
GCA_045932125.1_ASM4593212v1	13290	Tilletiales	Tilletia caries	26189826
GCA_048933955.1_ASM4893395v1	267219	Tremellales	Dioszegia fristingensis	19640182
GCA_056632995.1_ASM5663299v1	40410	Tremellales	Cryptococcus deneoformans	19663165
GCA_028982725.1_TW1	5207	Tremellales	Cryptococcus neoformans	19297128
GCA_019970285.1_PUJ.INS_Cneo_2926	5207	Tremellales	Cryptococcus neoformans	18433905
GCF_000836335.1_ASM83633v2	1296109	Tremellales	Cryptococcus bacillisporus	17825526
GCA_056747515.1_ASM5674751v1	3422803	Tremellales	Naematelia sinensis	20695836
GCA_031840785.1_ASM3184078v1	5207	Tremellales	Cryptococcus neoformans	18353576
GCA_023523875.1_ASM2352387v1	40410	Tremellales	Cryptococcus deneoformans	19189222
GCA_019970185.1_PUJ.INS_Cneo_3097	5207	Tremellales	Cryptococcus neoformans	18446873
GCA_026538355.1_ASM2653835v1	2937424	Tremellales	Cryptococcus sp. GC_Crypt_5	20532236
GCA_977066725.1_gfCryBron1.1	1890680	Trichosporonales	Cryptotrichosporon brontae	18680023
GCA_001600335.1_JCM_10018_assembly_v001	82516	Trichosporonales	Apiotrichum gracile	24095527
GCA_025529325.1_ASM2552932v1	2950512	Trichosporonales	Trichosporon sp. PG3703	23590196
GCF_020906515.1_ASM2090651v1	143232	Trichosporonales	Vanrija pseudolonga	24947368
GCA_058225015.1_ASM5822501v1	1055551	Tritirachiales	Tritirachium sp. CBS 265.96	18827774
GCA_054907475.1_ASM5490747v1	1269715	Urocystidales	Thecaphora frezii	38791170
GCA_026284005.1_ASM2628400v1	1269715	Urocystidales	Thecaphora frezii	25613191
GCA_003004685.1_ASM300468v1	2039271	Ustilaginales	Pseudozyma sp. F8B2	18449658
GCA_059056735.1_ASM5905673v1	1226776	Ustilaginales	Ustilago coicis	18421059
GCA_023213265.1_ASM2321326v1	117174	Ustilaginales	Ustilago tritici	20003338
GCA_033846815.1_ASM3384681v1	249486	Ustilaginales	Ustilago crameri	19558985
GCA_003144235.1_Ustsp1	1673888	Violaceomycetales	Violaceomyces palustris	27083377
GCA_004918655.1_ASM491865v1	245174	Wallemiales	Wallemia ichthyophaga	9427522
GCA_056320075.1_ASM5632007v1	1708542	Wallemiales	Wallemia canadensis	9667236
