# Pre-sign-off regression panel (curator ruling 2026-09-30). Fixed; edit only by a deliberate commit.
# Zygo 23 (scaffold + contig inputs) is run separately by scripts/run_zygo_regression.slurm.
asmid	taxid	panel	group	species
GCA_002261195.1_ASM226119v1	1938954	mucoromycota	?	Bifiguratus adelaidae
GCA_024139275.1_ASM2413927v1	2583359	mucoromycota	Backusellaceae	Backusella macrospora
GCA_024139395.1_ASM2413939v1	2823925	mucoromycota	Backusellaceae	Backusella morwellensis
GCA_024139405.1_ASM2413940v1	2583360	mucoromycota	Backusellaceae	Backusella mclennaniae
GCA_001683725.1_ASM168372v1	101091	mucoromycota	Choanephoraceae	Choanephora cucurbitarum
GCA_024294565.1_ASM2429456v1	101096	mucoromycota	Choanephoraceae	Gilbertella persicaria
GCA_025331435.1_Chocucu1	101091	mucoromycota	Choanephoraceae	Choanephora cucurbitarum
GCA_000697015.1_CunEleB9769-1.0	1274792	mucoromycota	Cunninghamellaceae	Cunninghamella elegans
GCA_000697215.1_CunBer175-1.0	1279998	mucoromycota	Cunninghamellaceae	Cunninghamella bertholletiae
GCA_000697315.1_CunBerB7461-1.0	1357680	mucoromycota	Cunninghamellaceae	Cunninghamella bertholletiae
GCA_003951145.1_OSU_Jimlac_1.0	324621	mucoromycota	Endogonaceae	Jimgerdemannia lactiflua
GCA_003990745.1_Jimfl_GMNB39_1	994334	mucoromycota	Endogonaceae	Jimgerdemannia flammicorona
GCA_003990765.1_Jimfl_AD_1	994334	mucoromycota	Endogonaceae	Jimgerdemannia flammicorona
GCA_000611695.1_RhzM_1.0	1031333	mucoromycota	Lichtheimiaceae	Rhizomucor miehei
GCA_000697175.1_LicCor008-049-1.0	1279486	mucoromycota	Lichtheimiaceae	Lichtheimia corymbifera
GCA_000697395.1_LicCorB5792-1.0	1357685	mucoromycota	Lichtheimiaceae	Lichtheimia ramosa
GCA_000697475.1_LicCorB2541-1.0	1357691	mucoromycota	Lichtheimiaceae	Lichtheimia corymbifera
GCA_000723665.1_454Minimus	1263082	mucoromycota	Lichtheimiaceae	Lichtheimia corymbifera
GCA_000738555.1_LicRamB5399-1.0	1274788	mucoromycota	Lichtheimiaceae	Lichtheimia ramosa
GCA_000787465.1_ASM78746v1	101121	mucoromycota	Lichtheimiaceae	Thermomucor indicae-seudaticae
GCA_000945115.1_Lramosa_hybrid_454_Illumina	688394	mucoromycota	Lichtheimiaceae	Lichtheimia ramosa
GCA_008728235.1_ASM872823v1	688394	mucoromycota	Lichtheimiaceae	Lichtheimia ramosa
GCA_016758965.1_ASM1675896v1	1195481	mucoromycota	Lichtheimiaceae	Circinella minor
GCA_023512895.1_ASM2351289v1	4840	mucoromycota	Lichtheimiaceae	Rhizomucor pusillus
GCA_023629895.1_ASM2362989v1	2939534	mucoromycota	Lichtheimiaceae	Lichtheimia sp. PT1902
GCA_023629915.1_ASM2362991v1	688394	mucoromycota	Lichtheimiaceae	Lichtheimia ramosa
GCA_023629935.1_ASM2362993v1	42458	mucoromycota	Lichtheimiaceae	Lichtheimia corymbifera
GCA_025093555.1_Cirumb1	101103	mucoromycota	Lichtheimiaceae	Circinella umbellata
GCA_025094155.1_Lichy1	1314789	mucoromycota	Lichtheimiaceae	Lichtheimia hyalospora
GCA_025266875.1_Fenlin1	1329386	mucoromycota	Lichtheimiaceae	Fennellomyces sp. T-0311
GCA_025677815.1_Phaart1	60185	mucoromycota	Lichtheimiaceae	Phascolomyces articulosus
GCA_025716815.1_Dicele1	101130	mucoromycota	Lichtheimiaceae	Dichotomocladium elegans
GCA_029582045.1_ASM2958204v1	688394	mucoromycota	Lichtheimiaceae	Lichtheimia ramosa
GCA_037041495.1_ASM3704149v1	688394	mucoromycota	Lichtheimiaceae	Lichtheimia ramosa
GCA_037042035.1_ASM3704203v1	688394	mucoromycota	Lichtheimiaceae	Lichtheimia ramosa
GCA_037042095.1_ASM3704209v1	42458	mucoromycota	Lichtheimiaceae	Lichtheimia corymbifera
GCA_040807125.1_ASM4080712v1	4839	mucoromycota	Lichtheimiaceae	Rhizomucor miehei
GCA_048164995.1_ASM4816499v1	688394	mucoromycota	Lichtheimiaceae	Lichtheimia ramosa
GCA_900175165.2_FCH_5_7	4840	mucoromycota	Lichtheimiaceae	Rhizomucor pusillus
GCA_982397305.1_T17-F	64656	mucoromycota	Lichtheimiaceae	Zychaea mexicana
GCF_025766255.1_Zycmex1	64656	mucoromycota	Lichtheimiaceae	Zychaea mexicana
GCF_029851405.1_ASM2985140v1	688661	mucoromycota	Lichtheimiaceae	Lichtheimia ornata
GCF_041956525.1_Rhipu1	4840	mucoromycota	Lichtheimiaceae	Rhizomucor pusillus
GCA_000401635.1_Muco_sp_1006Ph_V1	1220926	mucoromycota	Mucoraceae	Mucor circinelloides
GCA_000587855.1_B50	1290454	mucoromycota	Mucoraceae	Mucor irregularis
GCA_000696895.1_MucVelB5328-1.0	1274784	mucoromycota	Mucoraceae	Mucor velutinosus
GCF_025528875.1_Mycafr1	64632	mucoromycota	Mycotyphaceae	Mycotypha africana
GCA_022702545.1_SJTU-YXQ	269771	mucoromycota	Phycomycetaceae	Phycomyces nitens
GCA_025094145.1_Spifus1	101115	mucoromycota	Phycomycetaceae	Spinellus fusiger
GCA_025531835.1_PnitS608_1	269771	mucoromycota	Phycomycetaceae	Phycomyces nitens
GCA_025528865.1_Pilumb1	101123	mucoromycota	Pilobolaceae	Pilobolus umbonatus
GCF_025331425.1_Radspe1	64574	mucoromycota	Radiomycetaceae	Radiomyces spectabilis
GCA_000325505.1_RHIrdgD1.0	1271458	mucoromycota	Rhizopodaceae	Rhizopus microsporus
GCA_000696915.1_RhiOryB7407-1.0	1274785	mucoromycota	Rhizopodaceae	Rhizopus arrhizus
GCA_000697035.1_RhiStoB9770-1.0	1274793	mucoromycota	Rhizopodaceae	Rhizopus stolonifer
GCA_000697055.1_SakVasB4078-1.0	1274794	mucoromycota	Saksenaeaceae	Saksenaea vasiformis
GCA_000697495.1_SakOblB3353-1.0	1357693	mucoromycota	Saksenaeaceae	Saksenaea oblongispora
GCA_000696955.1_SynRacB6101-1.0	1274787	mucoromycota	Syncephalastraceae	Syncephalastrum racemosum
GCA_000697355.1_SynMonB8922-1.0	1357682	mucoromycota	Syncephalastraceae	Syncephalastrum monosporum
GCA_002105135.1_Synrac1	13706	mucoromycota	Syncephalastraceae	Syncephalastrum racemosum
GCA_013461545.1_ASM1346154v1	2570299	mucoromycota	Syncephalastraceae	Syncephalastrum contaminatum
GCA_023630305.1_ASM2363030v1	101128	mucoromycota	Syncephalastraceae	Syncephalastrum monosporum
GCA_023630315.1_ASM2363031v1	2939552	mucoromycota	Syncephalastraceae	Syncephalastrum sp. PYS2703
GCA_023630325.1_ASM2363032v1	2939551	mucoromycota	Syncephalastraceae	Syncephalastrum sp. PYS2702
GCA_037042155.1_ASM3704215v1	101128	mucoromycota	Syncephalastraceae	Syncephalastrum monosporum
GCA_059714295.1_ASM5971429v1	2570299	mucoromycota	Syncephalastraceae	Syncephalastrum contaminatum
GCA_000534915.1_ASM53491v1	1441051	mucoromycota	Umbelopsidaceae	Umbelopsis isabellina
GCA_000697415.1_UmbIsaB7317-1.0	1357687	mucoromycota	Umbelopsidaceae	Umbelopsis isabellina
GCA_016758895.1_ASM1675889v1	44442	mucoromycota	Umbelopsidaceae	Umbelopsis vinacea
GCA_016758905.1_ASM1675890v1	91625	mucoromycota	Umbelopsidaceae	Umbelopsis isabellina
GCA_021235465.1_Umbelo1	1896174	mucoromycota	Umbelopsidaceae	Umbelopsis sp. PMI_123
GCA_025677805.1_Umbsp_AD052_1	1883073	mucoromycota	Umbelopsidaceae	Umbelopsis sp. AD052
GCA_027595865.1_Umbelopsis_isabellina_MPG-14A_reass_enz	91625	mucoromycota	Umbelopsidaceae	Umbelopsis isabellina
GCA_037039815.1_ASM3703981v1	3092704	mucoromycota	Umbelopsidaceae	Umbelopsis sp. M5902
GCA_053572175.1_ASM5357217v1	3097288	mucoromycota	Umbelopsidaceae	Umbelopsis sp. WA50703
GCA_054906655.1_Umbelopsis_nana_v._1.0	64526	mucoromycota	Umbelopsidaceae	Umbelopsis nana
GCA_964291815.1_UMBE_WA70503	3097288	mucoromycota	Umbelopsidaceae	Umbelopsis sp. WA50703
GCA_977110945.1_gzUmbRama1	41833	mucoromycota	Umbelopsidaceae	Umbelopsis ramanniana
GCA_977110975.1_gzUmbVina2	44442	mucoromycota	Umbelopsidaceae	Umbelopsis vinacea
GCF_025399195.1_Umbra1	1314678	mucoromycota	Umbelopsidaceae	Umbelopsis ramanniana
GCA_000150145.1_ASM15014v1	451804	record_sources		Aspergillus fumigatus
GCA_003014415.1_Cand_auris_B11243	498019	record_sources		Candidozyma auris
GCA_005281805.1_ASM528180v1	5011	record_sources		Taphrina deformans
GCA_016772135.1_ASM1677213v1	498019	record_sources		Candidozyma auris
GCA_023646395.1_KEW_Xsp1	2903220	record_sources		Xanthoria sp. 1 TBL-2021
GCA_023647215.1_KEW_Xsp2	2903222	record_sources		Xanthoria sp. 2 TBL-2021
GCF_000002515.2_ASM251v1	28985	record_sources		Kluyveromyces lactis
GCF_000002655.1_ASM265v1	330879	record_sources		Aspergillus fumigatus
GCF_000002945.2_ASM294v3	4896	record_sources		Schizosaccharomyces pombe
GCF_000006445.2_ASM644v2	284592	record_sources		Debaryomyces hansenii
GCF_000011425.1_ASM1142v1	227321	record_sources		Aspergillus nidulans
GCF_000142805.1_ASM14280v1	559295	record_sources		Lachancea thermotolerans
GCF_000146045.2_R64	559292	record_sources		Saccharomyces cerevisiae
GCF_000149335.2_ASM14933v2	246410	record_sources		Coccidioides immitis
GCF_000150505.1_SO6	483514	record_sources		Schizosaccharomyces octosporus
GCF_000300575.1_Agabi_varbisH97_2	936046	record_sources		Agaricus bisporus
GCF_000328475.2_Umaydis521_2.0	5270	record_sources		Mycosarcoma maydis
GCF_001477535.1_Pneu_jiro_RU7_V2	1408657	record_sources		Pneumocystis jirovecii
GCF_001477545.1_Pneu_cari_B80_V3	1408658	record_sources		Pneumocystis carinii
GCF_002775015.1_Cand_auris_B11221_V1	498019	record_sources		Candidozyma auris
GCA_000715385.1_Rhizoctonia_solani_123E_v1	1423351	basidiomycota	Cantharellales	Rhizoctonia solani
GCA_000827255.1_Suilu1	930992	basidiomycota	Boletales	Suillus luteus
GCA_001244265.2_MvSlA1A2r3c	683840	basidiomycota	Microbotryales	Microbotryum lychnidis-dioicae
GCA_001542265.1_ASM154226v1	5286	basidiomycota	Sporidiobolales	Rhodotorula toruloides
GCA_002092955.1_ASM209295v1	29892	basidiomycota	Auriculariales	Auricularia auricula-judae
GCA_002105055.1_Leucr1	106004	basidiomycota	Leucosporidiales	Leucosporidium creatinivorum
GCA_002217545.1_Cryp_neof_grubii_cng10_V1	5207	basidiomycota	Tremellales	Cryptococcus neoformans
GCA_002220035.1_Cryp_neof_MW_RSA852_V1	1230069	basidiomycota	Tremellales	Cryptococcus neoformans
GCA_002221985.1_Cryp_neof_grubii_A1-35-8_V1	1230081	basidiomycota	Tremellales	Cryptococcus neoformans
GCA_002222025.1_Cryp_neof_grubii_cng4_V1	5207	basidiomycota	Tremellales	Cryptococcus neoformans
GCA_002900995.3_Gabo_G3	34458	basidiomycota	Polyporales	Ganoderma boninense
GCA_002995415.1_AZ12-009_Rhivin_1.0	80600	basidiomycota	Boletales	Rhizopogon vinicolor
GCA_004334575.1_Tca517_3.0	13290	basidiomycota	Tilletiales	Tilletia caries
GCA_004918335.1_ASM491833v1	245174	basidiomycota	Wallemiales	Wallemia ichthyophaga
GCA_019143615.1_ASM1914361v1	5334	basidiomycota	Agaricales	Schizophyllum commune
GCA_022264835.1_Melame1	2182807	basidiomycota	Pucciniales	Melampsora americana
GCA_022496225.1_Rusrug1	1897646	basidiomycota	Russulales	Russula aff. rugulosa BPL654
GCA_023273805.1_ASM2327380v1	271129	basidiomycota	Exobasidiales	Exobasidium cylindrosporum
GCA_050403325.1_S_johnsonii_JCM1840v1	5002	basidiomycota	Sporidiobolales	Sporobolomyces johnsonii
GCA_056247695.1_ASM5624769v1	1007035	basidiomycota	Agaricales	Laccaria bicolor
GCA_900162835.1_version_2	72559	basidiomycota	Ustilaginales	Sporisorium reilianum
GCA_943193715.1_gfAgaBisp1.1	5341	basidiomycota	Agaricales	Agaricus bisporus
GCA_963514055.1_Cersu_MES15020_3.0_ref	42742	basidiomycota	Polyporales	Gelatoporia subvermispora
GCF_000149925.1_ASM14992v1	418459	basidiomycota	Pucciniales	Puccinia graminis
GCF_000182895.1_CC3	240176	basidiomycota	Agaricales	Coprinopsis cinerea
GCF_000218685.1_v1.0	578457	basidiomycota	Boletales	Serpula lacrymans
GCF_000264905.1_Stehi1	721885	basidiomycota	Russulales	Stereum hirsutum
GCF_000271585.1_Trametes_versicolor_v1.0	717944	basidiomycota	Polyporales	Trametes versicolor
GCF_000271605.1_Fomme1	694068	basidiomycota	Hymenochaetales	Fomitiporia mediterranea
GCF_000292625.1_Dacryopinax_sp._DJM_731_SSP1_v1.0	1858805	basidiomycota	Dacrymycetales	Dacryopinax primogenitus
GCF_000320585.1_Heterobasidion_irregulare_v2.0	747525	basidiomycota	Russulales	Heterobasidion irregulare
GCF_000349305.1_ASM34930v2	1230383	basidiomycota	Malasseziales	Malassezia sympodialis
GCF_000708205.1_Mixia_osmundae_v1.0	764103	basidiomycota	Mixiales	Mixia osmundae
GCA_009982855.1_Lizem1	1496277	ascomycota	?	Lizonia empirigonia
GCA_025802455.2_ASM2580245v2	2699371	ascomycota	Amphisphaeriales	Iodosphaeria phyllophila
GCA_026023555.1_ASM2602355v1	2939400	ascomycota	Arthoniales	Chrysothrix sp. TS-e1954
GCA_001599215.1_JCM_7620_assembly_v001	44092	ascomycota	Ascoideales	Saccharomycopsis malanga
GCA_010015705.1_Aulhe2	1176131	ascomycota	Aulographales	Aulographum hederae
GCA_022814105.1_ASM2281410v1	223409	ascomycota	Baeomycetales	Ptychographa xylographoides
GCA_010015785.1_Sacpr1	1314787	ascomycota	Botryosphaeriales	Saccharata proteae
GCA_937854325.1_SRR12240182_bin.18_CONCOCT_v1.1_MAG	2012270	ascomycota	Caliciales	Physciaceae sp.
GCA_002786065.1_ASM278606v1	766055	ascomycota	Capnodiales	Microcyclospora pomicola
GCA_015295635.1_ASM1529563v1	293227	ascomycota	Chaetothyriales	Cyphellophora europaea
GCA_024708745.1_USC_Clado_1.0	2860122	ascomycota	Cladosporiales	Cladosporiales sp.
GCA_025802115.2_ASM2580211v2	306125	ascomycota	Coronophorales	Bertia moriformis
GCA_000613145.2_YALI0	1437815	ascomycota	Dipodascales	Yarrowia lipolytica
GCA_004918105.1_ASM491810v1	5580	ascomycota	Dothideales	Aureobasidium pullulans
GCA_001557505.1_ASM155750v1	1028407	ascomycota	Glomerellales	Reticulascus tulasneorum
GCA_026023515.1_ASM2602351v1	2939399	ascomycota	Leotiales	Claussenomyces sp. TS43310
GCA_964255695.1_public_SRR14722165_metabat2_bin.16	3137033	ascomycota	Leprocaulales	Leprocaulales sp.
GCA_026054615.1_ASM2605461v1	2939398	ascomycota	Lichinales	Peltula sp. TS41687
GCA_003705895.2_ASM370589v2	56871	ascomycota	Lipomycetales	Lipomyces japonicus
GCA_002924885.1_ASM292488v1	318829	ascomycota	Magnaporthales	Pyricularia oryzae
GCA_001510565.1_ASM151056v1	1215355	ascomycota	Microascales	Knoxdaviesia proteae
GCA_000966595.1_ASM96659v1	1047168	ascomycota	Mycosphaerellales	Zymoseptoria brevis
GCA_007556565.1_ASM755656v1	40997	ascomycota	Myriangiales	Elsinoe fawcettii
GCA_001692735.1_Leppa1	1314670	ascomycota	Mytilinidiales	Lepidopterella palustris
GCA_000525045.1_DREv1	1043628	ascomycota	Orbiliales	Drechslerella stenobrocha
GCA_023645945.1_KEW_Ddia	150877	ascomycota	Ostropales	Diploschistes diacapsis
GCA_964254465.1_private_X5_concoct_bin.21	2606995	ascomycota	Peltigerales	Pectenia cyanoloma
GCA_022813925.1_ASM2281392v1	160984	ascomycota	Pertusariales	Varicellaria rhodocarpa
GCA_000147375.2_WaNRRLY366_v02	4927	ascomycota	Phaffomycetales	Hansenula anomala
GCA_000498155.1_1.0	665115	ascomycota	Pleosporales	Shiraia sp. slf14
GCF_000143185.2_Schco3	578458	record_sources		Schizophyllum commune
GCA_016772295.1_ASM1677229v1	1132390	record_sources		Coprinopsis cinerea
GCA_964255735.1_public_SRR14722176_metabat2_bin.14	1301609	record_sources		Xanthocarpia feracissima
