subphylum	order	uncalled	bar: withheld locus with >=1 modelled gene	bar: withheld locus with >=1 modelled gene + poor assembly (N50<20kb)	bar: withheld locus, 0 modelled	bar: withheld locus, 0 modelled + poor assembly (N50<20kb)	no_report (timeout/fail)	nothing localised (reference gap) + poor assembly (N50<20kb)
Pucciniomycotina	Sporidiobolales	203	194	1	4	4	0	0
Pucciniomycotina	Pucciniales	128	5	2	88	32	1	0
Agaricomycotina	Trichosporonales	121	112	2	6	1	0	0
Agaricomycotina	Cantharellales	82	57	9	5	11	0	0
Wallemiomycotina	Wallemiales	51	51	0	0	0	0	0
Agaricomycotina	Cystofilobasidiales	39	36	1	2	0	0	0
Pucciniomycotina	Microbotryales	37	37	0	0	0	0	0
Agaricomycotina	Filobasidiales	33	29	0	4	0	0	0
Agaricomycotina	Boletales	28	1	7	3	17	0	0
Agaricomycotina	Agaricales	27	10	3	4	10	0	0
Agaricomycotina	Tremellales	19	3	2	11	2	0	1
Agaricomycotina	Auriculariales	19	17	0	2	0	0	0
Pucciniomycotina	Cystobasidiales	17	17	0	0	0	0	0
Agaricomycotina	Sebacinales	12	3	8	0	1	0	0
Pucciniomycotina	?	11	11	0	0	0	0	0
Pucciniomycotina	Kriegeriales	8	7	0	1	0	0	0
Agaricomycotina	Holtermanniales	6	6	0	0	0	0	0
Agaricomycotina	Russulales	6	3	0	2	1	0	0
Ustilaginomycotina	Tilletiales	5	1	2	0	2	0	0
Agaricomycotina	Polyporales	5	4	0	0	1	0	0
Pucciniomycotina	Agaricostilbales	4	4	0	0	0	0	0
Pucciniomycotina	Erythrobasidiales	4	4	0	0	0	0	0
Agaricomycotina	Dacrymycetales	4	4	0	0	0	0	0
Agaricomycotina	Gomphales	4	1	1	0	2	0	0
Ustilaginomycotina	Peribolosporales	4	4	0	0	0	0	0
Pucciniomycotina	Leucosporidiales	3	3	0	0	0	0	0
Agaricomycotina	Hymenochaetales	2	0	2	0	0	0	0
Pucciniomycotina	Mixiales	2	1	0	1	0	0	0
Ustilaginomycotina	Moniliellales	1	1	0	0	0	0	0
Ustilaginomycotina	Malasseziales	1	0	0	0	1	0	0
Ustilaginomycotina	?	1	0	0	0	1	0	0
Pucciniomycotina	Atractiellales	1	0	0	1	0	0	0
Agaricomycotina	Amylocorticiales	1	1	0	0	0	0	0
Agaricomycotina	Geminibasidiales	1	1	0	0	0	0	0
Agaricomycotina	Thelephorales	1	0	0	1	0	0	0
Pucciniomycotina	Heterogastridiales	1	1	0	0	0	0	0
Pucciniomycotina	Classiculales	1	1	0	0	0	0	0
Pucciniomycotina	Naohideales	1	1	0	0	0	0	0
Pucciniomycotina	Tritirachiales	1	1	0	0	0	0	0
Ustilaginomycotina	Microstromatales	1	1	0	0	0	0	0
Ustilaginomycotina	Exobasidiales	1	1	0	0	0	0	0
