source	genome	phylum	order	species	family	locus	outcome	best_gene	bits	evalue	pid	rank_genomewide	genome_len	label	label_basis
mucoro_4457c3a	GCA_000697415.1_UmbIsaB7317-1.0	Mucoromycota	Umbelopsidales	Umbelopsis isabellina	Mucoromycota:MAT	JNEQ01000056.1:749075-753439	kept_low	sexP	62.4	6.76e-11	26.154	1	21860463	unknown	
mucoro_4457c3a	GCA_016758895.1_ASM1675889v1	Mucoromycota	Umbelopsidales	Umbelopsis vinacea	Mucoromycota:MAT	JAEPRA010000016.1:141223-158571	withheld	sexM	44.3	1.47e-05	36.232	4	23099947	real	curated diagnosis
mucoro_4457c3a	GCA_016758905.1_ASM1675890v1	Mucoromycota	Umbelopsidales	Umbelopsis isabellina	Mucoromycota:MAT	JAEPQZ010000017.1:412287-416732	kept_low	sexP	58.9	8.9e-10	25.926	1	22046116	unknown	
mucoro_4457c3a	GCA_016758905.1_ASM1675890v1	Mucoromycota	Umbelopsidales	Umbelopsis isabellina	Mucoromycota:MAT	JAEPQZ010000017.1:104013-119940	withheld	sexP	27.7	7.2	34.286	30	22046116	unknown	
mucoro_4457c3a	GCA_027595865.1_Umbelopsis_isabellina_MPG-14A_reass_enz	Mucoromycota	Umbelopsidales	Umbelopsis isabellina	Mucoromycota:MAT	JANJFK010000028.1:163721-168087	kept_low	sexP	62.4	6.74e-11	26.154	1	21835245	unknown	
mucoro_4457c3a	GCA_037039815.1_ASM3703981v1	Mucoromycota	Umbelopsidales	Umbelopsis sp. M5902	Mucoromycota:MAT	JAXQGL010000038.1:439445-444075	kept_low	sexP	58.2	1.5e-09	25.191	1	22003919	unknown	
mucoro_4457c3a	GCA_037039815.1_ASM3703981v1	Mucoromycota	Umbelopsidales	Umbelopsis sp. M5902	Mucoromycota:MAT	JAXQGL010000038.1:212610-237840	withheld	sexP	28.5	3.7	22.807	24	22003919	unknown	
mucoro_4457c3a	GCA_053572175.1_ASM5357217v1	Mucoromycota	Umbelopsidales	Umbelopsis sp. WA50703	Mucoromycota:MAT	JAYKKX010000013.1:106814-110949	withheld	sexM	40.8	0.000183	31.034	4	23000717	real	curated diagnosis
mucoro_4457c3a	GCA_054906655.1_Umbelopsis_nana_v._1.0	Mucoromycota	Umbelopsidales	Umbelopsis nana	Mucoromycota:MAT	BAAHSD010000001.1:143205-160100	withheld	sexP	33.5	0.19	28.169	14	27230748	real	curated diagnosis
mucoro_4457c3a	GCA_964291815.1_UMBE_WA70503	Mucoromycota	Umbelopsidales	Umbelopsis sp. WA50703	Mucoromycota:MAT	CAXYTU010000169.1:106865-111000	withheld	sexM	40.8	0.00018	31.034	4	22610520	real	curated diagnosis
mucoro_4457c3a	GCA_977092135.1_gzAbsCyli1	Mucoromycota	Mucorales	Absidia cylindrospora	Mucoromycota:MAT	CDRYNH010000012.1:717983-761620	withheld	sexP	37.7	0.015	38.462	11	53713483	unknown	
mucoro_4457c3a	GCA_977110905.1_gzMucHiem1	Mucoromycota	Mucorales	Mucor hiemalis	Mucoromycota:MAT	CDSBDF010000023.1:973776-1012464	kept_low	sexM	54.7	1.02e-08	27.32	2	35843744	unknown	
mucoro_4457c3a	GCA_977110975.1_gzUmbVina2	Mucoromycota	Umbelopsidales	Umbelopsis vinacea	Mucoromycota:MAT	CDSBDG010000016.1:219389-223444	withheld	sexM	39.7	0.000593	34.783	5	26980624	real	curated diagnosis
serinales_882aa01	GCA_003285555.1_ASM328555v1	Ascomycota	Serinales	Diutina catenulata	Ascomycota:MTL	PJEZ01000091.1:1-6002	prerule_call	MTLalpha1	46.6	2.15e-06	49.091	1	13051762	unknown	Serinales: only locus, core inside flank span
serinales_882aa01	GCA_006942205.1_Dha_j26	Ascomycota	Serinales	Debaryomyces hansenii	Ascomycota:MTL	QGFT01000485.1:161718-177225	prerule_call	MTLA2	29.3	1.0	29.545	2	11997481	noise	Serinales: second call outside PAP1-OBP1-PIK1 span in a genome with a core-modelled call
serinales_882aa01	GCA_006942215.1_Dha_398	Ascomycota	Serinales	Debaryomyces hansenii	Ascomycota:MTL	QGFV01000160.1:6885-22388	prerule_call	MTLA2	29.3	1.0	29.545	2	11990116	noise	Serinales: second call outside PAP1-OBP1-PIK1 span in a genome with a core-modelled call
serinales_882aa01	GCA_006942305.1_Dha_1449	Ascomycota	Serinales	Debaryomyces hansenii	Ascomycota:MTL	QGFY01000259.1:161549-177049	prerule_call	MTLA2	29.3	0.95	29.545	2	11864932	noise	Serinales: second call outside PAP1-OBP1-PIK1 span in a genome with a core-modelled call
serinales_882aa01	GCA_006942325.1_Dha_155	Ascomycota	Serinales	Debaryomyces hansenii	Ascomycota:MTL	QGFX01000292.1:16854-32325	prerule_call	MTLA2	27.3	4.8	27.273	3	12206809	noise	Serinales: second call outside PAP1-OBP1-PIK1 span in a genome with a core-modelled call
serinales_882aa01	GCA_016097515.1_CAU_DHC11_v01_pri	Ascomycota	Serinales	Debaryomyces hansenii	Ascomycota:MTL	CM027781.1:1215355-1230722	prerule_call	MTLA2	28.9	2.3	28.947	2	17709532	noise	Serinales: second call outside PAP1-OBP1-PIK1 span in a genome with a core-modelled call
serinales_882aa01	GCA_019775655.1_ASM1977565v1	Ascomycota	Serinales	Candida anglica	Ascomycota:MTL	JACWFX010000007.1:7532-15927	prerule_call	MTLA2	36.2	0.005	30.631	1	14066226	unknown	Serinales: only locus, core inside flank span
serinales_882aa01	GCA_023623315.1_ASM2362331v1	Ascomycota	Serinales	Yamadazyma aaseri	Ascomycota:MTL	JAMACU010000005.1:267549-284541	prerule_call	MTLA1	32.0	0.1	35.0	3	10457527	unknown	
serinales_882aa01	GCA_023623355.1_ASM2362335v1	Ascomycota	Serinales	Lodderomyces elongisporus	Ascomycota:MTL	JAMACX010000016.1:42978-58831	prerule_call	MTLA2	26.9	6.1	33.333	8	17483041	unknown	
serinales_882aa01	GCA_024256405.1_ASM2425640v1	Ascomycota	Serinales	Debaryomyces hansenii	Ascomycota:MTL	JAMSKW010000007.1:934025-949520	prerule_call	MTLA2	29.3	2.0	29.545	4	24773645	noise	Serinales: second call outside PAP1-OBP1-PIK1 span in a genome with a core-modelled call
serinales_882aa01	GCA_024586305.1_ASM2458630v1	Ascomycota	Serinales	Debaryomyces sp. S3305	Ascomycota:MTL	JAMYHY010000017.1:227742-243469	prerule_call	MTLA2	29.3	1.9	29.545	3	23363040	noise	Serinales: second call outside PAP1-OBP1-PIK1 span in a genome with a core-modelled call
serinales_882aa01	GCA_028412075.1_ASM2841207v1	Ascomycota	Serinales	Debaryomyces hansenii	Ascomycota:MTL	CP045115.1:984372-999835	prerule_call	MTLA2	27.3	5.4	27.273	4	13011227	noise	Serinales: second call outside PAP1-OBP1-PIK1 span in a genome with a core-modelled call
serinales_882aa01	GCA_028609645.1_ASM2860964v1	Ascomycota	Serinales	Debaryomyces hansenii	Ascomycota:MTL	CP046877.1:919735-935234	prerule_call	MTLA2	29.3	1.1	28.889	3	12906821	noise	Serinales: second call outside PAP1-OBP1-PIK1 span in a genome with a core-modelled call
serinales_882aa01	GCA_029581775.1_ASM2958177v1	Ascomycota	Serinales	Dujonia boleticola	Ascomycota:MTL	JARGRU010000025.1:1319366-1327336	prerule_call	MTLA2	38.9	3.16e-08	62.5	1	16089789	unknown	Serinales: only locus, core inside flank span
serinales_882aa01	GCA_030463055.1_ASM3046305v1	Ascomycota	Serinales	Lizanozyma gosingica	Ascomycota:MTL	JAKVQZ010000015.1:105099-113116	prerule_call	MTLA1	42.7	3.11e-06	42.857	1	13687529	unknown	Serinales: only locus, core inside flank span
serinales_882aa01	GCA_030555745.1_ASM3055574v1	Ascomycota	Serinales	Yamadazyma sp. yHKB15	Ascomycota:MTL	JANIWS010000009.1:350408-368395	prerule_call	MTLA2	50.1	2.05e-07	27.119	1	11334042	unknown	
serinales_882aa01	GCA_030556535.1_ASM3055653v1	Ascomycota	Serinales	Diutina rugosa	Ascomycota:MTL	JAKTUF010000013.1:79632-87592	prerule_call	MTLA2	57.4	8.88e-10	30.769	1	13287123	unknown	Serinales: only locus, core inside flank span
serinales_882aa01	GCA_030556595.1_ASM3055659v1	Ascomycota	Serinales	Debaryomyces udenii	Ascomycota:MTL	JAKTUI010000001.1:1022745-1040049	prerule_call	MTLA1	30.4	0.34	31.429	4	11040766	noise	Serinales: second call outside PAP1-OBP1-PIK1 span in a genome with a core-modelled call
serinales_882aa01	GCA_030558265.1_ASM3055826v1	Ascomycota	Serinales	Candida pseudocylindracea	Ascomycota:MTL	JAJMSD010000015.1:29811-36573	prerule_call	MTLA2	28.1	1.3	27.66	2	9089300	noise	Serinales: second call outside PAP1-OBP1-PIK1 span in a genome with a core-modelled call
serinales_882aa01	GCA_030558845.1_ASM3055884v1	Ascomycota	Serinales	Kodamaea laetipori	Ascomycota:MTL	JAKTQN010000006.1:591890-600010	prerule_call	MTLA1	43.9	1.36e-06	28.947	1	14948952	unknown	Serinales: only locus, core inside flank span
serinales_882aa01	GCA_030560525.1_ASM3056052v1	Ascomycota	Serinales	Diutina catenulata	Ascomycota:MTL	JAKTTW010000099.1:32677-38910	prerule_call	MTLalpha1	25.8	8.7	30.0	21	13718997	unknown	Serinales: only locus, core inside flank span
serinales_882aa01	GCA_030561325.1_ASM3056132v1	Ascomycota	Serinales	Yamadazyma atlantica	Ascomycota:MTL	JAKTXA010000006.1:547953-591557	prerule_call	MTLA1	35.8	0.000747	28.846	2	11567602	unknown	
serinales_882aa01	GCA_030562905.1_ASM3056290v1	Ascomycota	Serinales	Tanozyma kutaoensis	Ascomycota:MTL	JAKUAK010000065.1:4388-13899	prerule_call	MTLA1	37.7	0.000108	30.508	2	9439405	unknown	Serinales: only locus, core inside flank span
serinales_882aa01	GCA_030563345.1_ASM3056334v1	Ascomycota	Serinales	Diutina scorzettiae	Ascomycota:MTL	JAKUCB010000004.1:526340-550424	prerule_call	MTLA2	43.9	1.22e-05	36.036	1	11830803	unknown	Serinales: only locus, core inside flank span
serinales_882aa01	GCA_030563825.1_ASM3056382v1	Ascomycota	Serinales	Australozyma nongkhaiensis	Ascomycota:MTL	JAJMKF010000012.1:216688-237725	prerule_call	MTLA2	26.9	6.9	38.462	4	12582588	unknown	Serinales: only locus, core inside flank span
serinales_882aa01	GCA_030563865.1_ASM3056386v1	Ascomycota	Serinales	Dujonia oleophila	Ascomycota:MTL	JAJMKG010000020.1:164155-171926	prerule_call	MTLA1	38.5	0.000439	25.926	1	13998695	unknown	Serinales: only locus, core inside flank span
serinales_882aa01	GCA_030563905.1_ASM3056390v1	Ascomycota	Serinales	Australozyma succicola	Ascomycota:MTL	JAJMKM010000016.1:28998-51172	prerule_call	MTLalpha1	37.4	0.002	26.596	1	12009907	unknown	Serinales: only locus, core inside flank span
serinales_882aa01	GCA_030565385.1_ASM3056538v1	Ascomycota	Serinales	Kodamaea neixiangensis	Ascomycota:MTL	JAJMBT010000008.1:176283-201231	prerule_call	MTLA2	35.4	0.008	27.607	1	14331626	unknown	
serinales_882aa01	GCA_030565865.1_ASM3056586v1	Ascomycota	Serinales	Yamadazyma friedrichii	Ascomycota:MTL	JAJMGX010000010.1:61938-80250	prerule_call	MTLA2	32.0	0.17	41.026	1	11730709	unknown	
serinales_882aa01	GCA_030566065.1_ASM3056606v1	Ascomycota	Serinales	Debaryomyces robertsiae	Ascomycota:MTL	JAJMHL010000001.1:720570-739572	prerule_call	MTLalpha1	25.4	9.9	34.783	22	10703425	noise	Serinales: second call outside PAP1-OBP1-PIK1 span in a genome with a core-modelled call
serinales_882aa01	GCA_030566735.1_ASM3056673v1	Ascomycota	Serinales	Australozyma touchengensis	Ascomycota:MTL	JAKUAS010000024.1:3333-7761	prerule_call	MTLA2	28.9	0.61	31.707	1	11799553	unknown	Serinales: only locus, core inside flank span
serinales_882aa01	GCA_030569055.1_ASM3056905v1	Ascomycota	Serinales	Yamadazyma andamanensis	Ascomycota:MTL	JAJMJW010000013.1:59042-75752	prerule_call	MTLA1	25.0	9.3	34.286	20	9687325	unknown	
serinales_882aa01	GCA_030569415.1_ASM3056941v1	Ascomycota	Serinales	Yamadazyma mexicana	Ascomycota:MTL	JAJMLA010000011.1:467584-484483	prerule_call	MTLA1	29.6	0.11	23.438	4	11817944	unknown	
serinales_882aa01	GCA_030569455.1_ASM3056945v1	Ascomycota	Serinales	Australozyma saccharicola	Ascomycota:MTL	JAJMKW010000042.1:52016-72988	prerule_call	MTLalpha1	45.4	3.2e-06	27.723	1	12098632	unknown	Serinales: only locus, core inside flank span
serinales_882aa01	GCA_030569695.1_ASM3056969v1	Ascomycota	Serinales	Yamadazyma vaughaniae	Ascomycota:MTL	JAJMLO010000015.1:64207-91667	prerule_call	MTLA2	32.3	0.059	22.754	1	10836855	unknown	
serinales_882aa01	GCA_030569815.1_ASM3056981v1	Ascomycota	Serinales	Diutina ranongensis	Ascomycota:MTL	JAJMLP010000021.1:26863-35487	prerule_call	MTLalpha1	37.0	0.002	26.882	1	11748416	unknown	Serinales: only locus, core inside flank span
serinales_882aa01	GCA_030570215.1_ASM3057021v1	Ascomycota	Serinales	Dujonia boleticola	Ascomycota:MTL	JAJLUY010000036.1:3101-11072	prerule_call	MTLA2	38.9	3.36e-08	62.5	1	15051116	unknown	Serinales: only locus, core inside flank span
serinales_882aa01	GCA_030570975.1_ASM3057097v1	Ascomycota	Serinales	Yamadazyma songkhlaensis	Ascomycota:MTL	JAJLWX010000001.1:58352-75726	prerule_call	MTLA2	32.0	0.000158	45.455	1	10566097	unknown	
serinales_882aa01	GCA_030571035.1_ASM3057103v1	Ascomycota	Serinales	Yamadazyma buinensis	Ascomycota:MTL	JAJLWZ010000030.1:49239-60830	prerule_call	MTLA2	35.4	0.001	43.59	1	11911941	unknown	Serinales: only locus, core inside flank span
serinales_882aa01	GCA_030571055.1_ASM3057105v1	Ascomycota	Serinales	Yamadazyma sp. yHMH685	Ascomycota:MTL	JAJLXC010000004.1:924050-940628	prerule_call	MTLA1	36.6	0.000295	35.556	2	11277713	unknown	
serinales_882aa01	GCA_030571925.1_ASM3057192v1	Ascomycota	Serinales	Yamadazyma epiphylla	Ascomycota:MTL	JAJLZA010000003.1:531580-549054	prerule_call	MTLA2	30.8	0.000169	35.135	2	10903073	unknown	
serinales_882aa01	GCA_030571955.1_ASM3057195v1	Ascomycota	Serinales	Yamadazyma phyllophila	Ascomycota:MTL	JAJLZE010000011.1:106940-123929	prerule_call	MTLA1	37.0	0.000224	41.304	2	11251950	unknown	
serinales_882aa01	GCA_030571975.1_ASM3057197v1	Ascomycota	Serinales	Yamadazyma olivae	Ascomycota:MTL	JAJLZD010000003.1:303712-321602	prerule_call	MTLA1	40.0	0.000269	36.667	1	11294987	unknown	
serinales_882aa01	GCA_030571995.1_ASM3057199v1	Ascomycota	Serinales	Yamadazyma insecticola	Ascomycota:MTL	JAJLZB010000003.1:35508-47879	prerule_call	MTLA1	40.8	0.000112	51.515	1	10484848	unknown	
serinales_882aa01	GCA_030572275.1_ASM3057227v1	Ascomycota	Serinales	Yamadazyma conglobata	Ascomycota:MTL	JAJLZN010000009.1:163121-180181	prerule_call	MTLA1	34.7	0.001	34.211	2	10577200	unknown	
serinales_882aa01	GCA_030572355.1_ASM3057235v1	Ascomycota	Serinales	Yamadazyma dendronema	Ascomycota:MTL	JAJLZP010000001.1:1364667-1382808	prerule_call	MTLA1	35.4	0.008	33.333	2	10946948	unknown	
serinales_882aa01	GCA_030572395.1_ASM3057239v1	Ascomycota	Serinales	Yamadazyma michaelii	Ascomycota:MTL	JAJLZU010000006.1:433973-451898	prerule_call	MTLA1	42.4	3.77e-05	36.0	1	11366483	unknown	
serinales_882aa01	GCA_030572515.1_ASM3057251v1	Ascomycota	Serinales	Yamadazyma trypodendri	Ascomycota:MTL	JAJMAI010000024.1:158955-185760	prerule_call	MTLA2	26.6	6.0	31.373	9	10756393	unknown	
serinales_882aa01	GCA_030573955.1_ASM3057395v1	Ascomycota	Serinales	Yamadazyma triangularis	Ascomycota:MTL	JAJMEC010000103.1:19146-26835	prerule_call	MTLA1	34.7	0.026	38.462	3	20921249	unknown	
serinales_882aa01	GCA_030574355.1_ASM3057435v1	Ascomycota	Serinales	Kurtzmaniella natalensis	Ascomycota:MTL	JAJMEV010000001.1:953554-961133	prerule_call	MTLA2	40.4	3.27e-07	34.94	1	15013813	unknown	Serinales: only locus, core inside flank span
serinales_882aa01	GCA_030574775.1_ASM3057477v1	Ascomycota	Serinales	Yamadazyma atmosphaerica	Ascomycota:MTL	JAJMFQ010000008.1:58305-76191	prerule_call	MTLA2	40.8	0.000243	30.636	1	11461614	unknown	
serinales_882aa01	GCA_030578175.1_ASM3057817v1	Ascomycota	Serinales	Dujonia santamariae	Ascomycota:MTL	JANIVZ010000035.1:6988-15383	prerule_call	MTLA2	36.2	0.005	30.631	1	13785665	unknown	Serinales: only locus, core inside flank span
serinales_882aa01	GCA_030578555.1_ASM3057855v1	Ascomycota	Serinales	Diutina neorugosa	Ascomycota:MTL	JAJMSK010000002.1:217141-229387	prerule_call	MTLalpha1	37.4	0.001	31.395	1	13100740	unknown	Serinales: only locus, core inside flank span
serinales_882aa01	GCA_030580175.1_ASM3058017v1	Ascomycota	Serinales	Diutina pseudorugosa	Ascomycota:MTL	JAKTSL010000005.1:309902-321080	prerule_call	MTLalpha1	35.8	0.004	27.027	1	15662026	unknown	Serinales: only locus, core inside flank span
serinales_882aa01	GCA_030580295.1_ASM3058029v1	Ascomycota	Serinales	Yamadazyma sp. yHKS699	Ascomycota:MTL	JAKTSQ010000024.1:74332-91257	prerule_call	MTLA1	35.0	0.001	35.417	2	11227284	unknown	
serinales_882aa01	GCA_030581555.1_ASM3058155v1	Ascomycota	Serinales	Candida argentea	Ascomycota:MTL	JAKTTQ010000333.1:968-8741	prerule_call	MTLA2	39.7	1.42e-07	30.172	1	11537267	unknown	
serinales_882aa01	GCA_030581595.1_ASM3058159v1	Ascomycota	Serinales	Yamadazyma blattariae	Ascomycota:MTL	JAKTTU010000010.1:388568-395690	prerule_call	MTLA2	31.6	0.19	43.75	1	12729999	unknown	Serinales: only locus, core inside flank span
serinales_882aa01	GCA_030582305.1_ASM3058230v1	Ascomycota	Serinales	Yamadazyma aaseri	Ascomycota:MTL	JAKTWZ010000012.1:28279-45271	prerule_call	MTLA1	32.0	0.1	35.0	3	10428390	unknown	
serinales_882aa01	GCA_030582355.1_ASM3058235v1	Ascomycota	Serinales	Yamadazyma spencermartinsiae	Ascomycota:MTL	JAKTXB010000020.1:29135-46880	prerule_call	MTLA1	37.4	0.000156	36.585	2	11263526	unknown	
serinales_882aa01	GCA_030583035.1_ASM3058303v1	Ascomycota	Serinales	Yamadazyma taylorii	Ascomycota:MTL	JAJMHJ010000003.1:325802-340364	prerule_call	MTLA2	38.1	0.001	33.01	1	12102284	unknown	Serinales: only locus, core inside flank span
serinales_882aa01	GCA_030674695.1_ASM3067469v1	Ascomycota	Serinales	Diutina mesorugosa	Ascomycota:MTL	JAKUAI010000002.1:174929-183519	prerule_call	MTLalpha1	36.2	0.005	31.818	1	13135770	unknown	Serinales: only locus, core inside flank span
serinales_882aa01	GCA_030674785.1_ASM3067478v1	Ascomycota	Serinales	Yamadazyma pseudoaaseri	Ascomycota:MTL	JAKUBW010000010.1:57509-74417	prerule_call	MTLA1	36.2	0.000453	32.075	2	9971910	unknown	
serinales_882aa01	GCA_036689635.1_ASM3668963v1	Ascomycota	Serinales	Debaryomyces hansenii	Ascomycota:MTL	CP144741.1:873910-889409	prerule_call	MTLA2	29.3	1.0	29.545	2	12470605	noise	Serinales: second call outside PAP1-OBP1-PIK1 span in a genome with a core-modelled call
serinales_882aa01	GCA_037040155.1_ASM3704015v1	Ascomycota	Serinales	Diutina sp. M7407A	Ascomycota:MTL	JAXQGR010000085.1:108487-117105	prerule_call	MTLalpha1	35.4	0.005	29.07	1	13360688	unknown	Serinales: only locus, core inside flank span
serinales_882aa01	GCA_037040975.1_ASM3704097v1	Ascomycota	Serinales	Lodderomyces elongisporus	Ascomycota:MTL	JAXQHS010000183.1:2871-18765	prerule_call	MTLA2	26.9	3.8	33.333	10	11143894	unknown	
serinales_882aa01	GCA_037041595.1_ASM3704159v1	Ascomycota	Serinales	Lodderomyces elongisporus	Ascomycota:MTL	JAXQIU010007087.1:13589-29475	prerule_call	MTLA2	26.9	4.3	33.333	9	12638793	unknown	
serinales_882aa01	GCA_037042415.1_ASM3704241v1	Ascomycota	Serinales	Diutina sp. Y7414	Ascomycota:MTL	JAXQKI010000090.1:319371-327989	prerule_call	MTLalpha1	35.4	0.006	29.07	1	13593881	unknown	Serinales: only locus, core inside flank span
serinales_882aa01	GCA_042766975.1_ASM4276697v1	Ascomycota	Serinales	Debaryomyces hansenii	Ascomycota:MTL	JBGOPX010000006.1:359939-375382	prerule_call	MTLA2	30.4	0.5	33.333	2	12078643	noise	Serinales: second call outside PAP1-OBP1-PIK1 span in a genome with a core-modelled call
serinales_882aa01	GCA_046867545.1_ASM4686754v1	Ascomycota	Serinales	Debaryomyces robertsiae	Ascomycota:MTL	JBIFTC010000004.1:385439-404441	prerule_call	MTLalpha1	25.4	9.9	34.783	23	10753787	noise	Serinales: second call outside PAP1-OBP1-PIK1 span in a genome with a core-modelled call
serinales_882aa01	GCA_047301165.1_CBS565Tv2	Ascomycota	Serinales	Diutina catenulata	Ascomycota:MTL	CM103935.1:194997-206016	prerule_call	MTLalpha1	46.6	2.4e-06	49.091	1	14464969	unknown	Serinales: only locus, core inside flank span
serinales_882aa01	GCA_051362385.1_ASM5136238v1	Ascomycota	Serinales	Debaryomyces hansenii	Ascomycota:MTL	JBNXMR010000004.1:358628-374127	prerule_call	MTLA2	29.3	0.99	28.889	3	12012080	noise	Serinales: second call outside PAP1-OBP1-PIK1 span in a genome with a core-modelled call
serinales_882aa01	GCA_051996825.1_ASM5199682v1	Ascomycota	Serinales	Diutina rugosa	Ascomycota:MTL	JBOZON010000012.1:264376-272994	prerule_call	MTLalpha1	35.4	0.005	29.07	1	13554162	unknown	Serinales: only locus, core inside flank span
serinales_882aa01	GCA_054122435.1_ASM5412243v1	Ascomycota	Serinales	Diutina catenulata	Ascomycota:MTL	JBQCNZ010000022.1:8013-18912	prerule_call	MTLalpha1	41.6	6.84e-05	41.935	1	10628123	unknown	Serinales: only locus, core inside flank span
serinales_882aa01	GCA_054122605.1_ASM5412260v1	Ascomycota	Serinales	Debaryomyces hansenii	Ascomycota:MTL	JBQCOF010000109.1:6640-22122	prerule_call	MTLA2	29.3	0.95	28.889	3	11574994	noise	Serinales: second call outside PAP1-OBP1-PIK1 span in a genome with a core-modelled call
serinales_882aa01	GCA_054122675.1_ASM5412267v1	Ascomycota	Serinales	Debaryomyces hansenii	Ascomycota:MTL	JBQCOI010000006.1:9721-25215	prerule_call	MTLA2	29.3	0.98	28.889	3	11883950	noise	Serinales: second call outside PAP1-OBP1-PIK1 span in a genome with a core-modelled call
serinales_882aa01	GCA_054122725.1_ASM5412272v1	Ascomycota	Serinales	Debaryomyces hansenii	Ascomycota:MTL	JBQCOL010000102.1:9748-25249	prerule_call	MTLA2	29.3	0.96	28.889	3	11717423	noise	Serinales: second call outside PAP1-OBP1-PIK1 span in a genome with a core-modelled call
serinales_882aa01	GCA_054122795.1_ASM5412279v1	Ascomycota	Serinales	Debaryomyces hansenii	Ascomycota:MTL	JBQCOO010000176.1:8-13442	prerule_call	MTLA2	29.3	1.4	29.545	5	16158982	noise	Serinales: second call outside PAP1-OBP1-PIK1 span in a genome with a core-modelled call
serinales_882aa01	GCA_054122915.1_ASM5412291v1	Ascomycota	Serinales	Debaryomyces hansenii	Ascomycota:MTL	JBQCOU010000002.1:384950-400432	prerule_call	MTLA2	29.3	0.94	28.889	3	11480534	noise	Serinales: second call outside PAP1-OBP1-PIK1 span in a genome with a core-modelled call
serinales_882aa01	GCA_054122935.1_ASM5412293v1	Ascomycota	Serinales	Debaryomyces hansenii	Ascomycota:MTL	JBQCOW010000002.1:201401-216888	prerule_call	MTLA2	29.3	0.95	28.889	3	11563828	noise	Serinales: second call outside PAP1-OBP1-PIK1 span in a genome with a core-modelled call
serinales_882aa01	GCA_054123115.1_ASM5412311v1	Ascomycota	Serinales	Diutina catenulata	Ascomycota:MTL	JBQCPF010000055.1:418-34389	prerule_call	MTLalpha1	46.6	1.86e-06	49.091	1	11146317	unknown	Serinales: only locus, core inside flank span
serinales_882aa01	GCA_054123195.1_ASM5412319v1	Ascomycota	Serinales	Diutina catenulata	Ascomycota:MTL	JBQCPH010000290.1:362-11252	prerule_call	MTLalpha1	39.7	0.000266	50.0	1	9948839	unknown	Serinales: only locus, core inside flank span
serinales_882aa01	GCA_054123315.1_ASM5412331v1	Ascomycota	Serinales	Diutina catenulata	Ascomycota:MTL	JBQCPN010000416.1:1117-7296	prerule_call	MTLalpha1	25.4	8.4	30.0	21	10268939	unknown	Serinales: only locus, core inside flank span
serinales_882aa01	GCA_054123345.1_ASM5412334v1	Ascomycota	Serinales	Diutina catenulata	Ascomycota:MTL	JBQCPO010000036.1:406-34317	prerule_call	MTLalpha1	46.6	1.58e-06	49.091	1	9463370	unknown	Serinales: only locus, core inside flank span
serinales_882aa01	GCA_054123385.1_ASM5412338v1	Ascomycota	Serinales	Diutina catenulata	Ascomycota:MTL	JBQCPQ010000155.1:12805-23728	prerule_call	MTLalpha1	46.6	1.7e-06	49.091	1	10310120	unknown	Serinales: only locus, core inside flank span
serinales_882aa01	GCA_054123525.1_ASM5412352v1	Ascomycota	Serinales	Debaryomyces hansenii	Ascomycota:MTL	JBQCPX010000015.1:9721-25213	prerule_call	MTLA2	29.3	0.95	28.889	3	11559752	noise	Serinales: second call outside PAP1-OBP1-PIK1 span in a genome with a core-modelled call
serinales_882aa01	GCA_054123595.1_ASM5412359v1	Ascomycota	Serinales	Debaryomyces hansenii	Ascomycota:MTL	JBQCQA010000180.1:20279-35646	prerule_call	MTLA2	28.9	2.9	28.947	3	22564859	noise	Serinales: second call outside PAP1-OBP1-PIK1 span in a genome with a core-modelled call
serinales_882aa01	GCA_054123615.1_ASM5412361v1	Ascomycota	Serinales	Debaryomyces hansenii	Ascomycota:MTL	JBQCQB010000004.1:453164-468648	prerule_call	MTLA2	29.3	0.96	28.889	3	11675204	noise	Serinales: second call outside PAP1-OBP1-PIK1 span in a genome with a core-modelled call
serinales_882aa01	GCA_054123675.1_ASM5412367v1	Ascomycota	Serinales	Debaryomyces hansenii	Ascomycota:MTL	JBQCQE010000002.1:384878-400366	prerule_call	MTLA2	29.3	0.96	28.889	3	11713807	noise	Serinales: second call outside PAP1-OBP1-PIK1 span in a genome with a core-modelled call
serinales_882aa01	GCA_054123735.1_ASM5412373v1	Ascomycota	Serinales	Debaryomyces hansenii	Ascomycota:MTL	JBQCQH010000003.1:357865-373321	prerule_call	MTLA2	29.3	0.96	28.889	3	11648038	noise	Serinales: second call outside PAP1-OBP1-PIK1 span in a genome with a core-modelled call
serinales_882aa01	GCA_054123785.1_ASM5412378v1	Ascomycota	Serinales	Diutina catenulata	Ascomycota:MTL	JBQCQK010000034.1:42170-52518	prerule_call	MTLA1	45.4	2.17e-06	35.211	1	12279134	unknown	Serinales: only locus, core inside flank span
serinales_882aa01	GCA_054123875.1_ASM5412387v1	Ascomycota	Serinales	Debaryomyces hansenii	Ascomycota:MTL	JBQCQO010000001.1:452919-468397	prerule_call	MTLA2	29.3	0.95	28.889	3	11537579	noise	Serinales: second call outside PAP1-OBP1-PIK1 span in a genome with a core-modelled call
serinales_882aa01	GCA_054123905.1_ASM5412390v1	Ascomycota	Serinales	Debaryomyces hansenii	Ascomycota:MTL	JBQCQP010000005.1:9738-25232	prerule_call	MTLA2	29.3	0.97	28.889	3	11760090	noise	Serinales: second call outside PAP1-OBP1-PIK1 span in a genome with a core-modelled call
serinales_882aa01	GCA_054124075.1_ASM5412407v1	Ascomycota	Serinales	Debaryomyces hansenii	Ascomycota:MTL	JBQCQY010000009.1:11109-26696	prerule_call	MTLA2	29.3	0.98	28.889	3	11901146	noise	Serinales: second call outside PAP1-OBP1-PIK1 span in a genome with a core-modelled call
serinales_882aa01	GCA_054124275.1_ASM5412427v1	Ascomycota	Serinales	Diutina catenulata	Ascomycota:MTL	JBQCRH010000143.1:12783-23706	prerule_call	MTLalpha1	46.6	1.76e-06	49.091	1	10646569	unknown	Serinales: only locus, core inside flank span
serinales_882aa01	GCA_054124335.1_ASM5412433v1	Ascomycota	Serinales	Diutina catenulata	Ascomycota:MTL	JBQCRK010000109.1:12123-22471	prerule_call	MTLA1	45.4	2.04e-06	35.211	1	11585407	unknown	Serinales: only locus, core inside flank span
serinales_882aa01	GCA_054124355.1_ASM5412435v1	Ascomycota	Serinales	Debaryomyces hansenii	Ascomycota:MTL	JBQCRL010000135.1:14250-27696	prerule_call	MTLA2	29.3	1.4	29.545	2	16791928	noise	Serinales: second call outside PAP1-OBP1-PIK1 span in a genome with a core-modelled call
serinales_882aa01	GCA_054124355.1_ASM5412435v1	Ascomycota	Serinales	Debaryomyces hansenii	Ascomycota:MTL	JBQCRL010000169.1:5362-20828	prerule_call	MTLA2	29.3	1.4	28.889	1	16791928	noise	Serinales: second call outside PAP1-OBP1-PIK1 span in a genome with a core-modelled call
serinales_882aa01	GCA_054124395.1_ASM5412439v1	Ascomycota	Serinales	Debaryomyces hansenii	Ascomycota:MTL	JBQCRN010000374.1:8-13419	prerule_call	MTLA2	29.3	1.3	28.889	4	15805638	noise	Serinales: second call outside PAP1-OBP1-PIK1 span in a genome with a core-modelled call
serinales_882aa01	GCA_054124395.1_ASM5412439v1	Ascomycota	Serinales	Debaryomyces hansenii	Ascomycota:MTL	JBQCRN010000096.1:8-13437	prerule_call	MTLA2	29.3	1.4	29.545	3	15805638	noise	Serinales: second call outside PAP1-OBP1-PIK1 span in a genome with a core-modelled call
serinales_882aa01	GCA_054124895.1_ASM5412489v1	Ascomycota	Serinales	Diutina catenulata	Ascomycota:MTL	JBQCSM010000001.1:165179-199099	prerule_call	MTLalpha1	46.6	1.84e-06	49.091	1	10971707	unknown	Serinales: only locus, core inside flank span
serinales_882aa01	GCA_054124925.1_ASM5412492v1	Ascomycota	Serinales	Diutina catenulata	Ascomycota:MTL	JBQCSO010000024.1:70265-82003	prerule_call	MTLA1	45.4	1.49e-06	35.211	1	8727986	unknown	Serinales: only locus, core inside flank span
serinales_882aa01	GCA_054124975.1_ASM5412497v1	Ascomycota	Serinales	Diutina catenulata	Ascomycota:MTL	JBQCSR010000014.1:40332-74252	prerule_call	MTLalpha1	46.6	1.81e-06	49.091	1	10775381	unknown	Serinales: only locus, core inside flank span
serinales_882aa01	GCA_054125065.1_ASM5412506v1	Ascomycota	Serinales	Diutina catenulata	Ascomycota:MTL	JBQCSU010000019.1:40332-74252	prerule_call	MTLalpha1	46.6	1.85e-06	49.091	1	11075970	unknown	Serinales: only locus, core inside flank span
serinales_882aa01	GCA_054125495.1_ASM5412549v1	Ascomycota	Serinales	Debaryomyces hansenii	Ascomycota:MTL	JBQCTG010000127.1:10924-26418	prerule_call	MTLA2	29.3	1.4	29.545	5	16821768	noise	Serinales: second call outside PAP1-OBP1-PIK1 span in a genome with a core-modelled call
serinales_882aa01	GCA_054125685.1_ASM5412568v1	Ascomycota	Serinales	Debaryomyces hansenii	Ascomycota:MTL	JBQCTP010000002.1:6652-22133	prerule_call	MTLA2	29.3	0.95	28.889	3	11586107	noise	Serinales: second call outside PAP1-OBP1-PIK1 span in a genome with a core-modelled call
serinales_882aa01	GCA_054125705.1_ASM5412570v1	Ascomycota	Serinales	Debaryomyces hansenii	Ascomycota:MTL	JBQCTR010000004.1:9735-25219	prerule_call	MTLA2	29.3	1.0	28.889	3	12308197	noise	Serinales: second call outside PAP1-OBP1-PIK1 span in a genome with a core-modelled call
serinales_882aa01	GCA_054643025.1_ASM5464302v1	Ascomycota	Serinales	Lodderomyces elongisporus	Ascomycota:MTL	JBQVMK010000004.1:228276-244175	prerule_call	MTLA2	26.6	6.5	33.333	6	16118111	unknown	
serinales_882aa01	GCA_056149625.1_EIMB_Dhan_Wch_1.0	Ascomycota	Serinales	Debaryomyces hansenii	Ascomycota:MTL	CM148907.1:909341-924850	prerule_call	MTLA2	29.3	1.1	28.889	3	12828623	noise	Serinales: second call outside PAP1-OBP1-PIK1 span in a genome with a core-modelled call
serinales_882aa01	GCA_059058215.1_DMC_DhanseniiCDA1_1.0	Ascomycota	Serinales	Debaryomyces hansenii	Ascomycota:MTL	CM180789.1:864106-879613	prerule_call	MTLA2	29.3	1.1	29.545	2	12390982	noise	Serinales: second call outside PAP1-OBP1-PIK1 span in a genome with a core-modelled call
serinales_882aa01	GCA_059578745.1_ASM5957874v1	Ascomycota	Serinales	Debaryomyces hansenii	Ascomycota:MTL	JBTWMU010000011.1:365378-380875	prerule_call	MTLA2	29.3	1.0	29.545	2	12006761	noise	Serinales: second call outside PAP1-OBP1-PIK1 span in a genome with a core-modelled call
serinales_882aa01	GCA_059578865.1_ASM5957886v1	Ascomycota	Serinales	Debaryomyces hansenii	Ascomycota:MTL	JBVATN010000025.1:11152-26649	prerule_call	MTLA2	29.3	1.0	29.545	2	12043576	noise	Serinales: second call outside PAP1-OBP1-PIK1 span in a genome with a core-modelled call
serinales_882aa01	GCA_059578875.1_ASM5957887v1	Ascomycota	Serinales	Debaryomyces hansenii	Ascomycota:MTL	JBVATO010000003.1:384804-400303	prerule_call	MTLA2	29.3	0.95	29.545	2	11874939	noise	Serinales: second call outside PAP1-OBP1-PIK1 span in a genome with a core-modelled call
serinales_882aa01	GCA_059578905.1_ASM5957890v1	Ascomycota	Serinales	Debaryomyces hansenii	Ascomycota:MTL	JBVATP010000045.1:9760-25254	prerule_call	MTLA2	29.3	0.98	28.889	3	12039367	noise	Serinales: second call outside PAP1-OBP1-PIK1 span in a genome with a core-modelled call
serinales_882aa01	GCA_059578925.1_ASM5957892v1	Ascomycota	Serinales	Debaryomyces hansenii	Ascomycota:MTL	JBVATM010000012.1:11152-26649	prerule_call	MTLA2	29.3	1.0	29.545	2	12039529	noise	Serinales: second call outside PAP1-OBP1-PIK1 span in a genome with a core-modelled call
serinales_882aa01	GCA_059578945.1_ASM5957894v1	Ascomycota	Serinales	Debaryomyces hansenii	Ascomycota:MTL	JBVATL010000002.1:385252-400749	prerule_call	MTLA2	29.3	1.0	29.545	2	12036281	noise	Serinales: second call outside PAP1-OBP1-PIK1 span in a genome with a core-modelled call
serinales_882aa01	GCA_059578955.1_ASM5957895v1	Ascomycota	Serinales	Debaryomyces hansenii	Ascomycota:MTL	JBVATK010000010.1:20518-36025	prerule_call	MTLA2	29.3	1.0	29.545	2	11972813	noise	Serinales: second call outside PAP1-OBP1-PIK1 span in a genome with a core-modelled call
serinales_882aa01	GCA_059578985.1_ASM5957898v1	Ascomycota	Serinales	Debaryomyces hansenii	Ascomycota:MTL	JBVATJ010000010.1:365190-380697	prerule_call	MTLA2	29.3	1.0	29.545	2	11973027	noise	Serinales: second call outside PAP1-OBP1-PIK1 span in a genome with a core-modelled call
serinales_882aa01	GCA_059579005.1_ASM5957900v1	Ascomycota	Serinales	Debaryomyces hansenii	Ascomycota:MTL	JBVATI010000011.1:14729-30236	prerule_call	MTLA2	29.3	1.0	29.545	2	11968826	noise	Serinales: second call outside PAP1-OBP1-PIK1 span in a genome with a core-modelled call
serinales_882aa01	GCA_059579025.1_ASM5957902v1	Ascomycota	Serinales	Debaryomyces hansenii	Ascomycota:MTL	JBVATH010000010.1:11408-26915	prerule_call	MTLA2	29.3	1.0	29.545	2	11982829	noise	Serinales: second call outside PAP1-OBP1-PIK1 span in a genome with a core-modelled call
serinales_882aa01	GCA_059579045.1_ASM5957904v1	Ascomycota	Serinales	Debaryomyces hansenii	Ascomycota:MTL	JBVATG010000010.1:20518-36025	prerule_call	MTLA2	29.3	1.0	29.545	2	11976081	noise	Serinales: second call outside PAP1-OBP1-PIK1 span in a genome with a core-modelled call
serinales_882aa01	GCA_900006135.1_D_tyrocola_PRJEB9675	Ascomycota	Serinales	Debaryomyces tyrocola	Ascomycota:MTL	LN874555.1:378341-393814	prerule_call	MTLA2	27.3	4.9	27.273	3	12376824	noise	Serinales: second call outside PAP1-OBP1-PIK1 span in a genome with a core-modelled call
serinales_882aa01	GCA_935541525.1_CLIB1423v1	Ascomycota	Serinales	Dujonia railenensis	Ascomycota:MTL	CAKXYY010000003.1:162080-173285	prerule_call	MTLA2	43.1	2.3e-05	30.769	1	13802650	unknown	
serinales_882aa01	GCA_943733655.1_CLIB1444v1	Ascomycota	Serinales	Yamadazyma jaroonii	Ascomycota:MTL	CALSDN010000001.1:1195686-1246736	prerule_call	MTLA2	40.0	0.000153	29.286	1	10580516	unknown	
serinales_882aa01	GCA_947297635.1_2786_Candida_aaseri	Ascomycota	Serinales	Yamadazyma aaseri	Ascomycota:MTL	CAMYTP010000004.1:761907-778923	prerule_call	MTLA1	32.0	0.11	35.0	3	10658036	unknown	
serinales_882aa01	GCA_965286745.1_DICA0.2	Ascomycota	Serinales	Diutina catenulata	Ascomycota:MTL	OZ261068.1:1226687-1237710	prerule_call	MTLalpha1	46.6	2.45e-06	49.091	1	14719482	unknown	Serinales: only locus, core inside flank span
serinales_882aa01	GCA_965362145.1_DIRU0	Ascomycota	Serinales	Diutina rugosa	Ascomycota:MTL	OZ262467.1:3787645-3795605	prerule_call	MTLA2	57.4	9.29e-10	30.769	1	13879194	unknown	Serinales: only locus, core inside flank span
serinales_882aa01	GCA_980652965.1_TUCC00000373	Ascomycota	Serinales	Yamadazyma diddensiae	Ascomycota:MTL	CEMBQR010000009.1:373433-381244	prerule_call	MTLA1	40.0	0.000231	34.247	2	10636225	unknown	Serinales: only locus, core inside flank span
serinales_882aa01	GCA_984568805.1_NCYC_1483_WGS	Ascomycota	Serinales	Yamadazyma mexicana	Ascomycota:MTL	CFHEQV010000004.1:1254026-1270925	prerule_call	MTLA1	29.6	0.11	23.438	4	11923321	unknown	
serinales_882aa01	GCF_000006445.2_ASM644v2	Ascomycota	Serinales	Debaryomyces hansenii	Ascomycota:MTL	NC_006047.2:882001-897501	prerule_call	MTLA2	29.3	1.0	28.889	3	12181948	noise	Serinales: second call outside PAP1-OBP1-PIK1 span in a genome with a core-modelled call
serinales_882aa01	GCF_008704595.1_ASM870459v1	Ascomycota	Serinales	Diutina rugosa	Ascomycota:MTL	NW_022995100.1:289606-297566	prerule_call	MTLA2	57.4	8.97e-10	30.769	1	13412984	unknown	Serinales: only locus, core inside flank span
serinales_882aa01	GCF_030384665.1_ASM3038466v1	Ascomycota	Serinales	Lodderomyces elongisporus	Ascomycota:MTL	NC_083678.1:231188-255747	prerule_call	MTLA2	26.9	6.1	33.333	7	16086460	unknown	
basidio_full_ad1f865	GCA_004369125.1_Ptegra1	Basidiomycota	Agaricales	Pterulicium gracile	Basidiomycota:HD	ML178815.1:99276-129393	kept_low	HD1	66.6	4.4e-11	33.019	1	34722810	unknown	
basidio_full_ad1f865	GCA_003243755.1_ASM324375v1	Basidiomycota	Agaricales	Pleurotus tuoliensis	Basidiomycota:HD	QCWT01000017.1:489817-497904	withheld	HD1	42.7	0.001	29.48	1	48227411	unknown	
basidio_full_ad1f865	GCA_021399455.1_FlaPMI526_1	Basidiomycota	Agaricales	Flagelloscypha sp. PMI_526	Basidiomycota:HD	JAJTUO010000001.1:1856315-1864567	kept_low	HD1	65.5	2.27e-10	42.029	1	72724170	unknown	
basidio_full_ad1f865	GCA_001632355.1_Sissu1	Basidiomycota	Sistotremastrales	Sistotremastrum suecicum	Basidiomycota:HD	KV428006.1:59154-97286	kept_low	HD1	68.9	8.28e-12	27.933	1	33530278	unknown	
basidio_full_ad1f865	GCA_001792895.1_ASM179289v1	Basidiomycota	Polyporales	Lentinus brumalis	Basidiomycota:HD	MARA01000003.1:150689-158523	kept_low	HD2	59.3	7.38e-09	28.643	1	53434618	unknown	
basidio_full_ad1f865	GCA_004307925.1_Dicsqu18370_1	Basidiomycota	Polyporales	Dichomitus squalens	Basidiomycota:HD	ML143388.1:888639-897106	kept_low	HD1	50.4	4.56e-06	32.143	1	39207652	unknown	
basidio_full_ad1f865	GCA_007896425.1_Ttrogii_v1.0	Basidiomycota	Polyporales	Coriolopsis trogii	Basidiomycota:HD	SZVL01000001.1:2429139-2438918	withheld	HD2	48.1	1.7e-05	28.125	1	39875335	unknown	
basidio_full_ad1f865	GCA_022160305.1_Clapy1	Basidiomycota	Russulales	Artomyces pyxidatus	Basidiomycota:HD	MU277188.1:442464-452643	kept_low	HD1	51.6	1.83e-06	30.851	1	37803559	unknown	
basidio_full_ad1f865	GCA_040802745.1_ASM4080274v1	Basidiomycota	Russulales	Peniophora incarnata	Basidiomycota:HD	JAVRQH010000001.1:1726003-1736453	kept_low	HD1	50.1	1.09e-09	22.222	1	75282117	unknown	
basidio_full_ad1f865	GCA_965217405.1_gfPhaAlbo1.hap1.1	Basidiomycota	Gomphales	Phaeoclavulina alboapiculata	Basidiomycota:HD	OZ244508.1:1193782-1243822	withheld	HD1	105.0	5.63e-23	25.948	1	49602168	unknown	
basidio_full_ad1f865	GCF_022376455.1_Epityp1	Basidiomycota	Polyporales	Epithele typhae	Basidiomycota:HD	NW_025954194.1:682760-698364	kept_low	HD2	61.2	2.37e-09	41.558	1	56127818	unknown	
dothideo_recheck_9932c7c	GCA_010015825.1_Lopnu1	Ascomycota	Pleosporales	Lophiotrema nucula	Ascomycota:MAT	ML977371.1:108801-128984	withheld	MAT1-1-4	30.0	2.2	37.778	2	48616731	unknown	
dothideo_recheck_9932c7c	GCA_030553385.1_ASM3055338v1	Ascomycota	Mycosphaerellales	Friedmanniomyces endolithicus	Ascomycota:MAT	JAUJLD010000066.1:89290-140375	withheld	MAT1-2-1	31.2	2.4	34.545	34	64283038	unknown	
early_div_634dda4	GCA_027577175.1_UCR_CoemS146_1.0	Kickxellomycota	Kickxellales	Coemansia sp. S146	Mucoromycota:MAT	JANBQN010000031.1:57994-126852	prerule_call	sexM	30.4	0.52	30.556	17	17902505	unknown	
early_div_634dda4	GCA_019788775.1_ASM1978877v1	Mortierellomycota	Mortierellales	Mortierella alpina	Mucoromycota:MAT	JAIFTL010000165.1:36645-50101	prerule_call	sexM	27.7	6.6	38.636	32	35254235	unknown	
early_div_634dda4	GCA_033807515.1_Morgam1	Mortierellomycota	Mortierellales	Linnemannia gamsii	Mucoromycota:MAT	JAWHKS010000011.1:208935-273008	prerule_call	sexP	28.9	9.0	29.032	32	57774994	unknown	
early_div_634dda4	GCA_000587855.1_B50	Mucoromycota	Mucorales	Mucor irregularis	Mucoromycota:MAT	KK076501.1:473260-520603	prerule_call	sexM	68.2	1.48e-13	27.841	1	33673062	real	curated diagnosis
early_div_634dda4	GCA_000697415.1_UmbIsaB7317-1.0	Mucoromycota	Umbelopsidales	Umbelopsis isabellina	Mucoromycota:MAT	JNEQ01000056.1:749075-753439	prerule_call	sexP	62.4	6.76e-11	26.154	1	21860463	unknown	
early_div_634dda4	GCA_000697435.1_RhiVarB7584-1.0	Mucoromycota	Mucorales	Mucor irregularis	Mucoromycota:MAT	JNES01000944.1:209980-256000	prerule_call	sexM	68.2	1.43e-13	27.841	1	32713373	real	curated diagnosis
early_div_634dda4	GCA_016758895.1_ASM1675889v1	Mucoromycota	Umbelopsidales	Umbelopsis vinacea	Mucoromycota:MAT	JAEPRA010000016.1:141223-158571	prerule_call	sexM	44.3	1.47e-05	36.232	4	23099947	real	curated diagnosis
early_div_634dda4	GCA_016758905.1_ASM1675890v1	Mucoromycota	Umbelopsidales	Umbelopsis isabellina	Mucoromycota:MAT	JAEPQZ010000017.1:104013-119940	prerule_call	sexP	27.7	7.2	34.286	30	22046116	unknown	
early_div_634dda4	GCA_016758905.1_ASM1675890v1	Mucoromycota	Umbelopsidales	Umbelopsis isabellina	Mucoromycota:MAT	JAEPQZ010000017.1:412287-416732	prerule_call	sexP	58.9	8.9e-10	25.926	1	22046116	unknown	
early_div_634dda4	GCA_027595865.1_Umbelopsis_isabellina_MPG-14A_reass_enz	Mucoromycota	Umbelopsidales	Umbelopsis isabellina	Mucoromycota:MAT	JANJFK010000028.1:163721-168087	prerule_call	sexP	62.4	6.74e-11	26.154	1	21835245	unknown	
early_div_634dda4	GCA_037039815.1_ASM3703981v1	Mucoromycota	Umbelopsidales	Umbelopsis sp. M5902	Mucoromycota:MAT	JAXQGL010000038.1:212610-237840	prerule_call	sexP	28.5	3.7	22.807	24	22003919	unknown	
early_div_634dda4	GCA_037039815.1_ASM3703981v1	Mucoromycota	Umbelopsidales	Umbelopsis sp. M5902	Mucoromycota:MAT	JAXQGL010000038.1:439445-444075	prerule_call	sexP	58.2	1.5e-09	25.191	1	22003919	unknown	
early_div_634dda4	GCA_053572175.1_ASM5357217v1	Mucoromycota	Umbelopsidales	Umbelopsis sp. WA50703	Mucoromycota:MAT	JAYKKX010000013.1:106814-110949	prerule_call	sexM	40.8	0.000183	31.034	4	23000717	real	curated diagnosis
early_div_634dda4	GCA_054906655.1_Umbelopsis_nana_v._1.0	Mucoromycota	Umbelopsidales	Umbelopsis nana	Mucoromycota:MAT	BAAHSD010000001.1:143205-160100	prerule_call	sexP	33.5	0.19	28.169	14	27230748	real	curated diagnosis
early_div_634dda4	GCA_964291815.1_UMBE_WA70503	Mucoromycota	Umbelopsidales	Umbelopsis sp. WA50703	Mucoromycota:MAT	CAXYTU010000169.1:106865-111000	prerule_call	sexM	40.8	0.00018	31.034	4	22610520	real	curated diagnosis
early_div_634dda4	GCA_977092135.1_gzAbsCyli1	Mucoromycota	Mucorales	Absidia cylindrospora	Mucoromycota:MAT	CDRYNH010000012.1:717983-761620	prerule_call	sexP	37.7	0.015	38.462	11	53713483	unknown	
early_div_634dda4	GCA_977110905.1_gzMucHiem1	Mucoromycota	Mucorales	Mucor hiemalis	Mucoromycota:MAT	CDSBDF010000023.1:973776-1012464	prerule_call	sexM	54.7	1.02e-08	27.32	2	35843744	unknown	
early_div_634dda4	GCA_977110975.1_gzUmbVina2	Mucoromycota	Umbelopsidales	Umbelopsis vinacea	Mucoromycota:MAT	CDSBDG010000016.1:219389-223444	prerule_call	sexM	39.7	0.000593	34.783	5	26980624	real	curated diagnosis
early_div_634dda4	GCF_025399195.1_Umbra1	Mucoromycota	Umbelopsidales	Umbelopsis ramanniana	Mucoromycota:MAT	NW_026252087.1:139483-157423	prerule_call	sexP	47.4	4.72e-06	30.12	5	23022444	unknown	
audit_cap6	GCA_001600575.1_JCM_8837_assembly_v001	Ascomycota	Xylariales	Didymobotryum rigidum	Ascomycota:MAT	BCKI01000011.1:1298709-1376537	withheld	MAT1-1-2	44.7	0.000122	36.066	1	41729728	unknown	
audit_cap6	GCA_001602355.1_JCM_30695_assembly_v001	Ascomycota	Dipodascales	Yarrowia sp. JCM 30695	Ascomycota:MAT	BCLX01000007.1:270934-318629	withheld	MAT1-1-1	32.3	0.33	29.508	2	21877420	unknown	
audit_cap6	GCA_001939105.2_Sxyl_2.0	Ascomycota	Dipodascales	Sugiyamaella xylanicola	Ascomycota:MAT	MQSX02000010.1:173788-180995	low	MAT1-2-1	33.5	0.11	37.5	7	16585350	unknown	
audit_cap6	GCA_001939105.2_Sxyl_2.0	Ascomycota	Dipodascales	Sugiyamaella xylanicola	Ascomycota:MATyl	MQSX02000010.1:173788-180995	low	mata1	41.2	8.29e-05	45.238	1	16585350	unknown	
audit_cap6	GCA_003705735.3_ASM370573v3	Ascomycota	Dipodascales	Blastobotrys peoriensis	Ascomycota:MAT	PPJJ03000115.1:9423-32941	low	MAT1-1-3	26.6	5.5	40.0	17	14005563	unknown	
audit_cap6	GCA_003705735.3_ASM370573v3	Ascomycota	Dipodascales	Blastobotrys peoriensis	Ascomycota:MATtub	PPJJ03000115.1:9423-32941	withheld	MAT1-2-1	26.6	4.9	25.49	63	14005563	unknown	
audit_cap6	GCA_003707065.3_ASM370706v3	Ascomycota	Trigonopsidales	Trigonopsis variabilis	Ascomycota:MAT	PPXM03000002.1:1171733-1206054	withheld	MAT1-1-3	56.6	3.59e-10	37.209	1	11376920	real	audit
audit_cap6	GCA_003707065.3_ASM370706v3	Ascomycota	Trigonopsidales	Trigonopsis variabilis	Ascomycota:MATtub	PPXM03000002.1:1171733-1206054	low	MAT1-2-1	53.1	1.18e-08	32.967	2	11376920	real	audit
audit_cap6	GCA_003707485.3_ASM370748v3	Ascomycota	Dipodascales	Blastobotrys proliferans	Ascomycota:MAT	PPJI03000071.1:2066-18026	withheld	MAT1-1-1	37.0	0.006	24.691	1	14454775	unknown	
audit_cap6	GCA_003707485.3_ASM370748v3	Ascomycota	Dipodascales	Blastobotrys proliferans	Ascomycota:MAT	PPJI03000006.1:258089-274844	low	MAT1-2-1	33.1	0.036	28.571	5	14454775	unknown	
audit_cap6	GCA_003708045.1_ASM370804v1	Ascomycota	Dipodascales	Yarrowia divulgata	Ascomycota:MAT	PPMY01000040.1:2767-10786	low	MAT1-1-1	29.6	2.8	25.926	15	21346929	unknown	
audit_cap6	GCA_004919795.1_ASM491979v1	Ascomycota	Saccharomycodales	Hanseniaspora sp. CRUB 1602	Ascomycota:MTL	SRHF01000012.1:60204-103430	low	MTLA1	27.3	1.6	31.707	10	9361449	unknown	
audit_cap6	GCA_010015825.1_Lopnu1	Ascomycota	Pleosporales	Lophiotrema nucula	Ascomycota:MAT	ML977371.1:108801-128984	withheld	MAT1-1-4	30.0	2.2	37.778	2	48616731	unknown	
audit_cap6	GCA_011067015.1_ASM1106701v1	Ascomycota	Orbiliales	Orbilia oligospora	Ascomycota:MAT	JAABLO010000001.1:878630-893700	withheld	MAT1-1-2	29.3	8.3	27.523	17	39716479	unknown	
audit_cap6	GCA_011068445.1_ASM1106844v1	Ascomycota	Orbiliales	Orbilia oligospora	Ascomycota:MAT	JAAGKP010000022.1:29726-50164	withheld	MAT1-2-1	29.6	4.5	31.915	35	39671563	unknown	
audit_cap6	GCA_012184295.1_ASM1218429v1	Ascomycota	Orbiliales	Dactylella cylindrospora	Ascomycota:MAT	LDUD01000016.1:314157-343862	withheld	MAT1-2-1	31.6	1.4	40.541	10	37707814	unknown	
audit_cap6	GCA_012184355.1_ASM1218435v1	Ascomycota	Orbiliales	Dactylellina cionopaga	Ascomycota:MAT	LDUC01000161.1:295392-311206	withheld	MAT1-1-1	40.8	0.002	32.184	1	42845133	unknown	
audit_cap6	GCA_016162255.1_ASM1616225v1	Ascomycota	Dipodascales	Blastobotrys adeninivorans	Ascomycota:MAT	JACADK010000001.1:2159529-2205085	withheld	MAT1-1-1	38.9	0.002	29.412	1	12132449	unknown	
audit_cap6	GCA_017635955.1_ASM1763595v1	Ascomycota	Dipodascales	Yarrowia sp. B02	Ascomycota:MAT	JAAQQV010000003.1:2172378-2180704	low	MAT1-2-1	31.6	0.32	25.641	11	20012548	unknown	
audit_cap6	GCA_018804115.1_ASM1880411v1	Ascomycota	Lipomycetales	Lipomyces starkeyi	Ascomycota:MAT	JAGJTG010000006.1:412571-441228	low	MAT1-2-1	61.2	2.17e-10	28.889	1	21432058	unknown	
audit_cap6	GCA_018804115.1_ASM1880411v1	Ascomycota	Lipomycetales	Lipomyces starkeyi	Ascomycota:MATyl	JAGJTG010000006.1:412571-441228	low	mata1	28.9	1.2	34.146	5	21432058	unknown	
audit_cap6	GCA_020064725.1_ASM2006472v1	Ascomycota	Orbiliales	Drechslerella dactyloides	Ascomycota:MAT	JAGTWJ010000007.1:1520388-1535314	withheld	MAT1-2-1	37.4	0.02	26.027	5	38634503	unknown	
audit_cap6	GCA_022577695.1_ASM2257769v1	Ascomycota	Dipodascales	Wickerhamiella spandovensis	Ascomycota:MAT	JAKIRT010000005.1:305568-481875	withheld	MAT1-1-1	28.5	3.2	38.71	22	10185521	unknown	
audit_cap6	GCA_022813965.1_ASM2281396v1	Ascomycota	Rhizocarpales	Toensbergia leucococca	Ascomycota:MAT	JALDZS010000198.1:2-14009	withheld	MAT1-1-3	27.7	9.5	30.769	11	26834326	unknown	
audit_cap6	GCA_023628915.1_ASM2362891v1	Ascomycota	Dipodascales	Trichomonascaceae sp. Y4102	Ascomycota:MAT	JAMAJT010000002.1:199621-243754	low	MAT1-2-1	28.9	2.3	33.962	30	10684575	unknown	
audit_cap6	GCA_028984885.1_ASM2898488v1	Ascomycota	Orbiliales	Drechslerella dactyloides	Ascomycota:MAT	JAQGDS010000001.1:1320279-1335205	withheld	MAT1-2-1	36.6	0.006	28.926	6	39947952	unknown	
audit_cap6	GCA_030407195.1_ASM3040719v1	Ascomycota	Dipodascales	Candida tunisiensis	Ascomycota:MATyl	JANJPH010000098.1:7586-32670	low	mata1	44.7	3.5e-06	45.0	1	11481216	unknown	
audit_cap6	GCA_030407195.1_ASM3040719v1	Ascomycota	Dipodascales	Candida tunisiensis	Ascomycota:MAT	JANJPH010000098.1:7586-32670	low	MAT1-1-3	46.2	8.17e-07	29.592	2	11481216	unknown	
audit_cap6	GCA_030407195.1_ASM3040719v1	Ascomycota	Dipodascales	Candida tunisiensis	Ascomycota:MATtub	JANJPH010000098.1:7586-32670	low	MAT1-2-1	49.3	7.17e-07	28.636	3	11481216	unknown	
audit_cap6	GCA_030407195.1_ASM3040719v1	Ascomycota	Dipodascales	Candida tunisiensis	Ascomycota:MTL	JANJPH010000085.1:18359-33969	low	MTLA2	26.2	7.2	28.09	10	11481216	unknown	
audit_cap6	GCA_030412595.1_ASM3041259v1	Ascomycota	Amphisphaeriales	Pestalotiopsis neglecta	Ascomycota:MAT	JAQJCZ010000002.1:1784030-1805718	withheld	MAT1-2-1	31.2	1.0	25.0	19	48355658	unknown	
audit_cap6	GCA_030555625.1_ASM3055562v1	Ascomycota	Dipodascales	Blastobotrys adeninivorans	Ascomycota:MAT	JANIWH010000001.1:578960-633908	low	MAT1-1-1	38.5	0.003	29.412	1	11744087	unknown	
audit_cap6	GCA_030555625.1_ASM3055562v1	Ascomycota	Dipodascales	Blastobotrys adeninivorans	Ascomycota:MATtub	JANIWH010000001.1:578960-633908	low	MAT1-1-1	38.5	0.003	29.412	1	11744087	unknown	
audit_cap6	GCA_030556875.1_ASM3055687v1	Ascomycota	Dipodascales	Zygoascus biomembranicola	Ascomycota:MATyl	JAKTUV010000016.1:146587-180263	low	mata1	26.2	5.3	30.303	6	11296345	unknown	
audit_cap6	GCA_030556875.1_ASM3055687v1	Ascomycota	Dipodascales	Zygoascus biomembranicola	Ascomycota:MAT	JAKTUV010000016.1:146587-180263	withheld	MAT1-1-3	28.5	2.5	30.928	4	11296345	unknown	
audit_cap6	GCA_030556875.1_ASM3055687v1	Ascomycota	Dipodascales	Zygoascus biomembranicola	Ascomycota:MATtub	JAKTUV010000016.1:146587-180263	low	MAT1-2-1	27.3	3.7	31.818	35	11296345	unknown	
audit_cap6	GCA_030558825.1_ASM3055882v1	Ascomycota	Dipodascales	Blastobotrys niveus	Ascomycota:MAT	JAKTQM010000007.1:4498-10793	low	MAT1-2-1	29.3	1.7	27.143	14	16550024	unknown	
audit_cap6	GCA_030558825.1_ASM3055882v1	Ascomycota	Dipodascales	Blastobotrys niveus	Ascomycota:MATtub	JAKTQM010000007.1:4498-10793	low	MAT1-2-1	29.3	1.7	27.143	14	16550024	unknown	
audit_cap6	GCA_030560625.1_ASM3056062v1	Ascomycota	Dipodascales	Yarrowia yakushimensis	Ascomycota:MAT	JAKTVP010000079.1:15781-27922	low	MAT1-1-1	30.8	0.97	24.818	10	18369321	unknown	
audit_cap6	GCA_030564325.1_ASM3056432v1	Ascomycota	Dipodascales	Blastobotrys capitulatus	Ascomycota:MAT	JAJLUL010000195.1:4418-14859	low	MAT1-1-1	40.8	0.001	26.316	1	23582276	unknown	
audit_cap6	GCA_030564385.1_ASM3056438v1	Ascomycota	Dipodascales	Blastobotrys robertii	Ascomycota:MAT	JAJLUQ010000034.1:26340-36447	withheld	MAT1-1-1	35.0	0.024	25.974	1	14142420	unknown	
audit_cap6	GCA_030564385.1_ASM3056438v1	Ascomycota	Dipodascales	Blastobotrys robertii	Ascomycota:MATtub	JAJLUQ010000034.1:26340-36447	low	MAT1-1-1	35.0	0.024	25.974	1	14142420	unknown	
audit_cap6	GCA_030568195.1_ASM3056819v1	Ascomycota	Lipomycetales	Dipodascopsis uninucleata	Ascomycota:MAT	JAJLTO010000001.1:187875-245169	low	MAT1-2-1	57.4	8.18e-10	38.095	2	16271401	unknown	
audit_cap6	GCA_030568255.1_ASM3056825v1	Ascomycota	Lipomycetales	Lipomyces spencermartinsiae	Ascomycota:MATyl	JAJLTQ010000008.1:248464-277238	low	mata1	32.3	0.11	37.838	1	20676378	unknown	
audit_cap6	GCA_030568335.1_ASM3056833v1	Ascomycota	Lipomycetales	Lipomyces tetrasporus	Ascomycota:MATyl	JAJLTR010000025.1:53438-84440	low	mata1	32.3	0.11	37.838	1	20979717	unknown	
audit_cap6	GCA_030572735.1_ASM3057273v1	Ascomycota	Dipodascales	Sugiyamaella mastotermitis	Ascomycota:MAT	JAJMBN010000106.1:21004-46563	withheld	MAT1-1-1	33.1	0.16	26.866	2	16944973	unknown	
audit_cap6	GCA_030573575.1_ASM3057357v1	Ascomycota	Saccharomycodales	Hanseniaspora sp. CRUB 1602	Ascomycota:MTL	JAJMDL010000012.1:60204-103430	low	MTLA1	27.3	1.6	31.707	10	9361449	unknown	
audit_cap6	GCA_030574475.1_ASM3057447v1	Ascomycota	Trigonopsidales	Trigonopsis californica	Ascomycota:MAT	JAJMFC010000045.1:4430-34412	low	MAT1-1-1	44.7	2.7e-05	37.255	1	12081381	unknown	
audit_cap6	GCA_030575175.1_ASM3057517v1	Ascomycota	Dipodascales	Sugiyamaella novakii	Ascomycota:MAT	JAJMIH010000041.1:19452-80862	low	MAT1-2-1	33.9	0.068	26.168	6	15200166	unknown	
audit_cap6	GCA_030575175.1_ASM3057517v1	Ascomycota	Dipodascales	Sugiyamaella novakii	Ascomycota:MATyl	JAJMIH010000041.1:19452-80862	low	mata2	32.7	0.16	29.31	1	15200166	unknown	
audit_cap6	GCA_030575195.1_ASM3057519v1	Ascomycota	Dipodascales	Sugiyamaella boreocaroliniensis	Ascomycota:MATyl	JAJMIE010000008.1:135154-149841	withheld	mata1	26.2	5.7	29.73	9	12283695	unknown	
audit_cap6	GCA_030583505.1_ASM3058350v1	Ascomycota	Dipodascales	Sugiyamaella castrensis	Ascomycota:MAT	JAJMIF010000016.1:96725-123125	withheld	MAT1-2-1	30.4	1.2	30.909	10	20881084	unknown	
audit_cap6	GCA_030585005.1_ASM3058500v1	Ascomycota	Dipodascales	Yarrowia brassicae	Ascomycota:MAT	JAJMCE010000186.1:2943-10962	low	MAT1-1-1	29.6	2.7	25.926	15	20869637	unknown	
audit_cap6	GCA_031125595.1_ASM3112559v1	Ascomycota	Ascoideales	Saccharomycopsis capsularis	Ascomycota:MAT	JASTUX010000026.1:70693-116290	low	MAT1-1-1	42.0	0.000755	32.941	1	17178950	unknown	
audit_cap6	GCA_031125765.1_ASM3112576v1	Ascomycota	Ascoideales	Saccharomycopsis amapae	Ascomycota:MAT	JASTVC010000035.1:10715-88744	withheld	MAT1-1-1	28.1	5.0	25.806	40	14851951	unknown	
audit_cap6	GCA_031142775.1_ASM3114277v1	Ascomycota	Xylariales	Microdochium paspali	Ascomycota:MAT	JAVBIV010000002.1:1313320-1323659	low	MAT1-2-1	46.6	1.73e-05	24.427	2	37322795	unknown	
audit_cap6	GCA_031310005.1_ASM3131000v1	Ascomycota	Orbiliales	Dactylellina haptotyla	Ascomycota:MAT	CM062383.1:1296513-1304918	withheld	MAT1-2-1	35.8	0.066	58.621	4	39806839	unknown	
audit_cap6	GCA_036872635.1_ASM3687263v1	Ascomycota	Orbiliales	Orbilia brochopaga	Ascomycota:MAT	JAVHNQ010000003.1:2110495-2121978	withheld	MAT1-2-1	37.0	0.026	33.333	4	36324335	unknown	
audit_cap6	GCA_036872755.1_ASM3687275v1	Ascomycota	Orbiliales	Orbilia blumenaviensis	Ascomycota:MAT	JAVHNS010000010.1:358519-372013	withheld	MAT1-2-10	31.6	0.95	27.473	1	42458278	unknown	
audit_cap6	GCA_036971245.1_ASM3697124v1	Ascomycota	Orbiliales	Arthrobotrys sphaeroides	Ascomycota:MAT	JAJTTW010000008.1:1380115-1401256	withheld	MAT1-1-2	32.3	0.75	31.667	5	40633406	unknown	
audit_cap6	GCA_036971255.1_ASM3697125v1	Ascomycota	Orbiliales	Orbilia blumenaviensis	Ascomycota:MAT	JAJTTX010000027.1:9396-22700	withheld	MAT1-2-10	31.6	0.91	27.473	1	40650418	unknown	
audit_cap6	GCA_036971285.1_ASM3697128v1	Ascomycota	Orbiliales	Dactylellina cionopaga	Ascomycota:MAT	JAJTTZ010000015.1:1452914-1471653	withheld	MAT1-2-1	34.3	0.22	55.172	6	41862661	unknown	
audit_cap6	GCA_036971295.1_ASM3697129v1	Ascomycota	Orbiliales	Dactylellina cionopaga	Ascomycota:MAT	JAJTTY010000005.1:340799-358436	low	MAT1-2-1	38.5	0.011	28.916	3	47398064	unknown	
audit_cap6	GCA_036971325.1_ASM3697132v1	Ascomycota	Orbiliales	Dactylellina cionopaga	Ascomycota:MAT	JAJTUA010000003.1:289601-300427	low	MAT1-1-1	31.2	2.2	32.203	7	48829040	unknown	
audit_cap6	GCA_036971385.1_ASM3697138v1	Ascomycota	Orbiliales	Dactylellina parvicollis	Ascomycota:MAT	JAJTUD010000010.1:284030-293016	withheld	MAT1-1-1	29.3	6.3	34.694	24	38325819	unknown	
audit_cap6	GCA_036971405.1_ASM3697140v1	Ascomycota	Orbiliales	Orbilia quercus	Ascomycota:MAT	JAJTUE010000010.1:321015-329618	withheld	MAT1-2-1	37.4	0.021	53.125	4	34414926	unknown	
audit_cap6	GCA_036971435.1_ASM3697143v1	Ascomycota	Orbiliales	Dactylellina sp. tibetensis	Ascomycota:MAT	JAKDFA010000013.1:1228770-1280614	withheld	MAT1-2-1	38.5	0.008	27.35	4	36436382	unknown	
audit_cap6	GCA_036971535.1_ASM3697153v1	Ascomycota	Orbiliales	Drechslerella dactyloides	Ascomycota:MAT	JAJTUG010000022.1:341859-356785	withheld	MAT1-2-1	36.6	0.005	28.926	6	37732859	unknown	
audit_cap6	GCA_036971555.1_ASM3697155v1	Ascomycota	Orbiliales	Drechslerella coelobrocha	Ascomycota:MAT	JAJTUH010000011.1:371954-398488	withheld	MAT1-1-2	29.6	4.2	25.275	12	36431642	unknown	
audit_cap6	GCA_036971575.1_ASM3697157v1	Ascomycota	Orbiliales	Arthrobotrys conoides	Ascomycota:MAT	JAJTUI010000009.1:278087-281577	low	MAT1-1-1	28.9	8.8	41.463	27	39779501	unknown	
audit_cap6	GCA_036971655.1_TWF281	Ascomycota	Orbiliales	Arthrobotrys megalospora	Ascomycota:MAT	JAVHJN010000012.1:300759-312358	withheld	MAT1-2-1	35.4	0.038	42.5	7	37933658	unknown	
audit_cap6	GCA_037042115.1_ASM3704211v1	Ascomycota	Dipodascales	Wickerhamiella sp. P97-06A	Ascomycota:MAT	JAXQJU010000475.1:4361-6820	low	MAT1-1-1	39.7	0.000573	34.426	1	8659667	unknown	
audit_cap6	GCA_038497395.1_Lipokono1	Ascomycota	Lipomycetales	Lipomyces kononenkoae	Ascomycota:MATyl	MU971340.1:257291-350779	low	mata1	32.0	0.12	40.541	2	19288401	unknown	
audit_cap6	GCA_038497425.1_Liptetra1	Ascomycota	Lipomycetales	Lipomyces tetrasporus	Ascomycota:MATyl	MU968990.1:215332-244087	low	mata1	32.3	0.1	37.838	1	20039121	unknown	
audit_cap6	GCA_038497925.1_Lst7851_1	Ascomycota	Lipomycetales	Lipomyces starkeyi	Ascomycota:MAT	MU971828.1:274502-299933	low	MAT1-2-1	62.8	7.41e-11	28.889	1	19673856	unknown	
audit_cap6	GCA_038497925.1_Lst7851_1	Ascomycota	Lipomycetales	Lipomyces starkeyi	Ascomycota:MATyl	MU971828.1:274502-299933	low	mata1	29.6	0.7	37.838	2	19673856	unknown	
audit_cap6	GCA_047671915.1_ASM4767191v1	Ascomycota	Orbiliales	Hyalorbilia sp. HsImV27	Ascomycota:MAT	JBAMKL010000499.1:3799-16349	low	MAT1-1-1	34.3	0.22	29.73	1	53876247	unknown	
audit_cap6	GCA_047671935.1_ASM4767193v1	Ascomycota	Orbiliales	Hyalorbilia sp. HsImV25	Ascomycota:MAT	JBAMKM010000545.1:544-13554	low	MAT1-2-1	42.4	0.000249	45.455	4	53648283	unknown	
audit_cap6	GCA_047671935.1_ASM4767193v1	Ascomycota	Orbiliales	Hyalorbilia sp. HsImV25	Ascomycota:MATtub	JBAMKM010000545.1:990-13439	low	MAT1-2-1	42.4	0.000249	45.455	4	53648283	unknown	
audit_cap6	GCA_047716655.1_ASM4771665v1	Ascomycota	Orbiliales	Hyalorbilia oviparasitica	Ascomycota:MAT	JBAMJN010000737.1:13443-20268	withheld	MAT1-2-1	42.4	0.00025	45.455	4	53980400	unknown	
audit_cap6	GCA_057557895.1_ASM5755789v1	Ascomycota	Dipodascales	Sugiyamaella sp. LJX2-8	Ascomycota:MATyl	JBWXUM010000152.1:19788-26837	low	mata1	38.5	0.000629	39.024	1	14803977	unknown	
audit_cap6	GCA_060307455.1_ASM6030745v1	Ascomycota	Xylariales	Xylariales sp. XT01	Ascomycota:MAT	JCBLTT010000052.1:10-12206	low	MAT1-2-1	39.3	0.004	24.812	4	30367573	unknown	
audit_cap6	GCA_900518985.1_YAAL0	Ascomycota	Dipodascales	Yarrowia alimentaria	Ascomycota:MAT	ULGN01000006.1:292382-309793	withheld	MAT1-1-1	31.6	0.66	26.471	4	19830970	unknown	
audit_cap6	GCA_900518985.1_YAAL0	Ascomycota	Dipodascales	Yarrowia alimentaria	Ascomycota:MATtub	ULGN01000006.1:292382-309793	low	MAT1-2-1	28.1	5.8	20.603	33	19830970	unknown	
audit_cap6	GCA_900519055.1_YAGA0	Ascomycota	Dipodascales	Yarrowia galli	Ascomycota:MAT	ULGS01000006.1:145622-153691	low	MAT1-1-1	30.0	2.4	23.232	14	22823594	unknown	
audit_cap6	GCA_900519055.1_YAGA0	Ascomycota	Dipodascales	Yarrowia galli	Ascomycota:MATtub	ULGS01000006.1:145622-153691	low	MAT1-1-1	30.0	2.4	23.232	14	22823594	unknown	
audit_cap6	GCA_964254685.1_public_SRR1531517_concoct_bin.16	Ascomycota	Pertusariales	Dibaeis baeomyces	Ascomycota:MAT	CAXUTT010000267.1:5504-18172	low	MAT1-1-1	82.8	3.12e-17	31.2	1	33745127	unknown	
audit_cap6	GCF_000441935.1_MHA_v2	Ascomycota	Orbiliales	Dactylellina haptotyla	Ascomycota:MAT	NW_011644707.1:27407-35833	withheld	MAT1-2-1	35.8	0.073	58.621	4	38986328	unknown	
audit_cap6	GCF_029532465.1_Liptet1	Ascomycota	Lipomycetales	Lipomyces tetrasporus	Ascomycota:MATyl	NW_026611597.1:1158352-1187108	low	mata1	32.3	0.11	37.838	1	20779202	unknown	
