GCA_026023835.1_ASM2602383v1	2939410
GCA_029300035.1_ASM2930003v1	1709939
GCA_029303315.1_ASM2930331v1	1709939
GCA_057558035.1_FM_MARS-62.17_MAG_AntObs_1.0	3698444
GCA_058970535.1_ASM5897053v1	1407621
GCA_030555715.1_ASM3055571v1	54196
GCA_964255065.1_public_SRR14722143_metabat2_bin.4	543789
GCA_026026765.1_ASM2602676v1	1453791
GCA_001402995.1_New2.3_08062011	1173061
GCA_001659765.1_ASM165976v1	27304
GCA_003054305.1_ASM305430v1	4952
GCA_003367945.1_YarliYB566	4952
GCA_003705745.3_ASM370574v3	378046
GCA_003708045.1_ASM370804v1	479095
GCA_004125235.1_ASM412523v1	49331
GCA_013365065.1_LMA-1028_V2	1173061
GCA_020466465.1_ASM2046646v1	1173061
GCA_022577775.1_ASM2257777v1	49336
GCA_023628935.1_ASM2362893v1	2939544
GCA_025134825.1_LMA-1150_v1	58640
GCA_026693385.1_ASM2669338v1	4952
GCA_030490775.1_ASM3049077v1	45547
GCA_030556845.1_ASM3055684v1	377601
GCA_030558905.1_ASM3055890v1	27317
GCA_030562575.1_ASM3056257v1	926563
GCA_030563925.1_ASM3056392v1	168316
GCA_030564385.1_ASM3056438v1	1850977
GCA_030565365.1_ASM3056536v1	2860363
GCA_030568935.1_ASM3056893v1	45562
GCA_030570915.1_ASM3057091v1	1720237
GCA_030572835.1_ASM3057283v1	2268995
GCA_030574255.1_ASM3057425v1	98667
GCA_030579095.1_ASM3057909v1	2528786
GCA_030579875.1_ASM3057987v1	45575
GCA_030581655.1_ASM3058165v1	4952
GCA_030583365.1_ASM3058336v1	410836
GCA_030674195.1_ASM3067419v1	45594
GCA_036871495.1_ASM3687149v1	191334
GCA_037223515.1_ASM3722351v1	1445506
GCA_040938875.1_ASM4093887v1	4952
GCA_044705915.1_ASM4470591v1	4952
GCA_051013725.1_UNIVR_Mcla_1.0	2496157
GCA_054122595.1_ASM5412259v1	1173061
GCA_054123895.1_ASM5412389v1	1173061
GCA_054124605.1_ASM5412460v1	1173061
GCA_054125155.1_ASM5412515v1	1173061
GCA_054125645.1_ASM5412564v1	1173061
GCA_056776945.1_ASM5677694v1	45788
GCA_900087985.1_YALIA101	4952
GCA_900519045.1_YADI0	479095
GCA_937857865.1_ERR4757809_bin.16_CONCOCT_v1.1_MAG	45607
GCF_001761485.1_ASM176148v1	4952
GCA_009982855.1_Lizem1	1496277
GCA_033119265.1_ASM3311926v1	93489
GCA_054600615.1_NU332_1.0	3468513
GCA_000729945.1_ASM72994v1	66738
GCA_001604925.1_ASM160492v1	121624
GCA_008079295.1_ASM807929v1	45133
GCA_009829435.1_ASM982943v1	45134
GCA_009830905.1_ASM983090v1	643000
GCA_018990095.1_ASM1899009v1	55181
GCA_019008305.1_ASM1900830v1	55181
GCA_020875235.1_ASM2087523v1	35725
GCA_020875825.1_ASM2087582v1	35725
GCA_022204945.1_ASM2220494v1	35725
GCA_023079605.1_ASM2307960v1	85927
GCA_023084435.1_ASM2308443v1	310453
GCA_023084625.1_ASM2308462v1	55169
GCA_023084805.1_ASM2308480v1	310453
GCA_023084985.1_ASM2308498v1	55169
GCA_023085165.1_ASM2308516v1	55169
GCA_023085355.1_ASM2308535v1	55169
GCA_023086605.1_ASM2308660v1	55169
GCA_023087105.1_ASM2308710v1	55169
GCA_023087305.1_ASM2308730v1	66738
GCA_023087485.1_ASM2308748v1	310453
GCA_023088145.1_ASM2308814v1	55169
GCA_023088325.1_ASM2308832v1	55169
GCA_023088705.1_ASM2308870v1	55169
GCA_023088905.1_ASM2308890v1	55169
GCA_023089085.1_ASM2308908v1	55169
GCA_023089265.1_ASM2308926v1	310453
GCA_023089515.1_ASM2308951v1	55169
GCA_029169125.1_ASM2916912v1	45133
GCA_029931825.1_ASM2993182v1	466954
GCA_030270365.1_Np_assembly_01	310453
GCA_034621285.1_BB10_Nparv_1.0	310453
GCA_037962995.1_Pcit16586	55181
GCA_038380875.1_Phcitr1	1130410
GCA_041380585.1_ASM4138058v1	108428
GCA_047664985.1_ASM4766498v1	35725
GCA_047665345.1_ASM4766534v1	35725
GCA_047665695.1_ASM4766569v1	35725
GCA_047666535.1_ASM4766653v1	35725
GCA_047667015.1_ASM4766701v1	2203076
GCA_047667795.1_ASM4766779v1	35725
GCA_047668035.1_ASM4766803v1	35725
GCA_047668985.1_ASM4766898v1	35725
GCA_047669815.1_ASM4766981v1	35725
GCA_047670075.1_ASM4767007v1	35725
GCA_047671385.1_ASM4767138v1	35725
GCA_047717045.1_ASM4771704v1	35725
GCA_047717225.1_ASM4771722v1	35725
GCA_047717405.1_ASM4771740v1	35725
GCA_047724415.1_ASM4772441v1	35725
GCA_047724595.1_ASM4772459v1	35725
GCA_047727815.1_ASM4772781v1	35725
GCA_047727995.1_ASM4772799v1	35725
GCA_047728175.1_ASM4772817v1	35725
GCA_047728345.1_ASM4772834v1	35725
GCA_047728535.1_ASM4772853v1	35725
GCA_047728715.1_ASM4772871v1	35725
GCA_047728895.1_ASM4772889v1	35725
GCA_047729095.1_ASM4772909v1	35725
GCA_047729275.1_ASM4772927v1	35725
GCA_047729455.1_ASM4772945v1	35725
GCA_047729675.1_ASM4772967v1	35725
GCA_047835515.1_ASM4783551v1	35725
GCA_047835895.1_ASM4783589v1	35725
GCA_047836845.1_ASM4783684v1	35725
GCA_047837215.1_ASM4783721v1	1435034
GCA_047838235.1_ASM4783823v1	35725
GCA_047838525.1_ASM4783852v1	35725
GCA_047839415.1_ASM4783941v1	35725
GCA_047839865.1_ASM4783986v1	35725
GCA_047840035.1_ASM4784003v1	35725
GCA_047840215.1_ASM4784021v1	35725
GCA_047840395.1_ASM4784039v1	35725
GCA_047840585.1_ASM4784058v1	35725
GCA_047840765.1_ASM4784076v1	1435034
GCA_047840945.1_ASM4784094v1	35725
GCA_047841105.1_ASM4784110v1	35725
GCA_047841305.1_ASM4784130v1	35725
GCA_047841485.1_ASM4784148v1	35725
GCA_047841665.1_ASM4784166v1	35725
GCA_047841845.1_ASM4784184v1	35725
GCA_047842005.1_ASM4784200v1	2811287
GCA_047842405.1_ASM4784240v1	35725
GCA_047843745.1_ASM4784374v1	35725
GCA_047844625.1_ASM4784462v1	35725
GCA_047844895.1_ASM4784489v1	35725
GCA_049852295.1_ASM4985229v1	108428
GCA_056114585.1_ASM5611458v1	310453
GCA_964300245.1_162220	66738
GCF_038021145.1_Pcitr2	595635
GCA_000261425.2_UM843Vel2.0	1151026
GCA_018408295.1_ASM1840829v1	29917
GCA_021219475.1_ccnx2	166633
GCA_023627725.1_ASM2362772v1	2940325
GCA_035927975.1_ASM3592797v1	1507873
GCA_046629905.1_ASM4662990v1	29917
GCA_052324025.1_ASM5232402v1	887085
GCA_052324205.1_ASM5232420v1	2144180
GCA_054600595.1_NU13_1.0	3468514
GCA_059054115.1_ASM5905411v1	29917
GCF_011745625.1_ASM1174562v2	1052096
GCA_004917115.1_ASM491711v1	5580
GCA_004917275.1_ASM491727v1	5580
GCA_004917445.1_ASM491744v1	5580
GCA_004917625.1_ASM491762v1	5580
GCA_004917825.1_ASM491782v1	5580
GCA_004918505.1_ASM491850v1	5580
GCA_017949455.1_ASM1794945v1	46634
GCA_018408725.1_ASM1840872v1	5580
GCA_019924015.1_ASM1992401v1	46634
GCA_019924255.1_ASM1992425v1	46634
GCA_019924425.1_ASM1992442v1	46634
GCA_019924675.1_ASM1992467v1	46634
GCA_019924835.1_ASM1992483v1	46634
GCA_019925085.1_ASM1992508v1	46634
GCA_023079225.1_ASM2307922v1	5580
GCA_024195555.1_ASM2419555v1	2894281
GCA_024244585.1_ASM2424458v1	1042127
GCA_037040395.1_ASM3704039v1	3092713
GCA_043161985.1_ASM4316198v1	5580
GCA_052056975.1_ASM5205697v1	5580
GCA_058446405.1_ASM5844640v1	46634
GCA_903853725.1_AWRI4620	2773716
GCA_001692915.1_Glonium_stellatum_CBS_207.34_v1.0	574774
GCA_000223645.2_ASM22364v2	983958
GCA_000223825.2_ASM22382v2	985148
GCA_000504405.2_ASM50440v2	333113
GCA_001578235.1_ASM157823v1	321146
GCA_002217505.1_ASM221750v1	1868927
GCA_002236615.2_AUS4.long	64363
GCA_002236925.2_GUA2.long	64363
GCA_002933655.1_Cbert_1	357750
GCA_003611065.1_ASM361106v1	1047171
GCA_003704345.1_ASM370434v1	91943
GCA_003704685.1_ASM370468v1	91943
GCA_005356885.1_ASM535688v1	1868926
GCA_012978405.1_ASM1297840v1	529468
GCA_013461505.1_ASM1346150v1	475927
GCA_017562105.1_ASM1756210v1	1047171
GCA_017766825.1_ASM1776682v1	1047171
GCA_022559915.2_ASM2255991v2	1351455
GCA_022702795.1_ASM2270279v1	1047171
GCA_024291795.1_Septoria_linicola_SE14017	215465
GCA_024761015.1_ASM2476101v1	91943
GCA_024761215.1_ASM2476121v1	91943
GCA_024761475.1_ASM2476147v1	91943
GCA_024761635.1_ASM2476163v1	91943
GCA_024761845.1_ASM2476184v1	91943
GCA_024762045.1_ASM2476204v1	91943
GCA_029230285.1_Zt117	1047171
GCA_029873795.1_ASM2987379v1	1047171
GCA_030411855.1_ASM3041185v1	329885
GCA_030553285.1_ASM3055328v1	329885
GCA_030553475.1_ASM3055347v1	329885
GCA_033630735.1_ASM3363073v1	574655
GCA_035040045.1_WUR_ZasSy_1	395010
GCA_035926155.1_ASM3592615v1	574655
GCA_036320685.1_ASM3632068v1	574655
GCA_040114275.1_W18	5499
GCA_040114665.1_W10	5499
GCA_049191245.1_ASM4919124v1	2490592
GCA_051363195.1_ASM5136319v1	1337113
GCA_054771955.1_NU195_1.0	91943
GCA_055774805.1_FR_29_7	5499
GCA_055774985.1_FR_269_2	5499
GCA_058225035.1_ASM5822503v1	85929
GCA_058225215.1_ASM5822521v1	85929
GCA_963585935.1_CBHEV-1_hq-v2_chromosomes	122368
GCF_000219625.1_MYCGR_v2.0	336722
GCF_020509005.1_Cfulv_R5_v5	5499
GCA_004761995.1_ASM476199v1	40998
GCA_007556565.1_ASM755656v1	40997
GCA_017309325.2_ASM1730932v2	2601811
GCA_054600415.1_NU234_1.0	92988
GCA_000498615.1_Hsolani1.0	1400345
GCA_001443195.1_ASM144319v1	5599
GCA_001748405.1_ParaphomaB479_1.0	1804209
GCA_002286855.1_ASM228685v1	74410
GCA_002975595.1_ASM297559v1	59586
GCA_002975775.1_ASM297577v1	59586
GCA_002975955.1_ASM297595v1	59586
GCA_002976125.1_ASM297612v1	59586
GCA_003231355.1_Ptr11137	45151
GCA_003497845.1_ASM349784v1	13684
GCA_003498045.1_ASM349804v1	13684
GCA_003502635.1_ASM350263v1	13684
GCA_003503225.1_ASM350322v1	13684
GCA_004151525.1_ASM415152v1	749589
GCA_004156015.1_ASM415601v1	119927
GCA_004335185.1_ASM433518v1	2490640
GCA_004634305.1_ASM463430v1	119953
GCA_008086785.1_ASM808678v1	97479
GCA_008692205.1_Ptr_V0001	45151
GCA_009761125.1_ASM976112v1	1122914
GCA_010015825.1_Lopnu1	690887
GCA_010093945.1_Delco1	1513339
GCA_011420255.1_NIBR_JS-0527_1.0	5599
GCA_014281115.1_ASM1428111v1	2761086
GCA_016097305.1_Al_Kewell_delta_SCD1_JD202.22	205686
GCA_016906865.1_ASM1690686v1	5017
GCA_019202905.1_ASM1920290v1	59586
GCA_020085065.1_ASM2008506v1	5599
GCA_020568325.1_ASM2056832v1	13684
GCA_020569145.1_ASM2056914v1	13684
GCA_020569945.1_ASM2056994v1	13684
GCA_020570635.1_ASM2057063v1	13684
GCA_020571545.1_ASM2057154v1	13684
GCA_020572305.1_ASM2057230v1	13684
GCA_020572985.1_ASM2057298v1	13684
GCA_020573625.1_ASM2057362v1	13684
GCA_020574265.1_ASM2057426v1	13684
GCA_020574715.1_ASM2057471v1	13684
GCA_020575355.1_ASM2057535v1	13684
GCA_020575975.1_ASM2057597v1	13684
GCA_020577915.1_ASM2057791v1	13684
GCA_020578315.1_ASM2057831v1	13684
GCA_020579845.1_ASM2057984v1	13684
GCA_020580425.1_ASM2058042v1	13684
GCA_020581155.1_ASM2058115v1	13684
GCA_020744215.1_Parchr1	798071
GCA_021642125.2_ASM2164212v2	749835
GCA_022344165.1_ASM2234416v1	5599
GCA_022344355.1_ASM2234435v1	5599
GCA_022344545.1_ASM2234454v1	5599
GCA_022344705.1_ASM2234470v1	5599
GCA_022344895.1_ASM2234489v1	5599
GCA_022345105.1_ASM2234510v1	5599
GCA_022345285.1_ASM2234528v1	5599
GCA_022345465.1_ASM2234546v1	167740
GCA_022345655.1_ASM2234565v1	167740
GCA_022559985.1_ASM2255998v1	2814595
GCA_022607105.2_P94-24	205686
GCA_022788415.1_ASM2278841v1	45151
GCA_022813475.1_ASM2281347v1	2078565
GCA_023566075.1_ASM2356607v1	301713
GCA_023653595.1_ASM2365359v1	59586
GCA_024221855.1_ASM2422185v1	1659837
GCA_024722535.1_ASM2472253v1	45130
GCA_025504975.1_ASM2550497v1	301713
GCA_025541315.1_ASM2554131v1	45151
GCA_025541495.1_ASM2554149v1	45151
GCA_025544515.1_ASM2554451v1	45151
GCA_025557965.1_ASM2555796v1	45151
GCA_025742395.1_Cglycines_IMI294986	1077358
GCA_026119505.1_ASM2611950v1	2654375
GCA_026262445.1_ASM2626244v1	102001
GCA_027946415.1_ASM2794641v1	749621
GCA_028456295.1_ASM2845629v1	33176
GCA_028564845.1_ChetHAW225_4	5016
GCA_029783965.1_RDWU_Aporii_p.ctg	48098
GCA_030770415.1_LANL_DS1613_1.0	3044270
GCA_034508535.1_ASM3450853v1	33199
GCA_035078985.1_ASM3507898v1	2695822
GCA_036971565.1_ALTB1129b1.0	1281297
GCA_039634465.1_ASM3963446v1	749633
GCA_040113035.1_ASM4011303v1	1659837
GCA_040583625.1_KAS5474_v1	2803126
GCA_040583825.1_DET2072_v1	2803138
GCA_040616265.1_ASM4061626v1	2078556
GCA_041430775.1_ASM4143077v1	119927
GCA_046563485.1_ASM4656348v1	2949312
GCA_048937215.1_ASM4893721v1	565426
GCA_049724635.1_ASM4972463v1	5599
GCA_050657155.1_Pchart_ICMP24470_1	1892770
GCA_050710805.1_ASM5071080v1	1187938
GCA_051107915.1_ASM5110791v1	5599
GCA_051944865.1_ASM5194486v1	3127925
GCA_052323695.1_ASM5232369v1	2012455
GCA_055084135.1_ASM5508413v1	5599
GCA_055473875.1_ASM5547387v1	45130
GCA_056506305.1_ASM5650630v1	105696
GCA_057978915.1_Crustfungi12_Pleosp	3688276
GCA_059054545.1_ASM5905454v1	5454
GCA_059336435.1_ASM5933643v1	5599
GCA_059692575.1_ASM5969257v1	183478
GCA_900232045.3_PTTW11	97479
GCA_965117975.1_BF9368	2016213
GCA_965118065.1_BF9599	2016213
GCA_966192815.1_CS152_annot_assembly	5599
GCA_966194365.1_CS091_annot_assembly	5599
GCA_966194885.1_CS057_annot_assembly	5599
GCA_977969805.1_T001_annot_assembly	119953
GCF_000523455.1_Cochliobolus_miyabeanus_v1.0	930090
GCF_010015815.1_Dotsy1	1392245
GCF_022343315.1_CAIQ.LM.1	5022
GCF_024043155.1_ASM2404315v1	232088
GCA_021030915.1_ASM2103091v1	1808323
GCA_964254665.1_public_SRR14722280_metabat2_bin.4	1127318
GCA_001990985.1_ASM199098v1	86257
GCA_003689115.1_ASM368911v1	5025
GCA_003689305.1_ASM368930v1	5025
GCA_003690235.1_ASM369023v1	5025
GCA_003690405.1_ASM369040v1	5025
GCA_003690585.1_ASM369058v1	5025
GCA_003690785.1_ASM369078v1	5025
GCA_003690945.1_ASM369094v1	415593
GCA_003691135.1_ASM369113v1	5025
GCA_003691305.1_ASM369130v1	5025
GCA_003693245.1_ASM369324v1	5025
GCA_010583015.1_Totfu1	1048955
GCA_002916945.1_ASM291694v1	1709936
GCA_000835395.1_Exop_side_CBS121828_V1	1016849
GCA_002099365.1_ASM209936v1	39412
GCA_003955835.1_ASM395583v1	91925
GCA_010883335.1_ASM1088333v1	91928
GCA_015295565.1_ASM1529556v1	215243
GCA_016109485.1_ASM1610948v1	39412
GCA_016109955.1_ASM1610995v1	1851006
GCA_016110135.1_ASM1611013v1	5601
GCA_022813245.1_ASM2281324v1	215243
GCA_028023995.1_ASM2802399v1	5970
GCA_028026235.1_ASM2802623v1	5970
GCA_028028245.1_ASM2802824v1	5970
GCA_030028065.1_ASM3002806v1	5970
GCA_035926935.1_ASM3592693v1	1690604
GCA_035928305.1_ASM3592830v1	348802
GCA_035930025.1_ASM3593002v1	348802
GCA_035930305.1_ASM3593030v1	348802
GCA_036010245.1_ASM3601024v1	348802
GCA_043234845.1_ASM4323484v1	5970
GCA_049996355.1_ASM4999635v1	3127894
GCA_056513125.1_ASM5651312v1	1608269
GCA_060307375.1_ASM6030737v1	2486360
GCF_000585535.1_Clad_psam_CBS_110553_V1	1182543
GCF_000835555.1_Rhin_mack_CBS_650_93_V1	1442369
GCF_035927105.1_ASM3592710v1	1690606
GCA_000150145.1_ASM15014v1	451804
GCA_000315935.1_NOKS_genome_assembly_20110720	1158138
GCA_000523475.1_Penc1.0	1297591
GCA_000633045.1_AspAngSh2	1316740
GCA_000769755.1_PEX1	27334
GCA_000952775.2_ASM95277v2	60172
GCA_001048715.1_Pbras_Allpaths-LG	104259
GCA_001513925.1_ASM151392v1	48697
GCA_001576745.1_ASM157674v1	5059
GCA_001630395.1_ASM163039v1	33178
GCA_001717485.1_ASM171748v1	573508
GCA_001890685.1_Aspfo1	1137211
GCA_001990825.1_Aspca3	602072
GCA_002072405.1_ASM207240v1	36646
GCA_002217615.1_ASM221761v1	5059
GCA_002382835.1_ASM238283v1	290292
GCA_002864195.1_ASM286419v1	5059
GCA_003004525.2_ASM300452v2	2080615
GCA_003184285.1_ASM318428v1	5098
GCA_003344705.1_Aspni_bvT_1	1353008
GCA_003711355.1_ASM371135v1	5059
GCA_003953495.1_ASM395349v1	5059
GCA_003953685.1_ASM395368v1	5059
GCA_003953865.1_ASM395386v1	5059
GCA_003967775.1_Afla_1.0	5059
GCA_004353305.1_ASM435330v1	5062
GCA_005546515.1_SGAir0226	69781
GCA_008694425.1_ASM869442v1	5059
GCA_009014675.2_Ater_TN-484_02	33178
GCA_009193505.1_Asptra1	1034304
GCA_009684795.1_AoryTK1_1.0	5062
GCA_009684975.1_AoryTK10_1.0	5062
GCA_009686485.1_AoryTK19_1.0	5062
GCA_009686665.1_AoryTK28_1.0	5062
GCA_009686845.1_AoryTK37_1.0	5062
GCA_009687025.1_AoryTK46_1.0	5062
GCA_009687205.1_AoryTK55_1.0	5062
GCA_009687385.1_AoryTK64_1.0	5062
GCA_009687565.1_AoryTK73_1.0	5062
GCA_009687745.1_AoryTK82_1.0	5062
GCA_009828905.1_ASM982890v1	75750
GCA_010724335.1_ASM1072433v1	91492
GCA_011319195.1_ASM1131919v1	5098
GCA_012184565.1_ASM1218456v1	1072270
GCA_012656225.1_ASM1265622v1	340414
GCA_012656455.1_ASM1265645v1	293939
GCA_012897115.1_ASM1289711v1	5059
GCA_013145995.1_ASM1314599v1	5067
GCA_013305525.1_ASM1330552v1	41735
GCA_013421405.2_ASM1342140v2	209559
GCA_013436115.1_ASM1343611v1	5059
GCA_013436375.1_ASM1343637v1	5059
GCA_014281895.1_ASM1428189v1	1287682
GCA_015266405.1_ASM1526640v1	264951
GCA_015585765.1_ASM1558576v1	254876
GCA_015585975.1_ASM1558597v1	254876
GCA_015586245.1_ASM1558624v1	5061
GCA_015586425.1_ASM1558642v1	5076
GCA_016808415.1_ASM1680841v1	33178
GCA_016865315.1_AluchuensisRIB2601_assembly01	1069201
GCA_018410145.1_ASM1841014v1	70792
GCA_019176365.1_ASM1917636v1	2824782
GCA_019190165.1_ASM1919016v1	293373
GCA_019288275.1_ASM1928827v1	5061
GCA_019804545.1_ASM1980454v1	463681
GCA_019827475.1_ASM1982747v1	3062267
GCA_019880445.1_ASM1988044v1	5059
GCA_020284065.1_ASM2028406v1	3062267
GCA_020498805.1_ASM2049880v1	746128
GCA_020498985.1_ASM2049898v1	746128
GCA_020499155.1_ASM2049915v1	746128
GCA_020499335.1_ASM2049933v1	746128
GCA_020499505.1_ASM2049950v1	746128
GCA_020499695.1_ASM2049969v1	746128
GCA_020499885.1_ASM2049988v1	746128
GCA_020500075.1_ASM2050007v1	746128
GCA_020500235.1_ASM2050023v1	746128
GCA_020500445.1_ASM2050044v1	746128
GCA_020500595.1_ASM2050059v1	746128
GCA_020500785.1_ASM2050078v1	746128
GCA_020500965.1_ASM2050096v1	746128
GCA_020501135.1_ASM2050113v1	746128
GCA_020501335.1_ASM2050133v1	746128
GCA_020501495.1_ASM2050149v1	746128
GCA_020501695.1_ASM2050169v1	746128
GCA_020501875.1_ASM2050187v1	746128
GCA_020502035.1_ASM2050203v1	746128
GCA_020502225.1_ASM2050222v1	746128
GCA_020502435.1_ASM2050243v1	746128
GCA_020502615.1_ASM2050261v1	746128
GCA_020502995.1_ASM2050299v1	746128
GCA_020503185.1_ASM2050318v1	746128
GCA_020503365.1_ASM2050336v1	746128
GCA_020503545.1_ASM2050354v1	746128
GCA_020503725.1_ASM2050372v1	746128
GCA_020503905.1_ASM2050390v1	746128
GCA_021436995.1_ASM2143699v1	469277
GCA_022813285.1_ASM2281328v1	454130
GCA_022814385.1_ASM2281438v1	454130
GCA_022829115.1_ASM2282911v1	5082
GCA_023065655.1_ASM2306565v1	5082
GCA_023134355.1_ASM2313435v1	5061
GCA_023137765.1_ASM2313776v1	5061
GCA_023137995.1_ASM2313799v1	5082
GCA_023141145.1_ASM2314114v1	5082
GCA_023141355.1_ASM2314135v1	5082
GCA_023618435.1_ASM2361843v1	5061
GCA_023619275.1_ASM2361927v1	2940420
GCA_023619445.1_ASM2361944v1	2940411
GCA_023619615.1_ASM2361961v1	2940402
GCA_023619815.1_ASM2361981v1	2932460
GCA_023620135.1_ASM2362013v1	746128
GCA_023620295.1_ASM2362029v1	746128
GCA_023620835.1_ASM2362083v1	746128
GCA_023621025.1_ASM2362102v1	746128
GCA_023623795.1_ASM2362379v1	1196081
GCA_023624045.1_ASM2362404v1	2940445
GCA_023624255.1_ASM2362425v1	5076
GCA_023624435.1_ASM2362443v1	5076
GCA_023624615.1_ASM2362461v1	68879
GCA_023624785.1_ASM2362478v1	60172
GCA_023624975.1_ASM2362497v1	40381
GCA_023625155.1_ASM2362515v1	2940430
GCA_023625335.1_ASM2362533v1	34381
GCA_023625515.1_ASM2362551v1	33178
GCA_023625875.1_ASM2362587v1	2940377
GCA_023626055.1_ASM2362605v1	2940369
GCA_023626235.1_ASM2362623v1	2940359
GCA_023626415.1_ASM2362641v1	2940350
GCA_023626595.1_ASM2362659v1	5076
GCA_023626775.1_ASM2362677v1	5076
GCA_023626955.1_ASM2362695v1	5076
GCA_023627135.1_ASM2362713v1	5076
GCA_023627315.1_ASM2362731v1	5076
GCA_023627495.1_ASM2362749v1	2940335
GCA_023627675.1_ASM2362767v1	2940328
GCA_024220425.1_ASM2422042v1	746128
GCA_024667655.1_ASM2466765v1	5059
GCA_024669875.1_ASM2466987v1	5059
GCA_024672365.1_ASM2467236v1	5059
GCA_024675385.1_ASM2467538v1	5059
GCA_024676895.1_ASM2467689v1	5059
GCA_024677145.1_ASM2467714v1	5059
GCA_024678345.1_ASM2467834v1	5059
GCA_024678525.1_ASM2467852v1	5059
GCA_024678705.1_ASM2467870v1	5059
GCA_024678885.1_ASM2467888v1	5059
GCA_025585045.1_ASM2558504v1	60171
GCA_025688805.1_Aspegy1	41743
GCA_025766085.1_ASM2576608v1	746128
GCA_025768265.1_ASM2576826v1	60169
GCA_025768555.1_ASM2576855v1	5077
GCA_025768815.1_ASM2576881v1	2940327
GCA_025769085.1_ASM2576908v1	5061
GCA_025769365.1_ASM2576936v1	5061
GCA_025769635.1_ASM2576963v1	5059
GCA_025999795.1_ASM2599979v1	5098
GCA_026119755.1_ASM2611975v1	5061
GCA_026319425.1_ASM2631942v1	1220207
GCA_027569045.1_ASM2756904v1	176164
GCA_027569205.1_ASM2756920v1	469275
GCA_027569435.1_ASM2756943v1	69788
GCA_027569675.1_ASM2756967v1	69804
GCA_027569895.1_ASM2756989v1	1569995
GCA_027923805.1_AnigIFM63309_1.0	5061
GCA_027924065.1_AbraIFM66951_1.0	319629
GCA_028826765.1_ASM2882676v1	1132637
GCA_028827255.1_ASM2882725v1	5074
GCA_028827865.1_ASM2882786v1	3151616
GCA_028828335.1_ASM2882833v1	1324776
GCA_028828865.1_ASM2882886v1	3003415
GCA_028891605.1_ASM2889160v1	5076
GCA_029582055.1_ASM2958205v1	5059
GCA_029606225.1_ASM2960622v1	3004212
GCA_029618205.1_ASM2961820v1	746128
GCA_029783945.1_ASM2978394v1	1196635
GCA_030060985.1_Pva_DTO207G8_1	264951
GCA_030061565.1_Pva_DTO271G3_1	264951
GCA_030062325.1_Pva_DTO45G8_1	264951
GCA_030324235.1_ASM3032423v1	132259
GCA_030770205.1_ASM3077020v1	5059
GCA_031304755.1_ASM3130475v1	5059
GCA_031471965.1_ASM3147196v1	5059
GCA_033439165.1_ICGEB_NCIM1228_1	128442
GCA_034767895.1_ASM3476789v1	5062
GCA_036320845.1_ASM3632084v1	5077
GCA_037041375.1_ASM3704137v1	1266744
GCA_037042135.1_ASM3704213v1	3092725
GCA_037042595.1_ASM3704259v1	3092694
GCA_037043905.1_ASM3704390v1	1220206
GCA_037044275.1_ASM3704427v1	5068
GCA_037075405.1_ASM3707540v1	5067
GCA_038993655.2_ASM3899365v2	198730
GCA_039267495.1_ASM3926749v1	5059
GCA_039268055.1_ASM3926805v1	5059
GCA_039880875.1_ASM3988087v1	1405805
GCA_040142945.1_UCR_Afum_B5233_1.0	746128
GCA_040333115.2_ASM4033311v2	1702300
GCA_040954735.1_ASM4095473v1	5062
GCA_041682755.1_ASM4168275v1	41734
GCA_041684325.1_ASM4168432v1	162425
GCA_041684515.1_ASM4168451v1	41734
GCA_041684715.1_ASM4168471v1	41734
GCA_041684895.1_ASM4168489v1	1810908
GCA_042608605.1_ASM4260860v1	5059
GCA_042608795.1_ASM4260879v1	5059
GCA_042608985.1_ASM4260898v1	5059
GCA_042609135.1_ASM4260913v1	5059
GCA_042609345.1_ASM4260934v1	5059
GCA_042931755.1_ASM4293175v1	5059
GCA_043882455.1_ASM4388245v1	644134
GCA_043884055.1_ASM4388405v1	3031639
GCA_043884375.1_ASM4388437v1	3128507
GCA_044048685.1_Aspamy1	176166
GCA_044589465.1_ASM4458946v1	5059
GCA_045784785.1_Asphethal1	41742
GCA_046127495.1_ASM4612749v1	41058
GCA_047496445.1_ASM4749644v1	3014060
GCA_047715635.1_Aspspe1_1	41731
GCA_047715895.1_Aspfru1	1250369
GCA_049306625.1_ASM4930662v1	182096
GCA_049997555.1_ASM4999755v1	3392091
GCA_051225625.1_ASM5122562v1	746128
GCA_051397215.1_GA10_18	5067
GCA_051397395.1_GA10_20	5067
GCA_051397575.1_GA10_21	5067
GCA_051397755.1_GA15_5	5067
GCA_051942955.1_DHU_Fsp_f2_v1	746128
GCA_052814805.1_ASM5281480v1	5059
GCA_052815635.1_ASM5281563v1	5059
GCA_053572705.1_ASM5357270v1	36653
GCA_053572885.1_ASM5357288v1	36653
GCA_053573065.1_ASM5357306v1	5074
GCA_053573245.1_ASM5357324v1	36653
GCA_053573425.1_ASM5357342v1	36653
GCA_053573605.1_ASM5357360v1	36653
GCA_053573915.1_ASM5357391v1	36653
GCA_053574095.1_ASM5357409v1	36653
GCA_054123555.1_ASM5412355v1	5082
GCA_054124575.1_ASM5412457v1	5075
GCA_054134085.1_ASM5413408v1	5059
GCA_054644345.1_ASM5464434v1	5062
GCA_054948885.1_ASM5494888v1	519963
GCA_055762005.1_ASM5576200v1	1826649
GCA_056153165.1_ASM5615316v1	5082
GCA_056320585.1_ASM5632058v1	469283
GCA_056582585.1_ASM5658258v1	746128
GCA_057383405.1_ASM5738340v1	454130
GCA_057551925.1_NHRI_Afu_2018GuS4-2-10_V1	746128
GCA_057706695.1_Pdi_DTO385D1_1	74830
GCA_058219135.1_ASM5821913v1	5098
GCA_058972625.1_UCR_Afum_eAF1436_1.0	746128
GCA_059756735.1_ASM5975673v1	75750
GCA_060230215.1_ASM6023021v1	28578
GCA_060370395.1_ASM6037039v1	746128
GCA_060370775.1_ASM6037077v1	746128
GCA_060371155.1_ASM6037115v1	746128
GCA_060371575.1_ASM6037157v1	746128
GCA_900248155.1_Aniger_ATCC_64974_N402	5061
GCA_902713545.1_Penicillium_manginii_YELL_v2	203109
GCA_949125165.1_E142_Aspergillus_fumigatus	746128
GCA_982437875.1_ASM115	3438237
GCF_000002855.4_ASM285v2	5061
GCF_000769745.1_ASM76974v1	27334
GCF_001890105.1_Aspzo1	1073090
GCF_002237265.1_ASM223726v2	41047
GCF_003184585.1_Aspsac1	1450539
GCF_003184835.1_Aspcos1	1448317
GCF_009176365.1_Aspalli1	209559
GCF_015533775.1_ASM1553377v1	5082
GCF_023601865.1_ASM2360186v2	1070780
GCF_028827155.1_ASM2882715v1	5077
GCF_028827665.1_ASM2882766v1	1080232
GCF_028828045.1_ASM2882804v1	1167516
GCF_028828765.1_ASM2882876v1	5083
GCF_028974085.1_ASM2897408v1	63820
GCF_047715665.1_Aspkar1	1810916
GCA_000149895.1_ASM14989v1	404692
GCA_000150615.1_ASM15061v1	490068
GCA_000301155.1_BD_ATCC18187_V1	946394
GCA_000616945.1_Tric_rubr_MR1459_V1	1215341
GCA_001430935.1_ASM143093v1	2074759
GCA_001858085.1_ASM185808v1	663331
GCA_003118255.1_ABySS_70bp_45k_152cov_v1	523103
GCA_003206755.1_ASM320675v1	2723674
GCA_003664385.1_ASM366438v1	523103
GCA_013420885.1_NKU_Histo_G186A	5037
GCA_018296065.1_ASM1829606v1	1658174
GCA_021853505.1_ASM2185350v1	5551
GCA_022829885.1_ASM2282988v1	1387563
GCA_022830185.1_ASM2283018v1	1387563
GCA_022830445.1_ASM2283044v1	1387563
GCA_022830725.1_ASM2283072v1	1387563
GCA_022830995.1_ASM2283099v1	1387563
GCA_022831265.1_ASM2283126v1	1387563
GCA_022831535.1_ASM2283153v1	1387563
GCA_022831805.1_ASM2283180v1	1387563
GCA_022832055.1_ASM2283205v1	1387563
GCA_023065885.1_ASM2306588v1	2739387
GCA_028541605.1_Ooph_UAMH9832_1.0	1387563
GCA_030789025.1_ASM3078902v1	2993635
GCA_032988195.1_ASM3298819v1	2135914
GCA_043170745.1_ASM4317074v1	5039
GCA_046864995.1_ASM4686499v1	2739387
GCA_046865425.1_ASM4686542v1	101480
GCA_046866915.1_ASM4686691v1	101480
GCA_048987505.1_ASM4898750v1	523103
GCA_050574665.1_ASM5057466v1	63419
GCA_051619795.1_ASM5161979v1	63419
GCA_051620205.1_ASM5162020v1	63419
GCA_051620575.1_ASM5162057v1	63419
GCA_051621665.1_ASM5162166v1	63419
GCA_051943555.1_ASM5194355v1	34393
GCA_051943735.2_ASM5194373v2	34387
GCA_051944135.2_ASM5194413v2	523103
GCA_054126545.1_ASM5412654v1	63405
GCA_055762105.1_B9-22A-B2_assembly	523103
GCA_056222035.1_ASM5622203v1	2739387
GCA_056222215.1_ASM5622221v1	2739387
GCA_056247865.1_Pb339	3569413
GCA_057381135.1_ASM5738113v1	2739387
GCA_058168965.1_ASM5816896v1	63405
GCA_058169205.1_ASM5816920v1	63405
GCA_058169395.1_ASM5816939v1	63405
GCA_058169575.1_ASM5816957v1	63405
GCA_059328745.1_NRL_VPCI_AV7	180776
GCA_059329365.1_NRL_VPCI_MKD5	150376
GCA_059928525.1_ASM5992852v1	523103
GCA_937900785.1_ERR1332601_bin.1_CONCOCT_v1.1_MAG	2126284
GCF_000150115.1_ASM15011v1	447093
GCF_022830035.1_ASM2283003v1	1387563
GCA_000611755.1_Endpu1.0	364733
GCA_020080175.1_ASM2008017v1	1670608
GCA_026026815.1_ASM2602681v1	265104
GCA_964256925.1_public_SRR14722313_metabat2_bin.4	2054620
GCA_022813805.1_ASM2281380v1	1590126
GCA_964255115.1_public_SRR14722051_metabat2_bin.4	1453799
GCA_937854325.1_SRR12240182_bin.18_CONCOCT_v1.1_MAG	2012270
GCA_964255885.1_private_GTX0163_concoct_bin.14	116794
GCA_964257135.1_public_SRR12240183_metabat2_bin.10	116812
GCA_964257595.1_public_SRR14722047_metabat2_bin.3	2884725
GCA_003184345.1_ASM318434v1	136282
GCA_019925105.1_ASM1992510v1	643219
GCA_033220425.1_Lene_EWU_01	209136
GCA_051942225.1_KEW_Psco	136281
GCA_059794115.1_ASM5979411v1	180411
GCA_059794275.1_ASM5979427v1	998196
GCA_937822555.1_SRR13685168_bin.22_CONCOCT_v1.1_MAG	2040897
GCA_964254475.1_public_SRR14722154_metabat2_bin.3	1518595
GCA_964254625.1_public_SRR14722272_metabat2_bin.6	1340008
GCA_964254825.1_private_X11_metabat2_bin.10	157171
GCA_964255025.1_public_SRR14722120_metabat2_bin.1	143884
GCA_964255215.1_public_SRR14722026_metabat2_bin.4	404712
GCA_964255445.1_public_SRR14722319_metabat2_bin.1	174060
GCA_964255635.1_public_SRR14722150_concoct_bin.35	174044
GCA_964256165.1_public_SRR14722163_concoct_bin.11	3163698
GCA_964256405.1_public_SRR14721952_concoct_merged.0	174062
GCA_964256695.1_public_SRR14721927_metabat2_bin.2	1709411
GCA_964256905.1_public_SRR14722302_concoct_merged.0	338240
GCA_964257225.1_private_VT15_metabat2_bin.1	78068
GCA_964257435.1_public_SRR14721996_metabat2_bin.8	315943
GCA_964605785.1_glClaDive1.1	50926
GCA_964255105.1_public_SRR14722050_metabat2_bin.2	40597
GCA_023645945.1_KEW_Ddia	150877
GCA_964256685.1_public_SRR14721932_concoct_bin.34	400361
GCA_022814215.1_ASM2281421v1	669869
GCA_964255975.1_public_SRR11456914_concoct_merged.0	238551
GCA_964257085.1_public_ERR4179390_metabat2_bin.28	86794
GCA_051942165.1_KEW_Cica	1006475
GCA_964255625.1_public_SRR14722136_concoct_merged.0	2035816
GCA_964257425.1_public_SRR14721999_concoct_bin.2	394536
GCA_000442125.1_Cafla_v1	1301419
GCA_023645975.1_KEW_Ucar	1301586
GCA_023646365.1_KEW_Xful	2903221
GCA_051941205.1_KEW_Blcr	1301208
GCA_051941435.1_KEW_Ruel	88742
GCA_051941625.1_KEW_Wede	1445002
GCA_051941825.1_KEW_Gysp2	3058879
GCA_051942025.1_KEW_Hasp1	3058876
GCA_051942425.1_KEW_Posp2	3058881
GCA_964254945.1_public_SRR14722072_concoct_merged.0	1145299
GCA_964254545.1_public_SRR14722039_metabat2_bin.7	129518
GCA_023184595.1_ASM2318459v1	903552
GCA_053477165.1_ASM5347716v1	903552
GCA_053477885.1_ASM5347788v1	1217316
GCA_053478065.1_ASM5347806v1	903552
GCA_964254525.1_public_SRR14722095_metabat2_bin.7	136371
GCA_043791855.1_ASM4379185v1	3366837
GCA_000349525.1_BcDW1	1290391
GCA_000798735.1_ASM79873v1	52586
GCA_001399465.1_H_scutula_V1	253101
GCA_001625345.1_ASM162534v1	1802957
GCA_002242835.1_ASM224283v1	2211668
GCA_002554605.1_Helotiales_sp._F229_1.0	1967635
GCA_002938945.1_ASM293894v1	61186
GCA_003415645.1_ASM341564v1	253309
GCA_003988855.1_ASM398885v1	2259763
GCA_004379285.1_ASM437928v1	38488
GCA_006912115.1_ASM691211v1	62714
GCA_008692225.1_ASM869222v1	38448
GCA_011750715.2_ASM1175071v2	946125
GCA_014898425.1_ASM1489842v1	278942
GCA_015148035.1_ASM1514803v1	40559
GCA_015148785.1_ASM1514878v1	40559
GCA_015148945.1_ASM1514894v1	40559
GCA_016508695.1_ASM1650869v1	353542
GCA_019022465.1_ASM1902246v1	5180
GCA_020726485.1_Zalva1	394676
GCA_021498335.1_ASM2149833v1	1569044
GCA_024741835.1_ASM2474183v1	946123
GCA_026120085.1_ASM2612008v1	227289
GCA_026229915.1_ASM2622991v1	2036908
GCA_030347535.1_UMN_CgB_1	85999
GCA_032197565.1_ASM3219756v1	40559
GCA_037074945.2_ASM3707494v2	164538
GCA_039834445.1_ASM3983444v1	5180
GCA_039834545.1_ASM3983454v1	5180
GCA_039836405.1_ASM3983640v1	5180
GCA_040571525.1_BcPgIs_1	40559
GCA_043381465.1_ASM4338146v1	40559
GCA_047671335.1_ASM4767133v1	61207
GCA_051362285.1_ASM5136228v1	66100
GCA_052570975.1_ASM5257097v1	40559
GCA_055672675.1_ASM5567267v1	38448
GCA_057929535.1_ASM5792953v1	5180
GCA_900079555.1_Mo12	108018
GCA_905067625.1_Bgtriticale_THUN12_genome_v1_2	1689686
GCA_984789755.1_Golovinomyces_cichoracearum_BFJ	62708
GCF_007821495.1_CFIA_Lhya_EG2017	1316788
GCA_026023515.1_ASM2602351v1	2939399
GCA_038502575.1_NZFS_3276	64355
GCA_000750735.1_DG5	1420902
GCA_000750935.1_DG38	1420914
GCA_001662605.1_ASM166260v1	1622149
GCA_056248385.1_JH15CN0111a_v1	655981
GCA_026026795.1_ASM2602679v1	318774
GCA_001661325.1_Lipst1_1	675824
GCA_030462815.1_ASM3046281v1	44090
GCA_030568215.1_ASM3056821v1	383835
GCA_030571165.1_ASM3057116v1	54550
GCA_038497405.1_Lst7536_1	29829
GCA_038497675.1_Lst8064_1	29829
GCF_038497795.1_Liparx1	56418
GCA_004768765.1_ASM476876v1	2813651
GCA_011066735.1_ASM1106673v1	2813651
GCA_011067015.1_ASM1106701v1	2813651
GCA_031310005.1_ASM3131000v1	430498
GCA_036971285.1_ASM3697128v1	47266
GCA_036971485.1_ASM3697148v1	47236
GCA_047671915.1_ASM4767191v1	3126044
GCF_000441935.1_MHA_v2	1284197
GCA_003316355.1_ASM331635v1	1894963
GCA_008079325.1_ASM807932v1	5194
GCA_015179025.1_Tercla1	139407
GCA_024516215.1_Geocar1	49969
GCA_024713705.1_ASM2471370v1	2944894
GCA_024713875.1_ASM2471387v1	2944696
GCA_033030425.1_ASM3303042v1	44608
GCA_040802805.1_ASM4080280v1	265115
GCA_040802975.1_ASM4080297v1	3063983
GCA_040803145.1_ASM4080314v1	3063979
GCA_040803345.1_ASM4080334v1	3063981
GCA_040803515.1_ASM4080351v1	3063972
GCA_040803735.1_ASM4080373v1	1846254
GCA_040803905.1_ASM4080390v1	3063976
GCA_040804105.1_ASM4080410v1	1385994
GCA_055762025.1_ASM5576202v1	61495
GCA_055853735.1_Mordim1	1174667
GCA_055863105.1_Morarb1	1810715
GCF_003444635.1_ASM344463v2	1174673
GCA_024271865.1_ASM2427186v1	2518133
GCA_030569155.1_ASM3056915v1	1538181
GCA_000764455.1_ASM76445v1	4909
GCA_001599995.1_JCM_7599_assembly_v001	43982
GCA_001879685.1_ASM187968v1	4909
GCA_002008085.1_ASM200808v1	5477
GCA_003339355.1_UCD_Pferm_PL1	53655
GCA_003705455.2_ASM370545v2	54552
GCA_003706235.2_ASM370623v2	50265
GCA_003707255.2_ASM370725v2	297360
GCA_004931855.1_ASM493185v1	52247
GCA_014873065.1_ASM1487306v1	4909
GCA_018346845.1_ASM1834684v1	5007
GCA_019206985.1_ASM1920698v1	1937702
GCA_019207295.1_ASM1920729v1	1937702
GCA_019207505.1_ASM1920750v1	870730
GCA_019207695.1_ASM1920769v1	1005962
GCA_019207965.1_ASM1920796v1	460523
GCA_020536115.1_ASM2053611v1	460523
GCA_023010625.1_ASM2301062v1	460519
GCA_023011165.1_ASM2301116v1	460519
GCA_023011925.1_ASM2301192v1	460519
GCA_023012775.1_ASM2301277v1	460519
GCA_023012985.1_ASM2301298v1	460519
GCA_023013165.1_ASM2301316v1	460519
GCA_023013355.1_ASM2301335v1	460519
GCA_023013545.1_ASM2301354v1	460519
GCA_023013715.1_ASM2301371v1	460519
GCA_023013895.1_ASM2301389v1	460519
GCA_023014675.1_ASM2301467v1	460519
GCA_023014845.1_ASM2301484v1	460519
GCA_023015045.1_ASM2301504v1	460519
GCA_023015205.1_ASM2301520v1	460519
GCA_023212915.1_ASM2321291v1	4922
GCA_023629275.1_ASM2362927v1	54551
GCA_023629475.1_ASM2362947v1	4909
GCA_023629655.1_ASM2362965v1	54552
GCA_025531545.1_ASM2553154v1	52247
GCA_028829515.1_ASM2882951v1	4922
GCA_029632965.1_ASM2963296v1	4922
GCA_030267745.1_ASM3026774v1	43982
GCA_030556025.1_ASM3055602v1	65819
GCA_030557465.1_ASM3055746v1	1538149
GCA_030560905.1_ASM3056090v1	5489
GCA_030563725.1_ASM3056372v1	551772
GCA_030564945.1_ASM3056494v1	58633
GCA_030567515.1_ASM3056751v1	317047
GCA_030567935.1_ASM3056793v1	51934
GCA_030569495.1_ASM3056949v1	1249861
GCA_030570285.1_ASM3057028v1	4921
GCA_030570755.1_ASM3057075v1	50262
GCA_030573035.1_ASM3057303v1	2860398
GCA_030578975.1_ASM3057897v1	121235
GCA_030579955.1_ASM3057995v1	43982
GCA_030769885.1_ASM3076988v1	121235
GCA_032595495.1_ASM3259549v1	4909
GCA_037041655.1_ASM3704165v1	54551
GCA_037951595.1_ASM3795159v1	51926
GCA_041498895.1_ASM4149889v1	2012036
GCA_050084705.1_ASM5008470v1	4909
GCA_060229345.1_ASM6022934v1	460523
GCA_900016395.1_JPS094	4922
GCA_900016495.1_JPS478	4922
GCA_900016585.1_JPS670	4922
GCA_947297755.1_246_Pichia_kluyveri	36015
GCF_001664045.1_Hanpo2	460523
GCA_000239015.2_ASM23901v2	1118155
GCA_000447555.1_Cand_albi_CHN1_V1	1182532
GCA_000691765.2_Cand_albi_Ca529L_V1	1325634
GCA_000774085.1_Cand_albi_P87_V2	1094984
GCA_000784595.1_Cand_albi_P75016_V1	1094995
GCA_001599135.1_JCM_1607_assembly_v001	45354
GCA_001673695.2_ASM167369v2	36911
GCA_002196765.1_ASM219676v1	4920
GCA_002370145.1_ASM237014v1	1807681
GCA_002370475.1_ASM237047v1	1506548
GCA_002370695.1_ASM237069v1	1697387
GCA_002370855.1_ASM237085v1	73518
GCA_002374465.1_ASM237446v1	473035
GCA_002374645.1_ASM237464v1	353899
GCA_002837675.1_ASM283767v1	5476
GCA_002911495.2_ASM291149v2	1864610
GCA_003454735.1_ASM345473v1	5476
GCA_003675595.1_S18_1	36911
GCA_003675775.1_U06_1	36911
GCA_003706535.2_ASM370653v2	45561
GCA_003707785.3_ASM370778v3	46584
GCA_003708665.2_ASM370866v2	58627
GCA_004026375.1_ASM402637v1	36911
GCA_005890705.1_ASM589070v1	5476
GCA_008062615.2_ASM806261v2	4929
GCA_008729175.1_ASM872917v1	498019
GCA_009498095.1_ASM949809v1	36911
GCA_009756645.1_ASM975664v1	2654411
GCA_013177575.1_ASM1317757v1	52253
GCA_014638775.1_ASM1463877v1	498019
GCA_014825715.1_ASM1482571v1	5476
GCA_015345685.1_ASM1534568v1	5476
GCA_015708725.1_ASM1570872v1	34356
GCA_016772135.1_ASM1677213v1	498019
GCA_017654755.1_ASM1765475v1	39397
GCA_019039335.1_ASM1903933v1	498019
GCA_019039515.1_ASM1903951v1	498019
GCA_019039695.1_ASM1903969v1	498019
GCA_019332025.1_ASM1933202v1	45357
GCA_020027125.1_ASM2002712v1	5480
GCA_021019025.2_ASM2101902v2	5482
GCA_022577575.1_ASM2257757v1	2699536
GCA_023623345.1_ASM2362334v1	5476
GCA_023625715.1_ASM2362571v1	2940385
GCA_024220415.1_ASM2422041v1	5482
GCA_025429735.1_ASM2542973v1	498019
GCA_025430405.1_ASM2543040v1	498019
GCA_025766435.1_ASM2576643v1	5476
GCA_025767605.1_ASM2576760v1	5482
GCA_025767905.1_ASM2576790v1	5480
GCA_026743825.1_Candida_auris_PL1	498019
GCA_027579685.1_ASM2757968v1	273372
GCA_028609645.1_ASM2860964v1	4959
GCA_029619135.1_ASM2961913v1	498019
GCA_029931635.1_ASM2993163v1	5476
GCA_030449045.1_ASM3044904v1	312228
GCA_030555925.1_ASM3055592v1	1586249
GCA_030556465.1_ASM3055646v1	261270
GCA_030556735.1_ASM3055673v1	45513
GCA_030557115.1_ASM3055711v1	391825
GCA_030557975.1_ASM3055797v1	45588
GCA_030558395.1_ASM3055839v1	657494
GCA_030560825.1_ASM3056082v1	45551
GCA_030562525.1_ASM3056252v1	27323
GCA_030563165.1_ASM3056316v1	392263
GCA_030563605.1_ASM3056360v1	267649
GCA_030564025.1_ASM3056402v1	297651
GCA_030564725.1_ASM3056472v1	45593
GCA_030565185.1_ASM3056518v1	2859242
GCA_030566465.1_ASM3056646v1	197673
GCA_030566955.1_ASM3056695v1	224212
GCA_030568535.1_ASM3056853v1	246025
GCA_030568735.1_ASM3056873v1	301365
GCA_030569075.1_ASM3056907v1	766783
GCA_030569475.1_ASM3056947v1	45357
GCA_030570215.1_ASM3057021v1	45525
GCA_030571295.1_ASM3057129v1	933257
GCA_030572035.1_ASM3057203v1	480065
GCA_030572355.1_ASM3057235v1	45542
GCA_030572635.1_ASM3057263v1	27328
GCA_030573315.1_ASM3057331v1	46252
GCA_030574075.1_ASM3057407v1	36912
GCA_030574815.1_ASM3057481v1	148633
GCA_030575095.1_ASM3057509v1	1072095
GCA_030578555.1_ASM3057855v1	1714406
GCA_030578895.1_ASM3057889v1	353899
GCA_030579195.1_ASM3057919v1	255213
GCA_030580355.1_ASM3058035v1	2866372
GCA_030581955.1_ASM3058195v1	52254
GCA_030582595.1_ASM3058259v1	5482
GCA_030582875.1_ASM3058287v1	291308
GCA_030583105.1_ASM3058310v1	135833
GCA_030583545.1_ASM3058354v1	27297
GCA_030674615.1_ASM3067461v1	1697385
GCA_030705105.1_ASM3070510v1	2866357
GCA_031081865.1_ZIM0763	4947
GCA_032356445.1_MYCT-0816-2021	5482
GCA_032356685.1_MYCT-1551-2021	5482
GCA_032356865.1_MYCT-2012-2020	5482
GCA_032358455.1_UCR_Clus_DH3843_v1.0	36911
GCA_032358755.1_UCR_Clus_DH3712_v1.0	36911
GCA_032367535.1_ASM3236753v1	498019
GCA_032599205.1_UCR_Clus_DH2383_RSY284_v1.0	36911
GCA_032694685.1_ASM3269468v1	498019
GCA_032714815.1_ASM3271481v1	5482
GCA_034640365.1_ENCB_Caur	498019
GCA_035582585.1_ASM3558258v1	498019
GCA_035771885.1_ASM3577188v1	498019
GCA_035772215.1_ASM3577221v1	498019
GCA_037040415.1_ASM3704041v1	5476
GCA_037041175.1_ASM3704117v1	5476
GCA_037042355.1_ASM3704235v1	3092747
GCA_037951445.1_ASM3795144v1	456248
GCA_041026465.1_ASM4102646v1	498019
GCA_041381755.1_ASM4138175v1	498019
GCA_044589505.1_ASM4458950v1	5480
GCA_044592855.1_ASM4459285v1	5476
GCA_046129425.1_ASM4612942v1	45513
GCA_046130105.1_ASM4613010v1	45513
GCA_046130585.1_ASM4613058v1	45513
GCA_046131025.1_ASM4613102v1	45513
GCA_046131525.1_ASM4613152v1	45513
GCA_046131965.1_ASM4613196v1	45513
GCA_046132345.1_ASM4613234v1	45513
GCA_046132695.1_ASM4613269v1	45513
GCA_046133085.1_ASM4613308v1	45513
GCA_046133445.1_ASM4613344v1	45513
GCA_046133815.1_ASM4613381v1	45513
GCA_046134165.1_ASM4613416v1	45513
GCA_046134595.1_ASM4613459v1	36911
GCA_046250235.1_ASM4625023v1	498019
GCA_046250535.1_ASM4625053v1	498019
GCA_046250815.1_ASM4625081v1	498019
GCA_046251065.1_ASM4625106v1	498019
GCA_046251355.1_ASM4625135v1	498019
GCA_046251615.1_ASM4625161v1	498019
GCA_046251895.1_ASM4625189v1	498019
GCA_046252165.1_ASM4625216v1	498019
GCA_046252425.1_ASM4625242v1	498019
GCA_046252705.1_ASM4625270v1	498019
GCA_046252945.1_ASM4625294v1	498019
GCA_046253235.1_ASM4625323v1	498019
GCA_046253505.1_ASM4625350v1	498019
GCA_046253775.1_ASM4625377v1	498019
GCA_046254055.1_ASM4625405v1	498019
GCA_046254305.1_ASM4625430v1	498019
GCA_046331815.1_ASM4633181v1	498019
GCA_046867545.1_ASM4686754v1	28555
GCA_047371255.1_ASM4737125v1	498019
GCA_047371545.1_ASM4737154v1	498019
GCA_047371805.1_ASM4737180v1	498019
GCA_047372105.1_ASM4737210v1	498019
GCA_047655315.1_ASM4765531v1	3392078
GCA_048414855.1_ASM4841485v1	498019
GCA_049307445.1_ASM4930744v1	5480
GCA_049635165.1_ASM4963516v1	498019
GCA_049635615.1_ASM4963561v1	498019
GCA_049636055.1_ASM4963605v1	498019
GCA_049636505.1_ASM4963650v1	498019
GCA_049636985.1_ASM4963698v1	498019
GCA_049637475.1_ASM4963747v1	498019
GCA_049637925.1_ASM4963792v1	498019
GCA_049638395.1_ASM4963839v1	498019
GCA_049862575.1_ASM4986257v1	5482
GCA_050230425.1_ASM5023042v1	5482
GCA_050916175.1_Ther_C_lusitaniae_KM1_1	36911
GCA_051362435.1_ASM5136243v1	45513
GCA_051940675.1_ASM5194067v1	498019
GCA_051944375.1_ASM5194437v1	42374
GCA_052815135.1_ASM5281513v1	5482
GCA_053077845.1_ASM5307784v1	498019
GCA_053078025.1_ASM5307802v1	498019
GCA_053078225.1_ASM5307822v1	498019
GCA_053176005.1_19Y-039_genome_20251002	498019
GCA_053176265.1_19Y-169_genome_20251003	498019
GCA_053176535.1_19Y-113_genome_20251003	498019
GCA_053176805.1_19Y-102_genome_20251003	498019
GCA_053222525.1_ASM5322252v1	498019
GCA_053222705.1_ASM5322270v1	498019
GCA_053223055.1_ASM5322305v1	498019
GCA_053223225.1_ASM5322322v1	498019
GCA_053223415.1_ASM5322341v1	498019
GCA_053223615.1_ASM5322361v1	498019
GCA_053456525.1_CpCDC317_Hap2	5480
GCA_053525585.1_ASM5352558v1	5476
GCA_053894995.1_MIKTER_YS34	4929
GCA_054055095.1_ASM5405509v1	498019
GCA_054122555.1_ASM5412255v1	4959
GCA_054122915.1_ASM5412291v1	4959
GCA_054123155.1_ASM5412315v1	4959
GCA_054123475.1_ASM5412347v1	1853546
GCA_054123775.1_ASM5412377v1	4959
GCA_054124145.1_ASM5412414v1	5480
GCA_054124445.1_ASM5412444v1	34356
GCA_054125565.1_ASM5412556v1	4959
GCA_054126395.1_ASM5412639v1	5480
GCA_054375515.1_ASM5437551v1	498019
GCA_054643575.1_ASM5464357v1	498019
GCA_055682085.1_ASM5568208v1	273371
GCA_055775185.1_ASM5577518v1	5480
GCA_056150895.1_ASM5615089v1	5476
GCA_056152225.1_ASM5615222v1	5480
GCA_056152425.1_ASM5615242v1	5480
GCA_056152605.1_ASM5615260v1	5480
GCA_056554925.1_ASM5655492v1	498019
GCA_056915415.1_ASM5691541v1	498019
GCA_057189785.1_ASM5718978v1	498019
GCA_057190135.1_ASM5719013v1	498019
GCA_057382375.1_ASM5738237v1	5482
GCA_057382555.1_ASM5738255v1	5482
GCA_057382735.1_ASM5738273v1	5482
GCA_057382915.1_ASM5738291v1	5482
GCA_057383095.1_ASM5738309v1	5482
GCA_057383285.1_ASM5738328v1	5482
GCA_057383495.1_ASM5738349v1	498019
GCA_057383725.1_ASM5738372v1	5482
GCA_057658315.1_ASM5765831v1	498019
GCA_057658745.1_ASM5765874v1	498019
GCA_057659035.1_ASM5765903v1	498019
GCA_057659425.1_ASM5765942v1	498019
GCA_057659805.1_ASM5765980v1	498019
GCA_057660105.1_ASM5766010v1	498019
GCA_057660465.1_ASM5766046v1	498019
GCA_057660825.1_ASM5766082v1	498019
GCA_057661125.1_ASM5766112v1	498019
GCA_057661445.1_ASM5766144v1	498019
GCA_057661725.1_ASM5766172v1	498019
GCA_057661905.1_ASM5766190v1	498019
GCA_058127235.1_M431-23-C-AURIS-GR	498019
GCA_058218505.1_ASM5821850v1	3708542
GCA_058223965.1_ASM5822396v1	498019
GCA_058224145.1_ASM5822414v1	498019
GCA_058224325.1_ASM5822432v1	498019
GCA_059578905.1_ASM5957890v1	4959
GCA_059629385.1_MRSN455079	498019
GCA_059629565.1_MRSN152419	498019
GCA_059629745.1_MRSN146233	498019
GCA_059629915.1_MRSN134489	498019
GCA_059746545.1_ASM5974654v1	498019
GCA_059747285.1_ASM5974728v1	498019
GCA_059747665.1_ASM5974766v1	498019
GCA_059748025.1_ASM5974802v1	498019
GCA_059748405.1_ASM5974840v1	498019
GCA_059748765.1_ASM5974876v1	498019
GCA_059994825.1_ASM5999482v1	487108
GCA_059995295.1_ASM5999529v1	1170579
GCA_059996585.1_ASM5999658v1	498019
GCA_059996755.1_ASM5999675v1	498019
GCA_059996945.1_ASM5999694v1	498019
GCA_059997145.1_ASM5999714v1	498019
GCA_060123515.1_ASM6012351v1	5486
GCA_060221735.1_M13-24-C-AURIS-GR	498019
GCA_900006135.1_D_tyrocola_PRJEB9675	522358
GCA_902703435.1_CA1	498019
GCA_902712185.3_Cau_1917_a	498019
GCA_902712275.3_Cau_1905_a	498019
GCA_947297635.1_2786_Candida_aaseri	45518
GCA_964022755.1_CPARSMI596	5480
GCA_980651575.1_TUCC00000416	27326
GCF_000182765.1_ASM18276v2	5480
GCF_001661415.1_Canta1	984487
GCF_008704595.1_ASM870459v1	5481
GCF_024628925.1_ASM2462892v1	1775924
GCA_000333975.2_ASM33397v2	42068
GCF_001477535.1_Pneu_jiro_RU7_V2	1408657
GCA_002564235.1_ASM256423v1	1305767
GCA_023497445.1_ASM2349744v1	4944
GCA_030564765.1_ASM3056476v1	2866353
GCA_030575275.1_ASM3057527v1	65477
GCA_031124935.1_ASM3112493v1	44085
GCA_031125575.1_ASM3112557v1	43959
GCA_031126225.1_ASM3112622v1	4944
GCA_037355385.1_Sgei_CD511	3086987
GCA_054953955.1_ASM5495395v1	44080
GCA_003123885.1_ASM312388v1	36038
GCA_003707015.3_ASM370701v3	1156965
GCA_003707985.2_ASM370798v2	1337057
GCA_004195225.1_C_fabianii_v1	36022
GCA_020280145.1_ASM2028014v1	2880258
GCA_023627795.1_ASM2362779v1	36038
GCA_029581785.1_ASM2958178v1	4927
GCA_030557345.1_ASM3055734v1	2878918
GCA_030563005.1_ASM3056300v1	255212
GCA_030565205.1_ASM3056520v1	1476604
GCA_030569295.1_ASM3056929v1	639368
GCA_030571095.1_ASM3057109v1	2866363
GCA_030574695.1_ASM3057469v1	36018
GCA_030579655.1_ASM3057965v1	36021
GCA_030582235.1_ASM3058223v1	135456
GCA_037041675.1_ASM3704167v1	3092731
GCA_046457535.1_Macr_Wano_K_1	4927
GCA_051991505.1_ASM5199150v1	4927
GCA_060251805.1_ASM6025180v1	3473099
GCA_964273355.1_UCD1060_Cybsyl	2664346
GCF_001661255.1_Wican1	4927
GCA_000167115.1_ASM16711v1	4914
GCA_000190215.1_ScVIN13_v01	764099
GCA_000256055.1_Saccharomyces_kudriavzevii_strain_FM1056_v1.0	1163633
GCA_000256905.1_Saccharomyces_kudriavzevii_strain_FM1075_v1.0	1163642
GCA_000257105.1_Saccharomyces_kudriavzevii_strain_IFO10990_v1.0	1163646
GCA_000326005.1_ScFostersO_v01	764101
GCA_000442675.2_ASM44267v2	1343043
GCA_000568365.1_R103	1182967
GCA_000766165.2_ASM76616v2	4932
GCA_000766395.2_ASM76639v2	4932
GCA_000766595.2_ASM76659v2	4932
GCA_000968835.1_ASM96883v1	1034331
GCA_000975795.2_Sc_YJM248_v1	1294307
GCA_000976065.2_Sc_YJM456_v1	1294312
GCA_000976335.2_Sc_YJM689_v1	1294321
GCA_000976605.3_Sc_YJM990_v1	1294330
GCA_000976905.2_Sc_YJM1248_v1	1294340
GCA_000977175.3_Sc_YJM1336_v1	1294349
GCA_000977445.2_Sc_YJM1386_v1	1294358
GCA_000977715.4_Sc_YJM1417_v1	1294367
GCA_000977985.2_Sc_YJM1450_v1	1294376
GCA_000978255.2_Sc_YJM1573_v1	1294385
GCA_001046935.1_ASM104693v1	1279086
GCA_001413975.1_ASM141397v1	4932
GCA_001483335.1_ASM148333v1	27292
GCA_001578275.1_S.cerevisiae-15V-P4-2.0	4932
GCA_001634645.1_GLBRCY22-3	4932
GCA_001670055.1_ASM167005v1	4932
GCA_001670325.1_ASM167032v1	4932
GCA_001671055.1_ASM167105v1	4932
GCA_001671345.1_ASM167134v1	4932
GCA_001671715.1_ASM167171v1	4932
GCA_001671985.1_ASM167198v1	4932
GCA_001737285.1_ASM173728v1	4932
GCA_001737545.2_ASM173754v2	4932
GCA_001737865.2_ASM173786v2	4932
GCA_001738115.1_ASM173811v1	4932
GCA_001738375.1_ASM173837v1	4932
GCA_001738615.1_ASM173861v1	4932
GCA_001738945.1_ASM173894v1	4932
GCA_001739215.1_ASM173921v1	4932
GCA_001739475.1_ASM173947v1	4932
GCA_001739735.1_ASM173973v1	4932
GCA_001739995.1_ASM173999v1	4932
GCA_001740295.1_ASM174029v1	4932
GCA_001740545.1_ASM174054v1	4932
GCA_001740795.1_ASM174079v1	4932
GCA_001741045.1_ASM174104v1	4932
GCA_001741375.1_ASM174137v1	4932
GCA_001741685.1_ASM174168v1	4932
GCA_001937245.1_ASM193724v1	4932
GCA_002079085.1_ASM207908v1	27291
GCA_002219195.1_ASM221919v1	5478
GCA_002557695.1_ASM255769v1	1429090
GCA_003020065.1_ASM302006v1	4932
GCA_003270145.1_ASM327014v1	4932
GCA_003270425.1_ASM327042v1	4932
GCA_003270695.1_ASM327069v1	4932
GCA_003270945.1_ASM327094v1	4932
GCA_003271225.1_ASM327122v1	4932
GCA_003271505.1_ASM327150v1	4932
GCA_003271775.1_ASM327177v1	4932
GCA_003272045.1_ASM327204v1	4932
GCA_003272295.1_ASM327229v1	4932
GCA_003272575.1_ASM327257v1	4932
GCA_003272835.1_ASM327283v1	4932
GCA_003273075.1_ASM327307v1	4932
GCA_003273385.1_ASM327338v1	4932
GCA_003273625.1_ASM327362v1	4932
GCA_003273925.1_ASM327392v1	4932
GCA_003274195.1_ASM327419v1	4932
GCA_003274465.1_ASM327446v1	4932
GCA_003274715.1_ASM327471v1	4932
GCA_003274985.1_ASM327498v1	4932
GCA_003275235.1_ASM327523v1	4932
GCA_003275505.1_ASM327550v1	4932
GCA_003275785.1_ASM327578v1	4932
GCA_003276075.1_ASM327607v1	4932
GCA_003276325.1_ASM327632v1	4932
GCA_003276605.1_ASM327660v1	4932
GCA_003276855.1_ASM327685v1	4932
GCA_003277105.1_ASM327710v1	4932
GCA_003277375.1_ASM327737v1	4932
GCA_003277645.1_ASM327764v1	4932
GCA_003326525.1_ASM332652v1	4932
GCA_003705805.3_ASM370580v3	51656
GCA_003708055.3_ASM370805v3	200334
GCA_003708845.3_ASM370884v3	935788
GCA_004114265.1_LGE_SA1_1.0	4932
GCA_004353035.1_ASM435303v1	27291
GCA_008802755.1_ASM880275v1	27293
GCA_009663385.1_ASM966338v1	4932
GCA_009665685.1_ASM966568v1	1684324
GCA_009665985.1_ASM966598v1	332112
GCA_009666195.1_ASM966619v1	1684324
GCA_009666465.1_ASM966646v1	2528332
GCA_009666725.1_ASM966672v1	1684324
GCA_009666965.1_ASM966696v1	1911678
GCA_009667275.1_ASM966727v1	1911678
GCA_009738405.1_ASM973840v1	4932
GCA_011393155.1_ASM1139315v1	947045
GCA_012851005.1_ASM1285100v1	35629
GCA_012851205.1_ASM1285120v1	35629
GCA_012851425.1_ASM1285142v1	4950
GCA_013180005.1_ASM1318000v1	230603
GCA_013180255.1_ASM1318025v1	230603
GCA_013181185.1_ASM1318118v1	4932
GCA_013183795.1_ASM1318379v1	230603
GCA_013368685.1_ASM1336868v1	471510
GCA_014905575.1_SCawmr101_1.0	4932
GCA_016584185.1_ASM1658418v1	27294
GCA_017165635.1_ASM1716563v1	4932
GCA_017864825.1_ASM1786482v1	4932
GCA_017865285.1_ASM1786528v1	4932
GCA_017865875.1_ASM1786587v1	4932
GCA_017866175.1_ASM1786617v1	4932
GCA_017866465.1_ASM1786646v1	4932
GCA_017866945.1_ASM1786694v1	4932
GCA_017867305.1_ASM1786730v1	4932
GCA_017867885.1_ASM1786788v1	4932
GCA_017868165.1_ASM1786816v1	4932
GCA_017868925.1_ASM1786892v1	4932
GCA_017869405.1_ASM1786940v1	4932
GCA_017869735.1_ASM1786973v1	4932
GCA_017870425.1_ASM1787042v1	4932
GCA_017870955.1_ASM1787095v1	4932
GCA_019393785.1_ASM1939378v1	4932
GCA_019394485.1_ASM1939448v1	4932
GCA_019394785.1_ASM1939478v1	4932
GCA_020313095.2_ASM2031309v2	51915
GCA_020521415.1_Zrouxii_NCYC3042_v1	4956
GCA_021172205.1_ASM2117220v1	4932
GCA_021403305.1_ASM2140330v1	27291
GCA_021403565.1_ASM2140356v1	27291
GCA_021437045.1_ASM2143704v1	27291
GCA_022414655.1_ASM2241465v1	4911
GCA_023375095.1_ASM2337509v1	4932
GCA_024195175.2_BUUCAGL_2022	5478
GCA_024665945.1_ASM2466594v1	5478
GCA_025434915.2_ASM2543491v2	4932
GCA_026001015.1_ScS799_1.0	4932
GCA_026539985.1_ASM2653998v1	5478
GCA_027480195.1_ASM2748019v1	5478
GCA_029255875.1_ASM2925587v1	4932
GCA_029300735.1_ASM2930073v1	1769366
GCA_029303455.1_ASM2930345v1	1769366
GCA_029403705.1_ASM2940370v1	4932
GCA_029702955.1_ASM2970295v1	4932
GCA_029873725.1_ASM2987372v1	4911
GCA_030034965.1_ASM3003496v1	27291
GCA_030179955.1_ASM3017995v1	3043228
GCA_030462875.1_ASM3046287v1	121233
GCA_030557585.1_ASM3055758v1	48254
GCA_030563385.1_ASM3056338v1	1853550
GCA_030567155.1_ASM3056715v1	1853550
GCA_030568175.1_ASM3056817v1	85125
GCA_030570895.1_ASM3057089v1	51657
GCA_030571545.1_ASM3057154v1	927244
GCA_030572675.1_ASM3057267v1	227369
GCA_030574115.1_ASM3057411v1	1365887
GCA_030579995.1_ASM3057999v1	1853550
GCA_030580575.1_ASM3058057v1	278024
GCA_030705005.1_ASM3070500v1	27289
GCA_031591815.1_ASM3159181v1	112263
GCA_036321325.1_ASM3632132v1	4911
GCA_037040905.1_ASM3704090v1	27293
GCA_037126645.1_ASM3712664v1	28985
GCA_039880175.1_ASM3988017v1	4932
GCA_040167615.1_ASM4016761v1	4932
GCA_041121405.1_ASM4112140v1	5478
GCA_041294695.1_ASM4129469v1	4932
GCA_042140155.1_ASM4214015v1	278025
GCA_043790645.1_ASM4379064v1	5478
GCA_044645915.1_ASM4464591v1	1056991
GCA_047495675.1_ASM4749567v1	381046
GCA_048412595.1_ASM4841259v1	381046
GCA_048412775.1_ASM4841277v1	381046
GCA_048412955.1_ASM4841295v1	381046
GCA_048413135.1_ASM4841313v1	381046
GCA_048413315.1_ASM4841331v1	381046
GCA_048413495.1_ASM4841349v1	381046
GCA_048413675.1_ASM4841367v1	381046
GCA_048413855.1_ASM4841385v1	381046
GCA_048414035.1_ASM4841403v1	381046
GCA_048414215.1_ASM4841421v1	381046
GCA_048414395.1_ASM4841439v1	381046
GCA_049307425.1_ASM4930742v1	5478
GCA_051943025.1_ASM5194302v1	4932
GCA_052814785.1_ASM5281478v1	4956
GCA_053525315.1_ASM5352531v1	381046
GCA_054123265.1_ASM5412326v1	28985
GCA_054125055.1_ASM5412505v1	28985
GCA_054643295.1_ASM5464329v1	4932
GCA_056151045.1_ASM5615104v1	5478
GCA_056824455.1_ASM5682445v1	27292
GCA_058969545.1_ASM5896954v1	4932
GCA_059994315.1_ASM5999431v1	4932
GCA_900074765.1_LAFE0	4955
GCA_900099285.1_K1-280-2B	4932
GCA_900178105.1_BA_Souche789_V1	4932
GCA_900178195.1_EF_SoucheMTF2416_V1	4932
GCA_900178295.1_EG_SoucheMTF1798_V1	4932
GCA_900178395.1_CB_SoucheMTF2357_V1	4932
GCA_900178495.1_DA_SoucheMTF2248_V1	4932
GCA_903819205.2_EM14S01-3B_Assembly_v2	4932
GCA_918264245.1_yHAB482	230603
GCA_918281175.1_yHDPN24	27291
GCA_931305995.1_CBS12408	1056991
GCA_947243795.1_Suva-ZP964	230603
GCA_947343105.1_NCYC3025	4932
GCA_947343195.1_NCYC667	4932
GCA_947343285.1_NCYC1765	4932
GCA_947343375.1_NCYC1414	4932
GCA_947343465.1_NCYC78	4932
GCA_947343555.1_NCYC2798	4932
GCA_947343645.1_NCYC3124	4932
GCA_947343735.1_NCYC3123	4932
GCA_947343825.1_NCYC479	4932
GCA_947343915.1_NCYC3529	4932
GCA_947344005.1_NCYC1243	4932
GCA_947344095.1_NCYC622	4932
GCA_947344185.1_NCYC956	4932
GCA_947344275.1_NCYC2737	4932
GCA_947344365.1_NCYC1190	4932
GCA_947344455.1_NCYC361	4932
GCA_947344545.1_NCYC2947	4932
GCA_947344635.1_NCYC1064	4932
GCA_947344725.1_NCYC3406	4932
GCA_947344815.1_NCYC75	4932
GCA_947344905.1_NCYC1030	4932
GCA_947344995.1_NCYC1286	4932
GCA_947345085.1_NCYC1283	4932
GCA_947345175.1_NCYC1052	4932
GCA_947345265.1_NCYC84	4932
GCA_949129075.1_ZBA_7846_DN	4954
GCA_964263525.1_PYCC_2996	3680299
GCA_965637235.1_MBVUBB008Y5_assembly	112263
GCA_965637925.1_MUVUBH002C7_assembly	27294
GCA_965643375.1_PYCC6990	2024901
GCA_977020245.1_N_glabratus_YL07	284593
GCA_979262735.1_PYCC8738	927244
GCA_979508545.1_PYCC9381	2726502
GCA_979513725.1_PYCC9554	42260
GCA_979761235.1_PYCC4805	4954
GCA_979766325.1_PYCC9538	1365886
GCA_979767675.1_PYCC5190	1365886
GCA_979770435.1_PYCC9243	1365886
GCA_979878645.1_PYCC9535	4956
GCA_979881885.1_PYCC9544	4956
GCA_980285225.1_PYCC3693	4956
GCA_980289155.1_PYCC8889	42258
GCA_980289455.1_PYCC8881	1074906
GCA_980293575.1_PYCC10442	4956
GCF_000142805.1_ASM14280v1	559295
GCF_000304475.1_Ka_CBS2517	1071382
GCF_014133895.1_ASM1413389v1	48254
GCA_001747045.1_ASM174704v1	56408
GCA_003708365.1_ASM370836v1	572238
GCA_009805715.1_ASM980571v1	29833
GCA_030180015.1_ASM3018001v1	29833
GCA_030573455.1_ASM3057345v1	332229
GCA_037041975.1_ASM3704197v1	689838
GCA_050947655.1_ASM5094765v1	56408
GCA_937836975.1_SRR3017098_bin.23_CONCOCT_v1.1_MAG	56408
GCA_006386085.1_EBC137_JB1205_v01_pb	4896
GCA_006386295.1_EBC074_JB760_v01_pb	4896
GCA_029267275.1_ASM2926727v1	2973949
GCA_041682895.1_DY44514_canu	4896
GCA_041683075.1_DY42500_canu	4896
GCA_043157545.1_ASM4315754v1	4896
GCA_060040995.1_S_pombe_SZY2047	4896
GCF_000004155.1_SCY4	653667
GCA_029295075.1_ASM2929507v1	1709940
GCA_001599175.1_JCM_9685_assembly_v001	1633207
GCA_018092595.1_ASM1809259v1	1562280
GCA_022432395.1_Pestal1	1907218
GCA_023701735.1_ASM2370173v1	2839952
GCA_037074995.1_ASM3707499v1	335852
GCA_038364195.1_ASM3836419v1	3021424
GCA_046115455.1_ASM4611545v1	1562205
GCA_048773445.1_ASM4877344v1	2022757
GCA_054990375.1_ASM5499037v1	3459053
GCA_055824565.1_ASM5582456v1	173182
GCF_002105095.1_Pseve2	1141098
GCA_046056195.1_ASM4605619v1	312317
GCA_046563265.1_ASM4656326v1	3041003
GCA_007388145.1_STR0027598	2546457
GCA_011319215.2_ASM1131921v2	714430
GCA_001051155.2_ASM105115v2	354353
GCA_003012975.1_ASM301297v1	1940567
GCA_003795295.1_ASM379529v1	1230097
GCA_013435955.1_MUSC_Dhan_1	2748660
GCA_014849355.1_ASM1484935v1	40262
GCA_014849665.1_ASM1484966v1	5116
GCA_014849835.1_ASM1484983v1	2093782
GCA_014850035.1_ASM1485003v1	5116
GCA_014850205.1_ASM1485020v1	5116
GCA_014850395.1_ASM1485039v1	5116
GCA_014850585.1_ASM1485058v1	5116
GCA_014850755.1_ASM1485075v1	5116
GCA_014850965.1_ASM1485096v1	5116
GCA_014851185.1_ASM1485118v1	5116
GCA_014851385.1_ASM1485138v1	5116
GCA_016508685.1_ASM1650868v1	2570895
GCA_021399435.1_DiaPMI573_1	2614600
GCA_023242295.1_ASM2324229v1	2419934
GCA_026120015.1_ASM2612001v1	2608779
GCA_032191545.1_ASM3219154v1	1214568
GCA_038088555.1_ASM3808855v1	2715451
GCA_040209105.1_ASM4020910v1	1930201
GCA_042826995.1_ASM4282699v1	105482
GCA_047372775.1_ASM4737277v1	5116
GCA_055672655.1_ASM5567265v1	165439
GCF_019321695.1_ASM1932169v1	748121
GCA_001484525.1_ASM148452v1	129314
GCA_001618725.1_Ct495.85v1	708197
GCA_001937105.1_ASM193710v1	708187
GCA_002776445.1_ASM277644v1	1051616
GCA_002887685.1_ASM288768v1	690256
GCA_003122705.1_ASM312270v1	1938904
GCA_004367935.1_ASM436793v1	1347389
GCA_009653595.1_ASM965359v1	1051616
GCA_011032865.1_ASM1103286v1	27337
GCA_011426375.1_ASM1142637v1	690259
GCA_011947485.2_ASM1194748v2	538528
GCA_013201875.1_ASM1320187v1	690256
GCA_014636675.1_PcBMM	40658
GCA_014705165.1_ASM1470516v1	474922
GCA_014705365.1_ASM1470536v1	710243
GCA_014705545.1_ASM1470554v1	710243
GCA_018140845.1_ASM1814084v1	27337
GCA_018906765.1_ASM1890676v1	1209932
GCA_019188265.1_ASM1918826v1	100787
GCA_020457915.1_ASM2045791v1	27357
GCA_020465715.1_ASM2046571v1	27357
GCA_020465895.1_ASM2046589v1	27357
GCA_021124905.1_ASM2112490v1	27357
GCA_023376865.1_CSPX01	2940390
GCA_025327145.1_ASM2532714v1	2838799
GCA_025329385.1_ASM2532938v1	2838803
GCA_026319145.1_ASM2631914v1	710243
GCA_026652275.1_CGRA18	31870
GCA_026653375.1_CGRA10	31870
GCA_027406025.1_ASM2740602v1	5464
GCA_027406245.1_ASM2740624v1	690259
GCA_029034655.1_ASM2903465v1	708192
GCA_029607825.1_ASM2960782v1	27337
GCA_030867255.1_Colso1	1500509
GCA_031009615.1_ASM3100961v1	690259
GCA_034638275.1_EIMB_Clini_757_1.0	500171
GCA_038051215.1_ASM3805121v1	1095194
GCA_041941825.1_ASM4194182v1	290576
GCA_045682585.1_ASM4568258v1	145971
GCA_045682895.1_ASM4568289v1	145971
GCA_047496665.1_ASM4749666v1	1346603
GCA_050229435.1_ASM5022943v1	1051617
GCA_050229775.1_ASM5022977v1	27337
GCA_051380545.1_ASM5138054v1	690256
GCA_052571225.1_ASM5257122v1	1051616
GCA_054182925.1_ASM5418292v1	27337
GCA_054857745.1_ASM5485774v1	145971
GCA_054858635.1_ASM5485863v1	145971
GCA_054999535.1_ASM5499953v1	100787
GCA_055672545.1_CFIL02	2940390
GCA_057627345.1_ASM5762734v1	306554
GCA_057627525.1_ASM5762752v1	306554
GCA_057627705.1_ASM5762770v1	703756
GCA_057627875.1_ASM5762787v1	912112
GCA_057924395.1_ASM5792439v1	710243
GCA_057924735.1_ASM5792473v1	1209918
GCA_058130255.1_ASM5813025v1	3020405
GCA_058130435.1_ASM5813043v1	2903982
GCA_059631605.1_CFIL03	2940390
GCA_060231475.1_6B	343994
GCF_001831195.1_CORC01	1209926
GCF_014235925.2_CTRU02v2	5467
GCF_030869225.1_CABS01	1671311
GCA_000222875.2_PerIpo_1.0	1037531
GCA_000260075.2_FO_HDV247_V1	1080344
GCA_000331835.2_GD12v2	1247866
GCA_000448365.1_ASM44836v1	911162
GCA_000729835.1_AhypB4728v1	47741
GCA_000733055.3_FusOxp_1.0	5507
GCA_000769295.1_Fave_LH27	40199
GCA_000935225.1_ASM93522v1	307937
GCA_000974265.2_CS3270v5.4	101028
GCA_001023045.1_ASM102304v1	5127
GCA_001305495.1_Nd305p1.0	78410
GCA_001599515.1_JCM_11502_assembly_v001	249398
GCA_001636735.1_BBO_1.0	1081107
GCA_001653215.1_ASM165321v1	2714763
GCA_001680605.1_ASM168060v1	232082
GCA_001684225.1_ASM168422v1	176275
GCA_001702655.1_Foc035	5508
GCA_001702875.1_Fol004	59765
GCA_001703065.1_Fol072	59765
GCA_001703295.1_Fom011	61369
GCA_001717835.1_ASM171783v1	282267
GCA_001888865.1_ASM188886v1	120296
GCA_002022785.1_ASM202278v1	1491466
GCA_002215905.1_ASM221590v1	169388
GCA_002233895.1_Fogla_G2	113634
GCA_002234085.1_Fomel_001	120296
GCA_002234255.1_Na10	451674
GCA_002591405.1_OphauG2	1399860
GCA_002871155.1_ASM287115v1	176275
GCA_002916505.1_ASM291650v1	94208
GCA_002991585.1_ASM299158v1	1079131
GCA_003012285.1_Fusarium_longipes_NRRL20695_FLONG3_contigs	694270
GCA_003031705.1_ASM303170v1	182846
GCA_003056565.1_ASM305656v1	1964301
GCA_003316975.2_ASM331697v2	117187
GCA_003385265.1_ASM338526v1	78402
GCA_003615165.1_Fo_CB3_v1	5507
GCA_003704875.1_ASM370487v1	948311
GCA_003709395.1_ASM370939v1	5507
GCA_003945665.1_ASM394566v1	29910
GCA_004016095.1_ASM401609v1	5111
GCA_004026385.1_ASM402638v1	984957
GCA_004292535.1_ASM429253v1	5507
GCA_004367155.1_FIESC_5_NRRL_66337_ITEM_11348	2594811
GCA_004380965.1_ASM438096v1	1868870
GCA_005930515.1_ASM593051v1	61366
GCA_008271525.1_CATAS_Sbra_1.0	1686168
GCA_009297445.1_ASM929744v1	5507
GCA_009297625.1_ASM929762v1	5507
GCA_009297785.1_ASM929778v1	5507
GCA_009297985.1_ASM929798v1	5507
GCA_009298175.1_ASM929817v1	5507
GCA_009298315.1_ASM929831v1	5507
GCA_009298505.1_ASM929850v1	5507
GCA_009298685.1_ASM929868v1	5507
GCA_009298875.1_ASM929887v1	5507
GCA_009299045.1_ASM929904v1	5507
GCA_009299215.1_ASM929921v1	5507
GCA_009602635.1_ASM960263v1	61374
GCA_009755825.1_UMASS_Fom_PHW726_1	96317
GCA_011032855.1_ASM1103285v1	5507
GCA_011033535.1_ASM1103353v1	5507
GCA_011033715.1_ASM1103371v1	5507
GCA_011033895.1_ASM1103389v1	5507
GCA_011034095.1_ASM1103409v1	2778371
GCA_011034265.1_ASM1103426v1	5507
GCA_011034515.1_ASM1103451v1	5507
GCA_011034675.1_ASM1103467v1	5507
GCA_011034875.1_ASM1103487v1	5507
GCA_011035055.1_ASM1103505v1	5507
GCA_011035265.1_ASM1103526v1	5507
GCA_011035455.1_ASM1103545v1	5507
GCA_011035645.1_ASM1103564v1	5507
GCA_011035835.1_ASM1103583v1	5507
GCA_011036015.1_ASM1103601v1	2778375
GCA_011036205.1_ASM1103620v1	5507
GCA_011036365.1_ASM1103636v1	5507
GCA_011036545.1_ASM1103654v1	5507
GCA_011036725.1_ASM1103672v1	1715230
GCA_011036905.1_ASM1103690v1	2778375
GCA_011037735.1_ASM1103773v1	5507
GCA_011421325.1_ASM1142132v1	1715230
GCA_011426295.1_ASM1142629v1	1199091
GCA_012184525.1_ASM1218452v1	1036759
GCA_012931995.1_ASM1293199v1	1237068
GCA_012977755.1_ASM1297775v1	457084
GCA_013168825.2_ASM1316882v2	48490
GCA_013184375.1_ASM1318437v1	1567543
GCA_013186755.1_ASM1318675v1	48487
GCA_013186925.1_ASM1318692v1	42666
GCA_013305495.1_ASM1330549v1	5530
GCA_013347525.1_WSU_Fus059	120042
GCA_013363205.1_ASM1336320v1	1325736
GCA_013396025.1_ASM1339602v1	47803
GCA_013403825.1_ASM1340382v1	2064841
GCA_013423235.1_ASM1342323v1	120040
GCA_013618375.1_ASM1361837v1	5516
GCA_013623515.1_ASM1362351v1	131364
GCA_013623685.1_ASM1362368v1	2267551
GCA_013624395.1_ASM1362439v1	2736616
GCA_013758985.1_ASM1375898v1	948311
GCA_013839505.1_ASM1383950v1	5530
GCA_014324575.1_ASM1432457v1	5507
GCA_014324755.1_ASM1432475v1	5507
GCA_014324935.1_ASM1432493v1	5507
GCA_014325135.1_ASM1432513v1	5507
GCA_014468695.1_ASM1446869v1	1491472
GCA_014622015.1_ASM1462201v1	182845
GCA_014822065.1_ASM1482206v1	282272
GCA_014839745.1_ASM1483974v1	101201
GCA_014885045.1_ASM1488504v1	2776169
GCA_014899045.1_ASM1489904v1	680193
GCA_015228055.1_ASM1522805v1	120042
GCA_016163855.1_USDA_NRF0833_v1	100903
GCA_016164075.1_USDA_N-10226_v1	5507
GCA_016165945.1_USDA_GL1804_v1	1940294
GCA_016166135.1_USDA_GL1268_v1	100903
GCA_016166335.1_USDA_BRIP62106a_v1	100903
GCA_016170095.2_USDA_GL1381_v2	100903
GCA_016859205.1_FoPvo1	5507
GCA_017140785.1_ASM1714078v1	75811
GCA_017654645.1_ASM1765464v1	2212625
GCA_017656675.1_ASM1765667v1	1571107
GCA_017656835.1_ASM1765683v1	569362
GCA_017657025.1_ASM1765702v1	282268
GCA_018104275.1_ASM1810427v1	179993
GCA_018219615.1_ASM1821961v1	5518
GCA_018219795.1_ASM1821979v1	5518
GCA_018345315.1_ASM1834531v1	5518
GCA_018345485.1_ASM1834548v1	5518
GCA_018345675.1_ASM1834567v1	5518
GCA_018345865.1_ASM1834586v1	5518
GCA_018346035.1_ASM1834603v1	5518
GCA_018346245.1_ASM1834624v1	5518
GCA_018346425.1_ASM1834642v1	5518
GCA_018346585.1_ASM1834658v1	5518
GCA_018346775.1_ASM1834677v1	5518
GCA_018360085.1_CSU_LM583_v1	1623583
GCA_018360275.1_CSU_LM458_v1	2559231
GCA_018360465.1_CSU_LM576_v1	1294629
GCA_018360655.1_CSU_LM233_v1	5111
GCA_018360835.1_CSU_LM30_v1	5111
GCA_018361025.1_CSU_Clav52_v1	1967640
GCA_019054615.1_ASM1905461v1	5514
GCA_019054785.1_ASM1905478v1	61235
GCA_019055015.1_ASM1905501v1	61235
GCA_019055205.1_ASM1905520v1	56641
GCA_019097725.1_SYAU_Tha_1.0	5544
GCA_019189625.1_ASM1918962v1	48484
GCA_019343145.1_ASM1934314v1	5518
GCA_019593505.1_ASM1959350v1	120297
GCA_019721165.1_ASM1972116v1	120297
GCA_019843785.1_ASM1984378v1	48865
GCA_020137435.1_ASM2013743v1	2720561
GCA_020647635.1_ASM2064763v1	29875
GCA_020744155.1_Ilyeu1	2824670
GCA_020809705.1_ASM2080970v1	182845
GCA_020975735.1_ASM2097573v1	1379400
GCA_020976025.1_ASM2097602v1	61369
GCA_020976195.1_ASM2097619v1	61369
GCA_020976375.1_ASM2097637v1	61369
GCA_020976685.1_ASM2097668v1	5507
GCA_021019095.1_ASM2101909v1	182845
GCA_021019295.1_ASM2101929v1	182845
GCA_021347865.1_ASM2134786v1	2666182
GCA_021533815.1_ASM2153381v1	2820125
GCA_022114105.1_ASM2211410v1	2730933
GCA_022627115.1_ASM2262711v1	48484
GCA_022684765.1_ASM2268476v1	176275
GCA_022813585.1_ASM2281358v1	58853
GCA_022985055.1_ASM2298505v1	931006
GCA_023015535.1_ASM2301553v1	182845
GCA_023509875.1_ASM2350987v1	144049
GCA_023634465.1_ASM2363446v1	29875
GCA_023658615.1_ASM2365861v1	5113
GCA_024198275.1_ASM2419827v1	35717
GCA_024340505.1_ASM2434050v1	38003
GCA_024472245.1_BJJ-GSMG	2962708
GCA_025177805.1_ASM2517780v1	5507
GCA_025203075.1_ASM2520307v1	121232
GCA_025215805.1_ASM2521580v1	5507
GCA_025215985.1_ASM2521598v1	5507
GCA_025216165.1_ASM2521616v1	5507
GCA_025216345.1_ASM2521634v1	61374
GCA_025216525.1_ASM2521652v1	61374
GCA_025216705.1_ASM2521670v1	61369
GCA_025216905.1_ASM2521690v1	61366
GCA_025217105.1_ASM2521710v1	59765
GCA_025266885.1_ASM2526688v1	120297
GCA_025267675.1_ASM2526767v1	121232
GCA_025427465.1_ASM2542746v1	282267
GCA_025428825.1_ASM2542882v1	5518
GCA_025583755.1_ASM2558375v1	45847
GCA_026212305.1_COM_1000	120297
GCA_026401185.1_ASM2640118v1	490622
GCA_026769995.1_ASM2676999v1	29856
GCA_027569955.1_ASM2756995v1	2989763
GCA_027886225.1_ASM2788622v1	2747967
GCA_027945335.1_F_oxy_CF00165	5507
GCA_027945555.1_F_oxy_CF00132	5507
GCA_029168975.1_ASM2916897v1	1247861
GCA_029292915.1_ASM2929291v1	1907519
GCA_029299895.1_ASM2929989v1	1756110
GCA_030014125.1_ASM3001412v1	169388
GCA_030370825.1_UoG_IR.ND1BC16-2_1.0	1079257
GCA_030371055.1_UoG_IMP.ND3P14-1_1.0	1079131
GCA_030406955.1_ASM3040695v1	176275
GCA_030411595.1_ASM3041159v1	931006
GCA_030719095.1_ASM3071909v1	61374
GCA_030770625.1_ASM3077062v1	176275
GCA_030772035.1_ASM3077203v1	176275
GCA_030772255.1_ASM3077225v1	176275
GCA_030772495.1_ASM3077249v1	176275
GCA_030772675.1_ASM3077267v1	176275
GCA_030772855.1_ASM3077285v1	176275
GCA_030777485.1_ASM3077748v1	176275
GCA_030777665.1_ASM3077766v1	176275
GCA_030777865.1_ASM3077786v1	176275
GCA_030778185.1_ASM3077818v1	43265
GCA_030778605.1_ASM3077860v1	176275
GCA_030778945.1_ASM3077894v1	176275
GCA_030779195.1_ASM3077919v1	176275
GCA_030779485.1_ASM3077948v1	176275
GCA_030779905.1_ASM3077990v1	931006
GCA_030780185.1_ASM3078018v1	43265
GCA_030780465.1_ASM3078046v1	176275
GCA_030780645.1_ASM3078064v1	2993624
GCA_030780825.1_ASM3078082v1	931006
GCA_030781105.1_ASM3078110v1	176275
GCA_030781485.1_ASM3078148v1	43265
GCA_030781825.1_ASM3078182v1	2714763
GCA_030782145.1_ASM3078214v1	176275
GCA_030782325.1_ASM3078232v1	176275
GCA_030782625.1_ASM3078262v1	43265
GCA_030782885.1_ASM3078288v1	931006
GCA_030783285.1_ASM3078328v1	2993629
GCA_030783645.1_ASM3078364v1	1069075
GCA_030783885.1_ASM3078388v1	176275
GCA_030784505.1_ASM3078450v1	176275
GCA_030784925.1_ASM3078492v1	176275
GCA_030785975.1_ASM3078597v1	2714763
GCA_030786985.1_ASM3078698v1	176275
GCA_030787175.1_ASM3078717v1	931006
GCA_030787535.1_ASM3078753v1	176275
GCA_030788315.1_ASM3078831v1	176275
GCA_030789205.1_ASM3078920v1	176275
GCA_030789445.1_ASM3078944v1	176275
GCA_030789625.1_ASM3078962v1	931006
GCA_031834405.1_ASM3183440v1	660034
GCA_032353995.1_ASM3235399v1	118266
GCA_032354175.1_ASM3235417v1	176275
GCA_032355295.1_ASM3235529v1	282269
GCA_032884055.1_ASM3288405v1	5507
GCA_033782975.1_ASM3378297v1	249398
GCA_034641985.1_ASM3464198v1	5507
GCA_035772955.1_ASM3577295v1	169388
GCA_036873115.1_ASM3687311v1	1718849
GCA_037126525.1_ASM3712652v1	178565
GCA_037255895.1_ASM3725589v1	5518
GCA_037953715.1_ASM3795371v1	3123294
GCA_038428105.1_LNBR_Br_TrR03	51453
GCA_040112915.1_ASM4011291v1	117187
GCA_040113455.1_ASM4011345v1	117187
GCA_040113655.1_ASM4011365v1	117187
GCA_040113795.1_ASM4011379v1	117187
GCA_040113985.1_ASM4011398v1	117187
GCA_040114185.1_ASM4011418v1	948311
GCA_040543115.1_ASM4054311v1	284136
GCA_040938085.1_ASM4093808v1	5507
GCA_041296245.1_ASM4129624v1	1325723
GCA_041430675.1_ASM4143067v1	117187
GCA_042257875.1_ASM4225787v1	2682914
GCA_043174575.1_ASM4317457v1	282267
GCA_043174905.1_ASM4317490v1	282267
GCA_043175295.1_ASM4317529v1	282267
GCA_043175635.1_ASM4317563v1	282267
GCA_043175985.1_ASM4317598v1	282267
GCA_043176295.1_ASM4317629v1	282267
GCA_043176695.1_ASM4317669v1	282267
GCA_043252145.1_ASM4325214v1	282267
GCA_043252585.1_ASM4325258v1	282267
GCA_043252925.1_ASM4325292v1	282267
GCA_043253225.1_ASM4325322v1	282267
GCA_043253545.1_ASM4325354v1	282267
GCA_043253865.1_ASM4325386v1	282267
GCA_043254135.1_ASM4325413v1	282267
GCA_043254465.1_ASM4325446v1	282267
GCA_043254765.1_ASM4325476v1	282267
GCA_043255065.1_ASM4325506v1	282267
GCA_043255345.1_ASM4325534v1	282267
GCA_043255665.1_ASM4325566v1	282267
GCA_043255965.1_ASM4325596v1	282267
GCA_043256225.1_ASM4325622v1	282267
GCA_043256505.1_ASM4325650v1	282267
GCA_043256785.1_ASM4325678v1	282267
GCA_043257125.1_ASM4325712v1	282267
GCA_043257405.1_ASM4325740v1	282267
GCA_043257705.1_ASM4325770v1	282267
GCA_043257985.1_ASM4325798v1	282267
GCA_044120865.1_ASM4412086v1	1926264
GCA_044646215.1_ASM4464621v1	5544
GCA_044646775.1_ASM4464677v1	169388
GCA_044647265.1_ASM4464726v1	249398
GCA_045526835.1_TL_AS_CBS410.67	1053015
GCA_045528905.1_TL_CA_CBS110655	78413
GCA_045529245.1_TL_MP_CBS125496	2821657
GCA_045529525.1_TL_TD_CBS134034	1053259
GCA_045786945.1_ASM4578694v1	299031
GCA_045838095.1_ASM4583809v1	299031
GCA_046127165.1_ASM4612716v1	49224
GCA_046629995.1_ASM4662999v1	49224
GCA_046863475.1_ASM4686347v1	1620687
GCA_046866165.1_ASM4686616v1	5113
GCA_047301935.1_E6358Bt-2_Denovo_Mas339_Scaffolds	35717
GCA_047716415.1_ASM4771641v1	51453
GCA_048414715.1_ASM4841471v1	42676
GCA_049306905.1_FoV-VCG-01112	61374
GCA_049901675.1_ASM4990167v1	2494460
GCA_050437055.1_ASM5043705v1	5548
GCA_050613635.1_ASM5061363v1	1147111
GCA_050883565.1_ASM5088356v1	5507
GCA_050948275.1_ASM5094827v1	3417450
GCA_051380515.1_ASM5138051v1	948311
GCA_051527435.1_YNP37	5113
GCA_051527655.1_YNP25	38005
GCA_051527835.1_YNP16	3120200
GCA_051528535.1_YNP87	93593
GCA_051528715.1_YNP79	132584
GCA_051528895.1_YNP71	150358
GCA_051529115.1_YNP61	264482
GCA_051529295.1_YNP53	2651840
GCA_051529475.1_YNP35	5111
GCA_051557965.1_ASM5155796v1	63577
GCA_051819845.1_Tricec1	1491460
GCA_051820595.1_Tribar1	911154
GCA_051943205.1_ASM5194320v1	61374
GCA_052058355.1_ASM5205835v1	101201
GCA_052324445.1_FUSAVN_6837	247126
GCA_052570145.1_ASM5257014v1	5547
GCA_052570455.1_ASM5257045v1	5523
GCA_052570805.1_ASM5257080v1	5516
GCA_052814595.1_ASM5281459v1	679434
GCA_052857265.1_ASM5285726v1	61235
GCA_053539405.1_BnamMY3957_Illumina	2857483
GCA_053754965.1_ASM5375496v1	61366
GCA_053895205.1_ASM5389520v1	5518
GCA_054130785.1_ASM5413078v1	251360
GCA_054274255.1_ASM5427425v1	500148
GCA_054643155.1_ASM5464315v1	5507
GCA_054857865.1_ASM5485786v1	5507
GCA_055476185.1_ASM5547618v1	5518
GCA_055682665.1_ASM5568266v1	100903
GCA_055801755.1_ASM5580175v1	169388
GCA_056149075.1_ASM5614907v1	3401220
GCA_056582445.1_ASM5658244v1	78410
GCA_056881905.1_ASM5688190v1	381446
GCA_057190295.1_BneoMY3181_Illumina	2857484
GCA_057662235.1_ASM5766223v1	3435394
GCA_057674085.1_ASM5767408v1	3469075
GCA_057674425.1_ASM5767442v1	3469074
GCA_057674785.1_ASM5767478v1	2951228
GCA_057675105.1_ASM5767510v1	1325736
GCA_057675485.1_ASM5767548v1	2951228
GCA_057675785.1_ASM5767578v1	1715230
GCA_057676105.1_ASM5767610v1	2951362
GCA_057978495.1_Crustfungi4_Tricho	3688268
GCA_058369715.1_StYLS	3685591
GCA_059056295.1_ASM5905629v1	100903
GCA_059629185.1_ASM5962918v1	948311
GCA_059698625.1_ASM5969862v1	5127
GCA_059933775.1_ASM5993377v1	983339
GCA_060307255.1_ASM6030725v1	63577
GCA_060352655.1_Fp322	36050
GCA_060353025.1_ASM6035302v1	36050
GCA_060353385.1_ASM6035338v1	36050
GCA_060353755.1_ASM6035375v1	36050
GCA_060354135.1_ASM6035413v1	36050
GCA_060354495.1_ASM6035449v1	36050
GCA_060354835.1_ASM6035483v1	36050
GCA_060355155.1_DAOMC_170924	36050
GCA_900096645.1_version_1	5127
GCA_900312805.1_Ft_NRRL22747_version_1	33205
GCA_902077795.2_C_rhizophaga_906-72A	160324
GCA_910393935.1_fusarium_equiseti_K3	61235
GCA_959609175.1_Fp_DSM106835	948311
GCA_978021795.1_ASM240196	118266
GCF_000151355.1_v2.0	660122
GCF_000687475.1_ASM68747v2	1159556
GCF_003025095.1_Triha_v1.0	983964
GCF_013426205.1_ASM1342620v1	500148
GCF_020744385.1_Fuseq1	2675880
GCF_026873545.1_ASM2687354v1	195108
GCF_050948025.1_Tricam1	1738374
GCA_000292605.2_PoP131	1143193
GCA_000734155.1_Mo4403.2	318829
GCA_000734325.1_MoCQ11	318829
GCA_000734525.1_ASM73452v1	318829
GCA_000734705.1_ASM73470v1	318829
GCA_001548795.1_DS9461	148305
GCA_001936055.1_ASM193605v1	1758317
GCA_002105295.1_ASM210529v1	318829
GCA_002368475.1_ASM236847v1	318829
GCA_002924785.1_ASM292478v1	318829
GCA_002924965.1_ASM292496v1	318829
GCA_002925145.1_ASM292514v1	318829
GCA_002925325.1_ASM292532v1	318829
GCA_003015385.1_ASM301538v1	318829
GCA_003015555.1_ASM301555v1	318829
GCA_003015745.1_ASM301574v1	318829
GCA_003015935.1_ASM301593v1	318829
GCA_003016105.1_ASM301610v1	318829
GCA_003016275.1_ASM301627v1	318829
GCA_003016505.1_ASM301650v1	318829
GCA_003016705.1_ASM301670v1	318829
GCA_003016875.1_ASM301687v1	318829
GCA_003017045.1_ASM301704v1	318829
GCA_003049435.1_ASM304943v1	165778
GCA_012490805.1_ASM1249080v1	318829
GCA_012978465.1_ASM1297846v1	318829
GCA_013423165.1_ASM1342316v1	318829
GCA_021442365.1_FMB_K23123	318829
GCA_024704055.1_ASM2470405v1	318829
GCA_024704275.1_ASM2470427v1	318829
GCA_024704505.1_ASM2470450v1	318829
GCA_025135345.1_ZJG1M_oryza	318829
GCA_025727595.1_ASM2572759v1	318829
GCA_031002315.1_ASM3100231v1	318829
GCA_031306095.1_ASM3130609v1	3044413
GCA_036172685.1_TF05-1MC7Ref1	318829
GCA_046629885.1_UK_UFVPY166	318829
GCA_047323855.1_ASM4732385v1	318829
GCA_049355375.1_ASM4935537v1	318829
GCA_050140975.1_ASM5014097v1	318829
GCA_050141285.1_ASM5014128v1	318829
GCA_051938735.1_ASM5193873v1	36779
GCA_052855865.1_ASM5285586v1	318829
GCA_052856125.1_ASM5285612v1	318829
GCA_052856375.1_ASM5285637v1	318829
GCA_052856615.1_ASM5285661v1	318829
GCA_052856835.1_ASM5285683v1	318829
GCA_052857065.1_ASM5285706v1	318829
GCA_052857455.1_ASM5285745v1	318829
GCA_052857695.1_ASM5285769v1	318829
GCA_052857915.1_ASM5285791v1	318829
GCA_052858125.1_ASM5285812v1	318829
GCA_052858375.1_ASM5285837v1	318829
GCA_055472325.1_ASM5547232v1	318829
GCA_055472515.1_ASM5547251v1	318829
GCA_055689515.1_ASM5568951v1	318829
GCA_055697875.1_ASM5569787v1	318829
GCA_057381395.1_ASM5738139v1	318829
GCA_059469275.1_ASM5946927v1	318829
GCA_905067025.2_AG006_contigs_polished	318829
GCF_004337985.1_PpBr36	1578925
GCA_000978885.1_ASM97888v1	88771
GCA_001599615.1_JCM_6020_assembly_v001	1346820
GCA_002158515.1_SaHDO1_v1	563466
GCA_002778035.1_ASM277803v1	44383
GCA_009806295.1_ASM980629v1	1580836
GCA_017657125.1_ASM1765712v1	561152
GCA_027563905.1_ASM2756390v1	2035830
GCA_030411695.1_ASM3041169v1	561152
GCA_037040375.1_ASM3704037v1	3092710
GCA_038382385.1_ASM3838238v1	3111919
GCA_038382785.1_ASM3838278v1	2019550
GCA_038406795.1_ASM3840679v1	600623
GCA_038407005.1_ASM3840700v1	3112611
GCA_038407175.1_ASM3840717v1	124036
GCA_048999915.1_ASM4899991v1	2035830
GCA_055472015.1_ASM5547201v1	3097373
GCA_058095755.1_UMB_ScBoyd479_1.0	5597
GCA_982397445.1_T5-F	1527159
GCA_001513895.1_CLC_Genomic_Workbench	67622
GCA_002778075.1_ASM277807v1	360150
GCA_002837075.1_SsEM7_V1	29908
GCA_016097075.2_SPHA_v1.1	363582
GCA_019925475.1_ASM1992547v1	5163
GCA_020002325.1_ASM2000232v1	2745882
GCA_021396295.1_ASM2139629v1	545651
GCA_022392945.1_ASM2239294v1	2306442
GCA_029298855.1_OphPop_1.0	2075204
GCA_029299165.1_OphHim_1.0	61193
GCA_050491845.1_ASM5049184v1	100367
GCA_059295435.1_KOW3.KACC44405.ONT	1423150
GCA_059338765.1_ASM5933876v1	29908
GCA_977058945.1_wilhelmomyces_CCF6802	3687792
GCA_051996655.1_ASM5199665v1	3414986
GCA_007478085.1_ASM747808v1	5141
GCA_009801335.1_ASM980133v1	2304651
GCA_009801615.1_ASM980161v1	29881
GCA_009801855.1_ASM980185v1	94610
GCA_009802075.1_ASM980207v1	2304651
GCA_009802375.1_ASM980237v1	2304649
GCA_009802575.1_ASM980257v1	2304650
GCA_009802805.1_ASM980280v1	94610
GCA_009803135.1_ASM980313v1	94610
GCA_009803325.1_ASM980332v1	29881
GCA_009803595.1_ASM980359v1	2304651
GCA_009803805.1_ASM980380v1	29879
GCA_009804105.1_ASM980410v1	29879
GCA_009804315.1_ASM980431v1	2304651
GCA_009804605.1_ASM980460v1	29879
GCA_009804825.1_ASM980482v1	2306350
GCA_009805115.1_ASM980511v1	94610
GCA_009805365.1_ASM980536v1	2306337
GCA_009806085.1_ASM980608v1	29881
GCA_009861565.1_ASM986156v1	100816
GCA_020736525.1_Chame1	2821753
GCA_023628535.1_ASM2362853v1	38033
GCA_027943155.1_CBS815.71-sp3	343501
GCA_030512305.1_Cersam1	330535
GCA_033296695.1_Stalo1	2831512
GCA_033297175.1_Clasp332_1	3039815
GCA_033439775.1_Poddi1	330526
GCA_034768225.1_ASM3476822v1	5142
GCA_040285455.1_ASM4028545v1	2587388
GCA_042257515.1_Mycth1	85995
GCA_050705375.1_ASM5070537v1	3385123
GCA_050706335.1_ASM5070633v1	3385123
GCA_050706715.1_ASM5070671v1	3385119
GCA_050707055.1_ASM5070705v1	343501
GCA_050707355.1_ASM5070735v1	343501
GCA_050707715.1_ASM5070771v1	3385839
GCA_050708055.1_ASM5070805v1	3385839
GCA_050708395.1_ASM5070839v1	3385841
GCA_050708735.1_ASM5070873v1	3385118
GCA_050709055.1_ASM5070905v1	3385123
GCA_050709435.1_ASM5070943v1	3415313
GCA_050709755.1_ASM5070975v1	3385123
GCA_054643205.1_ASM5464320v1	3569803
GCA_057978885.1_Crustfungi10_Chaeto	3688274
GCA_958302945.1_Vill-A1-3	5141
GCF_020726465.1_Chagl1	1854479
GCF_033870435.1_ASM3387043v1	5147
GCA_018873225.1_ASM1887322v1	2796495
GCA_001600575.1_JCM_8837_assembly_v001	1635097
GCA_002749545.1_ASM274954v1	743301
GCA_004154975.1_ASM415497v1	2211646
GCA_004768795.1_ASM476879v1	37992
GCA_021209685.1_ASM2120968v1	77044
GCA_022385605.1_XylFL0594	2614590
GCA_022432505.1_Plecto1	1907220
GCA_022495055.1_Xylgra1	363999
GCA_022496955.1_KdCBS826_1	110526
GCA_022578505.1_Nemabo1	561989
GCA_022578705.1_XylFL1019	2614591
GCA_022578875.1_Hypcro1	326657
GCA_022660935.1_E_lata_AL1-65	97096
GCA_022661325.1_E_lata_ADSC300	97096
GCA_022661475.1_E_lata_OR019	97096
GCA_022661665.1_E_lata_L003	97096
GCA_022661835.1_E_lata_B001	97096
GCA_023065755.1_DallocAZ0526_2	103429
GCA_025201785.1_Xyllon1	114818
GCA_028566675.1_ASM2856667v1	110540
GCA_029590615.1_Nemania_bipapillata_reassambly_v1	110536
GCA_040104375.1_ASM4010437v1	2857486
GCA_051403495.1_ASM5140349v1	3127341
GCA_054134705.1_ASM5413470v1	3421219
GCA_059101705.1_ASM5910170v1	5520
GCA_902806505.1_Hl	1756826
GCA_963556695.1_KHLLAP	933095
GCF_022478825.1_Dalcal1	326644
GCA_030561065.1_ASM3056106v1	54093
GCA_003717155.1_ASM371715v1	27332
GCA_005281535.1_ASM528153v1	203082
GCA_011751505.1_ASM1175150v1	1326890
GCA_030574495.1_ASM3057449v1	45533
